Change,Id,AegisName,Name,Category,Reason
Added,1100,Taurus_Sword_J,Taurus Sword,Weapons,Previously omitted; valid in active Renewal DB and supplied client itemInfo.lua
Added,1102,Sword_,Sword,Weapons,Previously omitted; valid in active Renewal DB and supplied client itemInfo.lua
Added,1103,Sword__,Sword,Weapons,Previously omitted; valid in active Renewal DB and supplied client itemInfo.lua
Added,1104,Falchion,Falchion,Weapons,Previously omitted; valid in active Renewal DB and supplied client itemInfo.lua
Added,1105,Falchion_,Falchion,Weapons,Previously omitted; valid in active Renewal DB and supplied client itemInfo.lua
Added,1106,Falchion__,Falchion,Weapons,Previously omitted; valid in active Renewal DB and supplied client itemInfo.lua
Added,1108,Blade_,Blade,Weapons,Previously omitted; valid in active Renewal DB and supplied client itemInfo.lua
Added,1109,Blade__,Blade,Weapons,Previously omitted; valid in active Renewal DB and supplied client itemInfo.lua
Added,1110,Lapier,Rapier,Weapons,Previously omitted; valid in active Renewal DB and supplied client itemInfo.lua
Added,1111,Lapier_,Rapier,Weapons,Previously omitted; valid in active Renewal DB and supplied client itemInfo.lua
Added,1112,Lapier__,Rapier,Weapons,Previously omitted; valid in active Renewal DB and supplied client itemInfo.lua
Added,1114,Scimiter_,Scimitar,Weapons,Previously omitted; valid in active Renewal DB and supplied client itemInfo.lua
Added,1116,Katana,Katana,Weapons,Previously omitted; valid in active Renewal DB and supplied client itemInfo.lua
Added,1117,Katana_,Katana,Weapons,Previously omitted; valid in active Renewal DB and supplied client itemInfo.lua
Added,1120,Tsurugi_,Tsurugi,Weapons,Previously omitted; valid in active Renewal DB and supplied client itemInfo.lua
Added,1121,Tsurugi__,Tsurugi,Weapons,Previously omitted; valid in active Renewal DB and supplied client itemInfo.lua
Added,1124,Orcish_Sword,Orcish Sword,Weapons,Previously omitted; valid in active Renewal DB and supplied client itemInfo.lua
Added,1125,Ring_Pommel_Saber_,Ring Pommel Saber,Weapons,Previously omitted; valid in active Renewal DB and supplied client itemInfo.lua
Added,1127,Saber_,Saber,Weapons,Previously omitted; valid in active Renewal DB and supplied client itemInfo.lua
Added,1128,Hae_Dong_Gum_,Haedonggum,Weapons,Previously omitted; valid in active Renewal DB and supplied client itemInfo.lua
Added,1129,Flamberge,Flamberge,Weapons,Previously omitted; valid in active Renewal DB and supplied client itemInfo.lua
Added,1130,Nagan,Nagan,Weapons,Previously omitted; valid in active Renewal DB and supplied client itemInfo.lua
Added,1131,Ice_Falchon,Ice Falchion,Weapons,Previously omitted; valid in active Renewal DB and supplied client itemInfo.lua
Added,1132,Edge,Edge,Weapons,Previously omitted; valid in active Renewal DB and supplied client itemInfo.lua
Added,1133,Fire_Brand,Fireblend,Weapons,Previously omitted; valid in active Renewal DB and supplied client itemInfo.lua
Added,1134,Scissores_Sword,Caesar's Sword,Weapons,Previously omitted; valid in active Renewal DB and supplied client itemInfo.lua
Added,1135,Cutlas,Cutlus,Weapons,Previously omitted; valid in active Renewal DB and supplied client itemInfo.lua
Added,1136,Solar_Sword,Solar Sword,Weapons,Previously omitted; valid in active Renewal DB and supplied client itemInfo.lua
Added,1137,Excalibur,Excalibur,Weapons,Previously omitted; valid in active Renewal DB and supplied client itemInfo.lua
Added,1138,Mysteltainn_,Mysteltainn,Weapons,Previously omitted; valid in active Renewal DB and supplied client itemInfo.lua
Added,1140,Byeorrun_Gum,Byeollungum,Weapons,Previously omitted; valid in active Renewal DB and supplied client itemInfo.lua
Added,1141,Immaterial_Sword,Immaterial Sword,Weapons,Previously omitted; valid in active Renewal DB and supplied client itemInfo.lua
Added,1145,Holy_Avenger,Holy Avenger,Weapons,Previously omitted; valid in active Renewal DB and supplied client itemInfo.lua
Added,1147,Town_Sword_,Town Sword,Weapons,Previously omitted; valid in active Renewal DB and supplied client itemInfo.lua
Added,1148,Star_Dust_Blade,Star Dust Blade,Weapons,Previously omitted; valid in active Renewal DB and supplied client itemInfo.lua
Added,1152,Slayer_,Slayer,Weapons,Previously omitted; valid in active Renewal DB and supplied client itemInfo.lua
Added,1153,Slayer__,Slayer,Weapons,Previously omitted; valid in active Renewal DB and supplied client itemInfo.lua
Added,1155,Bastard_Sword_,Bastard Sword,Weapons,Previously omitted; valid in active Renewal DB and supplied client itemInfo.lua
Added,1156,Bastard_Sword__,Bastard Sword,Weapons,Previously omitted; valid in active Renewal DB and supplied client itemInfo.lua
Added,1157,Two_Hand_Sword,Two-Handed Sword,Weapons,Previously omitted; valid in active Renewal DB and supplied client itemInfo.lua
Added,1158,Two_Hand_Sword_,Two-Handed Sword,Weapons,Previously omitted; valid in active Renewal DB and supplied client itemInfo.lua
Added,1160,Broad_Sword,Broad Sword,Weapons,Previously omitted; valid in active Renewal DB and supplied client itemInfo.lua
Added,1162,Broad_Sword_,Broad Sword,Weapons,Previously omitted; valid in active Renewal DB and supplied client itemInfo.lua
Added,1163,Claymore,Claymore,Weapons,Previously omitted; valid in active Renewal DB and supplied client itemInfo.lua
Added,1164,Muramasa,Muramasa,Weapons,Previously omitted; valid in active Renewal DB and supplied client itemInfo.lua
Added,1165,Masamune,Masamune,Weapons,Previously omitted; valid in active Renewal DB and supplied client itemInfo.lua
Added,1166,Dragon_Slayer,Dragon Slayer,Weapons,Previously omitted; valid in active Renewal DB and supplied client itemInfo.lua
Added,1167,Schweizersabel,Schweizersabel,Weapons,Previously omitted; valid in active Renewal DB and supplied client itemInfo.lua
Added,1168,Zweihander,Zweihander,Weapons,Previously omitted; valid in active Renewal DB and supplied client itemInfo.lua
Added,1169,Executioner_,Executioner,Weapons,Previously omitted; valid in active Renewal DB and supplied client itemInfo.lua
Added,1170,Katzbalger,Katzbalger,Weapons,Previously omitted; valid in active Renewal DB and supplied client itemInfo.lua
Added,1173,Muramasa_C,Muramasa,Weapons,Previously omitted; valid in active Renewal DB and supplied client itemInfo.lua
Added,1174,Executioner_C,Executioner,Weapons,Previously omitted; valid in active Renewal DB and supplied client itemInfo.lua
Added,1175,Altas_Weapon,Atlas Weapon,Weapons,Previously omitted; valid in active Renewal DB and supplied client itemInfo.lua
Added,1176,Muscle_Cutter,Muscle Cutter,Weapons,Previously omitted; valid in active Renewal DB and supplied client itemInfo.lua
Added,1181,Tae_Goo_Lyeon,Tae Goo Lyeon,Weapons,Previously omitted; valid in active Renewal DB and supplied client itemInfo.lua
Added,1182,Bloody_Eater,Bloody Eater,Weapons,Previously omitted; valid in active Renewal DB and supplied client itemInfo.lua
Added,1183,BF_Two_Handed_Sword1,Brave Assaulter's Katzbalger,Weapons,Previously omitted; valid in active Renewal DB and supplied client itemInfo.lua
Added,1184,BF_Two_Handed_Sword2,Valorous Assaulter's Katzbalger,Weapons,Previously omitted; valid in active Renewal DB and supplied client itemInfo.lua
Added,1186,Death_Guidance,Death Guidance,Weapons,Previously omitted; valid in active Renewal DB and supplied client itemInfo.lua
Added,1187,Krieger_Twohand_Sword1,Glorious Claymore,Weapons,Previously omitted; valid in active Renewal DB and supplied client itemInfo.lua
Added,1188,Veteran_Sword,Veteran Sword,Weapons,Previously omitted; valid in active Renewal DB and supplied client itemInfo.lua
Added,1189,Krasnaya,Krasnaya,Weapons,Previously omitted; valid in active Renewal DB and supplied client itemInfo.lua
Added,1190,Claymore_C,Claymore,Weapons,Previously omitted; valid in active Renewal DB and supplied client itemInfo.lua
Added,1191,Alca_Bringer,Alca Bringer,Weapons,Previously omitted; valid in active Renewal DB and supplied client itemInfo.lua
Added,1192,P_Slayer1,Eden Slayer I,Weapons,Previously omitted; valid in active Renewal DB and supplied client itemInfo.lua
Added,1193,P_Slayer2,Eden Slayer II,Weapons,Previously omitted; valid in active Renewal DB and supplied client itemInfo.lua
Added,1194,F_Executioner_C,Executioner,Weapons,Previously omitted; valid in active Renewal DB and supplied client itemInfo.lua
Added,1196,Chrome_Twohand_Sword,Chrome Two-Handed Sword,Weapons,Previously omitted; valid in active Renewal DB and supplied client itemInfo.lua
Added,1197,P_Slayer3,Eden Slayer III,Weapons,Previously omitted; valid in active Renewal DB and supplied client itemInfo.lua
Added,1198,Hairtail,Cutlass,Weapons,Previously omitted; valid in active Renewal DB and supplied client itemInfo.lua
Added,1202,Knife_,Knife,Weapons,Previously omitted; valid in active Renewal DB and supplied client itemInfo.lua
Added,1203,Knife__,Knife,Weapons,Previously omitted; valid in active Renewal DB and supplied client itemInfo.lua
Added,1205,Cutter_,Cutter,Weapons,Previously omitted; valid in active Renewal DB and supplied client itemInfo.lua
Added,1206,Cutter__,Cutter,Weapons,Previously omitted; valid in active Renewal DB and supplied client itemInfo.lua
Added,1207,Main_Gauche,Main Gauche,Weapons,Previously omitted; valid in active Renewal DB and supplied client itemInfo.lua
Added,1208,Main_Gauche_,Main Gauche,Weapons,Previously omitted; valid in active Renewal DB and supplied client itemInfo.lua
Added,1211,Dirk_,Dirk,Weapons,Previously omitted; valid in active Renewal DB and supplied client itemInfo.lua
Added,1212,Dirk__,Dirk,Weapons,Previously omitted; valid in active Renewal DB and supplied client itemInfo.lua
Added,1214,Dagger_,Dagger,Weapons,Previously omitted; valid in active Renewal DB and supplied client itemInfo.lua
Added,1215,Dagger__,Dagger,Weapons,Previously omitted; valid in active Renewal DB and supplied client itemInfo.lua
Added,1216,Stiletto,Stiletto,Weapons,Previously omitted; valid in active Renewal DB and supplied client itemInfo.lua
Added,1217,Stiletto_,Stiletto,Weapons,Previously omitted; valid in active Renewal DB and supplied client itemInfo.lua
Added,1220,Gladius_,Gladius,Weapons,Previously omitted; valid in active Renewal DB and supplied client itemInfo.lua
Added,1221,Gladius__,Gladius,Weapons,Previously omitted; valid in active Renewal DB and supplied client itemInfo.lua
Added,1223,Forturn_Sword,Fortune Sword,Weapons,Previously omitted; valid in active Renewal DB and supplied client itemInfo.lua
Added,1224,Sword_Breaker,Swordbreaker,Weapons,Previously omitted; valid in active Renewal DB and supplied client itemInfo.lua
Added,1225,Mail_Breaker,Mailbreaker,Weapons,Previously omitted; valid in active Renewal DB and supplied client itemInfo.lua
Added,1226,Damascus_,Damascus,Weapons,Previously omitted; valid in active Renewal DB and supplied client itemInfo.lua
Added,1228,Combat_Knife,Combat Knife,Weapons,Previously omitted; valid in active Renewal DB and supplied client itemInfo.lua
Added,1229,Mama's_Knife,Kitchen Knife,Weapons,Previously omitted; valid in active Renewal DB and supplied client itemInfo.lua
Added,1230,House_Auger,Ice Pick,Weapons,Previously omitted; valid in active Renewal DB and supplied client itemInfo.lua
Added,1231,Bazerald,Bazerald,Weapons,Previously omitted; valid in active Renewal DB and supplied client itemInfo.lua
Added,1232,Assasin_Dagger,Assassin Dagger,Weapons,Previously omitted; valid in active Renewal DB and supplied client itemInfo.lua
Added,1233,Exercise,Exorciser,Weapons,Previously omitted; valid in active Renewal DB and supplied client itemInfo.lua
Added,1234,Moonlight_Sword,Moonlight Dagger,Weapons,Previously omitted; valid in active Renewal DB and supplied client itemInfo.lua
Added,1236,Sucsamad,Sucsamad,Weapons,Previously omitted; valid in active Renewal DB and supplied client itemInfo.lua
Added,1237,Grimtooth_,Grimtooth,Weapons,Previously omitted; valid in active Renewal DB and supplied client itemInfo.lua
Added,1239,Poison_Knife,Poison Knife,Weapons,Previously omitted; valid in active Renewal DB and supplied client itemInfo.lua
Added,1241,Cursed_Dagger,Cursed Dagger,Weapons,Previously omitted; valid in active Renewal DB and supplied client itemInfo.lua
Added,1242,Counter_Dagger,Dagger of Counter,Weapons,Previously omitted; valid in active Renewal DB and supplied client itemInfo.lua
Added,1243,Novice_Knife,Novice Main-Gauche,Weapons,Previously omitted; valid in active Renewal DB and supplied client itemInfo.lua
Added,1246,Cinquedea_,Cinquedea,Weapons,Previously omitted; valid in active Renewal DB and supplied client itemInfo.lua
Added,1249,Fisherman's_Dagger,Fisherman's Dagger,Weapons,Previously omitted; valid in active Renewal DB and supplied client itemInfo.lua
Added,1251,Jur_,Jur,Weapons,Previously omitted; valid in active Renewal DB and supplied client itemInfo.lua
Added,1253,Katar_,Katar,Weapons,Previously omitted; valid in active Renewal DB and supplied client itemInfo.lua
Added,1255,Jamadhar_,Jamadhar,Weapons,Previously omitted; valid in active Renewal DB and supplied client itemInfo.lua
Added,1256,Katar_Of_Cold_Icicle,Katar of Frozen Icicle,Weapons,Previously omitted; valid in active Renewal DB and supplied client itemInfo.lua
Added,1257,Katar_Of_Thornbush,Katar of Quaking,Weapons,Previously omitted; valid in active Renewal DB and supplied client itemInfo.lua
Added,1258,Katar_Of_Raging_Blaze,Katar of Raging Blaze,Weapons,Previously omitted; valid in active Renewal DB and supplied client itemInfo.lua
Added,1259,Katar_Of_Piercing_Wind,Katar of Piercing Wind,Weapons,Previously omitted; valid in active Renewal DB and supplied client itemInfo.lua
Added,1260,Ghoul_Leg,Sharpened Legbone of Ghoul,Weapons,Previously omitted; valid in active Renewal DB and supplied client itemInfo.lua
Added,1261,Infiltrator,Infiltrator,Weapons,Previously omitted; valid in active Renewal DB and supplied client itemInfo.lua
Added,1262,Nail_Of_Loki,Loki's Nail,Weapons,Previously omitted; valid in active Renewal DB and supplied client itemInfo.lua
Added,1263,Unholy_Touch,Unholy Touch,Weapons,Previously omitted; valid in active Renewal DB and supplied client itemInfo.lua
Added,1264,Various_Jur,Specialty Jur,Weapons,Previously omitted; valid in active Renewal DB and supplied client itemInfo.lua
Added,1265,Bloody_Roar,Bloody Roar,Weapons,Previously omitted; valid in active Renewal DB and supplied client itemInfo.lua
Added,1266,Infiltrator_,Infiltrator,Weapons,Previously omitted; valid in active Renewal DB and supplied client itemInfo.lua
Added,1267,Infiltrator_C,Infiltrator,Weapons,Previously omitted; valid in active Renewal DB and supplied client itemInfo.lua
Added,1268,Wild_Beast_Claw,Wild Beast Claw,Weapons,Previously omitted; valid in active Renewal DB and supplied client itemInfo.lua
Added,1269,Inverse_Scale,Inverse Scale,Weapons,Previously omitted; valid in active Renewal DB and supplied client itemInfo.lua
Added,1270,Drill_Katar,Drill Katar,Weapons,Previously omitted; valid in active Renewal DB and supplied client itemInfo.lua
Added,1271,Blood_Tears,Blood Tears,Weapons,Previously omitted; valid in active Renewal DB and supplied client itemInfo.lua
Added,1273,Bloody_Roar_C,Refined Bloody Roar,Weapons,Previously omitted; valid in active Renewal DB and supplied client itemInfo.lua
Added,1274,Unholy_Touch_C,Refined Unholy Touch,Weapons,Previously omitted; valid in active Renewal DB and supplied client itemInfo.lua
Added,1279,BF_Katar1,Brave Carnage Katar,Weapons,Previously omitted; valid in active Renewal DB and supplied client itemInfo.lua
Added,1280,BF_Katar2,Valorous Carnage Katar,Weapons,Previously omitted; valid in active Renewal DB and supplied client itemInfo.lua
Added,1281,Krieger_Katar1,Glorious Bloody Roar,Weapons,Previously omitted; valid in active Renewal DB and supplied client itemInfo.lua
Added,1282,Krieger_Katar2,Glorious Jamadhar,Weapons,Previously omitted; valid in active Renewal DB and supplied client itemInfo.lua
Added,1283,Katar_Of_Speed,Katar Of Speed,Weapons,Previously omitted; valid in active Renewal DB and supplied client itemInfo.lua
Added,1284,Krishna,Krishna,Weapons,Previously omitted; valid in active Renewal DB and supplied client itemInfo.lua
Added,1285,Cakram,Chakram,Weapons,Previously omitted; valid in active Renewal DB and supplied client itemInfo.lua
Added,1286,Jamadhar_C,Jamadhar,Weapons,Previously omitted; valid in active Renewal DB and supplied client itemInfo.lua
Added,1287,Durga,Durga,Weapons,Previously omitted; valid in active Renewal DB and supplied client itemInfo.lua
Added,1288,Bloody_Fear_C,Bloody Fear,Weapons,Previously omitted; valid in active Renewal DB and supplied client itemInfo.lua
Added,1289,P_Katar1,Eden Katar I,Weapons,Previously omitted; valid in active Renewal DB and supplied client itemInfo.lua
Added,1290,Agent_Katar,Agent Katar,Weapons,Previously omitted; valid in active Renewal DB and supplied client itemInfo.lua
Added,1291,Guillotine_Katar,Guillotine Katar,Weapons,Previously omitted; valid in active Renewal DB and supplied client itemInfo.lua
Added,1295,Blood_Tears_,Blood Tears,Weapons,Previously omitted; valid in active Renewal DB and supplied client itemInfo.lua
Added,1296,Metal_Katar,Metal Katar,Weapons,Previously omitted; valid in active Renewal DB and supplied client itemInfo.lua
Added,1297,Inverse_Scale_,Inverse Scale,Weapons,Previously omitted; valid in active Renewal DB and supplied client itemInfo.lua
Added,1298,Shiver_Katar,Shiver Katar,Weapons,Previously omitted; valid in active Renewal DB and supplied client itemInfo.lua
Added,1299,TE_Woe_Katar,TE Woe Katar,Weapons,Previously omitted; valid in active Renewal DB and supplied client itemInfo.lua
Added,1301,Axe,Axe,Weapons,Previously omitted; valid in active Renewal DB and supplied client itemInfo.lua
Added,1302,Axe_,Axe,Weapons,Previously omitted; valid in active Renewal DB and supplied client itemInfo.lua
Added,1303,Axe__,Axe,Weapons,Previously omitted; valid in active Renewal DB and supplied client itemInfo.lua
Added,1304,Orcish_Axe,Orcish Axe,Weapons,Previously omitted; valid in active Renewal DB and supplied client itemInfo.lua
Added,1305,Cleaver,Cleaver,Weapons,Previously omitted; valid in active Renewal DB and supplied client itemInfo.lua
Added,1306,War_Axe,War Axe,Weapons,Previously omitted; valid in active Renewal DB and supplied client itemInfo.lua
Added,1307,Windhawk,Windhawk,Weapons,Previously omitted; valid in active Renewal DB and supplied client itemInfo.lua
Added,1310,Krieger_Onehand_Axe1,Glorious Cleaver,Weapons,Previously omitted; valid in active Renewal DB and supplied client itemInfo.lua
Added,1311,Vecer_Axe,Vecer Axe,Weapons,Previously omitted; valid in active Renewal DB and supplied client itemInfo.lua
Added,1312,Orcish_Axe_C,Orcish Axe,Weapons,Previously omitted; valid in active Renewal DB and supplied client itemInfo.lua
Added,1313,Tourist_Axe,Tourist Axe,Weapons,Previously omitted; valid in active Renewal DB and supplied client itemInfo.lua
Added,1314,F_Tomahawk_C,Rental Tomahawk,Weapons,Previously omitted; valid in active Renewal DB and supplied client itemInfo.lua
Added,1315,F_Right_Epsilon_C,Right Epsilon,Weapons,Previously omitted; valid in active Renewal DB and supplied client itemInfo.lua
Added,1318,Dofle_Axe,Deflation Axe,Weapons,Previously omitted; valid in active Renewal DB and supplied client itemInfo.lua
Added,1319,TE_Woe_Axe,TE Woe Axe,Weapons,Previously omitted; valid in active Renewal DB and supplied client itemInfo.lua
Added,1320,Diva_Axe,Diva Axe,Weapons,Previously omitted; valid in active Renewal DB and supplied client itemInfo.lua
Added,1321,Dofle_Axe_,Deflation Axe,Weapons,Previously omitted; valid in active Renewal DB and supplied client itemInfo.lua
Added,1322,Ru_Blue_Axe,Ru Blue Axe,Weapons,Previously omitted; valid in active Renewal DB and supplied client itemInfo.lua
Added,1323,Ru_Gold_Axe,Ru Gold Axe,Weapons,Previously omitted; valid in active Renewal DB and supplied client itemInfo.lua
Added,1325,Mirage_Axe,Mirage Axe,Weapons,Previously omitted; valid in active Renewal DB and supplied client itemInfo.lua
Added,1326,War_Axe_IL,Illusion War Axe,Weapons,Previously omitted; valid in active Renewal DB and supplied client itemInfo.lua
Added,1328,Blut_Axe,Brute Cleaver,Weapons,Previously omitted; valid in active Renewal DB and supplied client itemInfo.lua
Added,1331,Variant_Axe,Abyss Axe,Weapons,Previously omitted; valid in active Renewal DB and supplied client itemInfo.lua
Added,1352,Battle_Axe_,Battle Axe,Weapons,Previously omitted; valid in active Renewal DB and supplied client itemInfo.lua
Added,1353,Battle_Axe__,Battle Axe,Weapons,Previously omitted; valid in active Renewal DB and supplied client itemInfo.lua
Added,1355,Hammer_,Hammer,Weapons,Previously omitted; valid in active Renewal DB and supplied client itemInfo.lua
Added,1356,Hammer__,Hammer,Weapons,Previously omitted; valid in active Renewal DB and supplied client itemInfo.lua
Added,1358,Buster_,Buster,Weapons,Previously omitted; valid in active Renewal DB and supplied client itemInfo.lua
Added,1359,Buster__,Buster,Weapons,Previously omitted; valid in active Renewal DB and supplied client itemInfo.lua
Added,1361,Two_Handed_Axe_,Two-Handed Axe,Weapons,Previously omitted; valid in active Renewal DB and supplied client itemInfo.lua
Added,1362,Two_Handed_Axe__,Two-Handed Axe,Weapons,Previously omitted; valid in active Renewal DB and supplied client itemInfo.lua
Added,1363,Brood_Axe,Bloody Axe,Weapons,Previously omitted; valid in active Renewal DB and supplied client itemInfo.lua
Added,1364,Great_Axe,Great Axe,Weapons,Previously omitted; valid in active Renewal DB and supplied client itemInfo.lua
Added,1365,Sabbath,Sabbath,Weapons,Previously omitted; valid in active Renewal DB and supplied client itemInfo.lua
Added,1366,Right_Epsilon,Light Epsilon,Weapons,Previously omitted; valid in active Renewal DB and supplied client itemInfo.lua
Added,1368,Tomahawk,Tomahawk,Weapons,Previously omitted; valid in active Renewal DB and supplied client itemInfo.lua
Added,1369,Guillotine,Guillotine,Weapons,Previously omitted; valid in active Renewal DB and supplied client itemInfo.lua
Added,1370,Doom_Slayer,Doom Slayer,Weapons,Previously omitted; valid in active Renewal DB and supplied client itemInfo.lua
Added,1371,Doom_Slayer_,Doom Slayer,Weapons,Previously omitted; valid in active Renewal DB and supplied client itemInfo.lua
Added,1372,Right_Epsilon_C,Light Epsilon,Weapons,Previously omitted; valid in active Renewal DB and supplied client itemInfo.lua
Added,1373,Brood_Axe_C,Refined Bloody Axe,Weapons,Previously omitted; valid in active Renewal DB and supplied client itemInfo.lua
Added,1374,Tomahawk_C,Tomahawk,Weapons,Previously omitted; valid in active Renewal DB and supplied client itemInfo.lua
Added,1375,Berdysz,Berdysz,Weapons,Previously omitted; valid in active Renewal DB and supplied client itemInfo.lua
Added,1376,Heart_Breaker,Heart Breaker,Weapons,Previously omitted; valid in active Renewal DB and supplied client itemInfo.lua
Added,1377,Hurricane_Fury,Hurricane's Fury,Weapons,Previously omitted; valid in active Renewal DB and supplied client itemInfo.lua
Added,1378,Great_Axe_C,Refined Great Axe,Weapons,Previously omitted; valid in active Renewal DB and supplied client itemInfo.lua
Added,1379,BF_Two_Handed_Axe1,Valorous Insane Battle Axe,Weapons,Previously omitted; valid in active Renewal DB and supplied client itemInfo.lua
Added,1380,BF_Two_Handed_Axe2,Brave Insane Battle Axe,Weapons,Previously omitted; valid in active Renewal DB and supplied client itemInfo.lua
Added,1382,Krieger_Twohand_Axe1,Glorious Two-Handed Axe,Weapons,Previously omitted; valid in active Renewal DB and supplied client itemInfo.lua
Added,1384,Veteran_Axe,Veteran Axe,Weapons,Previously omitted; valid in active Renewal DB and supplied client itemInfo.lua
Added,1385,Bradium_Stonehammer,Bradium Stone Hammer,Weapons,Previously omitted; valid in active Renewal DB and supplied client itemInfo.lua
Added,1386,Doom_Slayer_I,Doom Slayer,Weapons,Previously omitted; valid in active Renewal DB and supplied client itemInfo.lua
Added,1387,Giant_Axe,Giant Axe,Weapons,Previously omitted; valid in active Renewal DB and supplied client itemInfo.lua
Added,1388,Two_Handed_Axe_C,Two-Handed Axe,Weapons,Previously omitted; valid in active Renewal DB and supplied client itemInfo.lua
Added,1389,E_Tomahawk_C,Tomahawk,Weapons,Previously omitted; valid in active Renewal DB and supplied client itemInfo.lua
Added,1390,E_Right_Epsilon_C,Light Epsilon,Weapons,Previously omitted; valid in active Renewal DB and supplied client itemInfo.lua
Added,1391,P_Two_Handed_Axe1,Eden Two-Handed Axe I,Weapons,Previously omitted; valid in active Renewal DB and supplied client itemInfo.lua
Added,1392,Ygnus_Stale,Ignus Steel,Weapons,Previously omitted; valid in active Renewal DB and supplied client itemInfo.lua
Added,1393,End_Sektura,End Sectora,Weapons,Previously omitted; valid in active Renewal DB and supplied client itemInfo.lua
Added,1396,Velum_Guillotine,Vellum Guillotine,Weapons,Previously omitted; valid in active Renewal DB and supplied client itemInfo.lua
Added,1398,Metal_Two_Handed_Axe,Metal Two Handed Axe,Weapons,Previously omitted; valid in active Renewal DB and supplied client itemInfo.lua
Added,1399,TE_Woe_Two_Handed_Axe,TE Woe Two Handed Axe,Weapons,Previously omitted; valid in active Renewal DB and supplied client itemInfo.lua
Added,1400,Sinister_Spear,Vicious Mind Spear,Weapons,Previously omitted; valid in active Renewal DB and supplied client itemInfo.lua
Added,1402,Javelin_,Javelin,Weapons,Previously omitted; valid in active Renewal DB and supplied client itemInfo.lua
Added,1403,Javelin__,Javelin,Weapons,Previously omitted; valid in active Renewal DB and supplied client itemInfo.lua
Added,1405,Spear_,Spear,Weapons,Previously omitted; valid in active Renewal DB and supplied client itemInfo.lua
Added,1406,Spear__,Spear,Weapons,Previously omitted; valid in active Renewal DB and supplied client itemInfo.lua
Added,1408,Pike_,Pike,Weapons,Previously omitted; valid in active Renewal DB and supplied client itemInfo.lua
Added,1409,Pike__,Pike,Weapons,Previously omitted; valid in active Renewal DB and supplied client itemInfo.lua
Added,1411,Lance_,Lance,Weapons,Previously omitted; valid in active Renewal DB and supplied client itemInfo.lua
Added,1413,Gungnir,Gungnir,Weapons,Previously omitted; valid in active Renewal DB and supplied client itemInfo.lua
Added,1414,Gelerdria,Gelerdria,Weapons,Previously omitted; valid in active Renewal DB and supplied client itemInfo.lua
Added,1415,Skewer,Brocca,Weapons,Previously omitted; valid in active Renewal DB and supplied client itemInfo.lua
Added,1417,Pole_Axe,Pole Axe,Weapons,Previously omitted; valid in active Renewal DB and supplied client itemInfo.lua
Added,1419,Pole_Axe_C,Pole Axe,Weapons,Previously omitted; valid in active Renewal DB and supplied client itemInfo.lua
Added,1420,Long_Horn,Long Horn,Weapons,Previously omitted; valid in active Renewal DB and supplied client itemInfo.lua
Added,1421,Battle_Hook,Battle Hook,Weapons,Previously omitted; valid in active Renewal DB and supplied client itemInfo.lua
Added,1422,Hunting_Spear,Hunting Spear,Weapons,Previously omitted; valid in active Renewal DB and supplied client itemInfo.lua
Added,1424,Skewer_C,Refined Brocca,Weapons,Previously omitted; valid in active Renewal DB and supplied client itemInfo.lua
Added,1425,BF_Spear1,Assaulter Spear,Weapons,Previously omitted; valid in active Renewal DB and supplied client itemInfo.lua
Added,1426,Krieger_Onehand_Spear1,Glorious Spear,Weapons,Previously omitted; valid in active Renewal DB and supplied client itemInfo.lua
Added,1427,Spear_Of_Excellent,Spear Of Excellent,Weapons,Previously omitted; valid in active Renewal DB and supplied client itemInfo.lua
Added,1430,Pike_C,Pike,Weapons,Previously omitted; valid in active Renewal DB and supplied client itemInfo.lua
Added,1431,F_Pole_Axe_C,Pole Axe,Weapons,Previously omitted; valid in active Renewal DB and supplied client itemInfo.lua
Added,1432,E_Pole_Axe_C,Pole Axe,Weapons,Previously omitted; valid in active Renewal DB and supplied client itemInfo.lua
Added,1433,Imperial_Spear,Imperial Spear,Weapons,Previously omitted; valid in active Renewal DB and supplied client itemInfo.lua
Added,1434,P_Sphere1,Eden Spear I,Weapons,Previously omitted; valid in active Renewal DB and supplied client itemInfo.lua
Added,1435,Cannon_Spear,Cannon Spear,Weapons,Previously omitted; valid in active Renewal DB and supplied client itemInfo.lua
Added,1436,Velum_Spear,Vellum Spear,Weapons,Previously omitted; valid in active Renewal DB and supplied client itemInfo.lua
Added,1437,TE_Woe_Pike,TE Woe Pike,Weapons,Previously omitted; valid in active Renewal DB and supplied client itemInfo.lua
Added,1441,Ru_Blue_Spear,Ru Blue Spear,Weapons,Previously omitted; valid in active Renewal DB and supplied client itemInfo.lua
Added,1442,Ru_Gold_Spear,Ru Gold Spear,Weapons,Previously omitted; valid in active Renewal DB and supplied client itemInfo.lua
Added,1443,Scarlet_Spear,Crimson Spear,Weapons,Previously omitted; valid in active Renewal DB and supplied client itemInfo.lua
Added,1445,Spear_of_Trust2,[Rental] Hunting Spear,Weapons,Previously omitted; valid in active Renewal DB and supplied client itemInfo.lua
Added,1446,Thanos_Spear_J,Requiem Spear,Weapons,Previously omitted; valid in active Renewal DB and supplied client itemInfo.lua
Added,1447,Poison_Forged_Spear,Poison Forged Spear,Weapons,Previously omitted; valid in active Renewal DB and supplied client itemInfo.lua
Added,1450,Sinister_Lance,Vicious Mind Lance,Weapons,Previously omitted; valid in active Renewal DB and supplied client itemInfo.lua
Added,1451,Guisarme,Guisarme,Weapons,Previously omitted; valid in active Renewal DB and supplied client itemInfo.lua
Added,1452,Guisarme_,Guisarme,Weapons,Previously omitted; valid in active Renewal DB and supplied client itemInfo.lua
Added,1455,Glaive_,Glaive,Weapons,Previously omitted; valid in active Renewal DB and supplied client itemInfo.lua
Added,1456,Glaive__,Glaive,Weapons,Previously omitted; valid in active Renewal DB and supplied client itemInfo.lua
Added,1458,Partizan_,Partizan,Weapons,Previously omitted; valid in active Renewal DB and supplied client itemInfo.lua
Added,1459,Partizan__,Partizan,Weapons,Previously omitted; valid in active Renewal DB and supplied client itemInfo.lua
Added,1460,Trident,Trident,Weapons,Previously omitted; valid in active Renewal DB and supplied client itemInfo.lua
Added,1461,Trident_,Trident,Weapons,Previously omitted; valid in active Renewal DB and supplied client itemInfo.lua
Added,1462,Trident__,Trident,Weapons,Previously omitted; valid in active Renewal DB and supplied client itemInfo.lua
Added,1463,Halberd,Halberd,Weapons,Previously omitted; valid in active Renewal DB and supplied client itemInfo.lua
Added,1464,Halberd_,Halberd,Weapons,Previously omitted; valid in active Renewal DB and supplied client itemInfo.lua
Added,1466,Crescent_Scythe,Crescent Scythe,Weapons,Previously omitted; valid in active Renewal DB and supplied client itemInfo.lua
Added,1468,Zephyrus,Zephyrus,Weapons,Previously omitted; valid in active Renewal DB and supplied client itemInfo.lua
Added,1469,Longinus's_Spear,Longinus's Spear,Weapons,Previously omitted; valid in active Renewal DB and supplied client itemInfo.lua
Added,1470,Brionac,Brionac,Weapons,Previously omitted; valid in active Renewal DB and supplied client itemInfo.lua
Added,1471,Hell_Fire,Hellfire,Weapons,Previously omitted; valid in active Renewal DB and supplied client itemInfo.lua
Added,1472,Staff_Of_Soul,Soul Staff,Weapons,Previously omitted; valid in active Renewal DB and supplied client itemInfo.lua
Added,1473,Wizardy_Staff,Wizardry Staff,Weapons,Previously omitted; valid in active Renewal DB and supplied client itemInfo.lua
Added,1474,Gae_Bolg,Gae Bolg,Weapons,Previously omitted; valid in active Renewal DB and supplied client itemInfo.lua
Added,1476,Crescent_Scythe_,Crescent Scythe,Weapons,Previously omitted; valid in active Renewal DB and supplied client itemInfo.lua
Added,1477,Spectral_Spear,Spectral Spear,Weapons,Previously omitted; valid in active Renewal DB and supplied client itemInfo.lua
Added,1478,Ahlspiess,Ahlspiess,Weapons,Previously omitted; valid in active Renewal DB and supplied client itemInfo.lua
Added,1482,BF_Lance1,Assaulter Lance,Weapons,Previously omitted; valid in active Renewal DB and supplied client itemInfo.lua
Added,1483,Ivory_Lance,Ivory Lance,Weapons,Previously omitted; valid in active Renewal DB and supplied client itemInfo.lua
Added,1484,Cardo,Cardo,Weapons,Previously omitted; valid in active Renewal DB and supplied client itemInfo.lua
Added,1485,Battle_Fork,Battle Fork,Weapons,Previously omitted; valid in active Renewal DB and supplied client itemInfo.lua
Added,1486,Krieger_Twohand_Spear1,Glorious Lance,Weapons,Previously omitted; valid in active Renewal DB and supplied client itemInfo.lua
Added,1487,Lance_C,Lance,Weapons,Previously omitted; valid in active Renewal DB and supplied client itemInfo.lua
Added,1488,Ahlspiess_C,Ahlspiess,Weapons,Previously omitted; valid in active Renewal DB and supplied client itemInfo.lua
Added,1489,Spearfish_,Marlin,Weapons,Previously omitted; valid in active Renewal DB and supplied client itemInfo.lua
Added,1492,Velum_Glaive,Vellum Glaive,Weapons,Previously omitted; valid in active Renewal DB and supplied client itemInfo.lua
Added,1493,Metal_Lance,Metal Lance,Weapons,Previously omitted; valid in active Renewal DB and supplied client itemInfo.lua
Added,1494,Undine_Spear,Spear Of Odin,Weapons,Previously omitted; valid in active Renewal DB and supplied client itemInfo.lua
Added,1495,TE_Woe_Lance,TE Woe Lance,Weapons,Previously omitted; valid in active Renewal DB and supplied client itemInfo.lua
Added,1498,Scarlet_Lance,Crimson Lance,Weapons,Previously omitted; valid in active Renewal DB and supplied client itemInfo.lua
Added,1499,Thanos_Long_Spear_J,Requiem Lance,Weapons,Previously omitted; valid in active Renewal DB and supplied client itemInfo.lua
Added,1501,Club,Club,Weapons,Previously omitted; valid in active Renewal DB and supplied client itemInfo.lua
Added,1502,Club_,Club,Weapons,Previously omitted; valid in active Renewal DB and supplied client itemInfo.lua
Added,1505,Mace_,Mace,Weapons,Previously omitted; valid in active Renewal DB and supplied client itemInfo.lua
Added,1506,Mace__,Mace,Weapons,Previously omitted; valid in active Renewal DB and supplied client itemInfo.lua
Added,1508,Smasher_,Smasher,Weapons,Previously omitted; valid in active Renewal DB and supplied client itemInfo.lua
Added,1511,Flail_,Flail,Weapons,Previously omitted; valid in active Renewal DB and supplied client itemInfo.lua
Added,1514,Morning_Star_,Morning Star,Weapons,Previously omitted; valid in active Renewal DB and supplied client itemInfo.lua
Added,1516,Sword_Mace,Sword Mace,Weapons,Previously omitted; valid in active Renewal DB and supplied client itemInfo.lua
Added,1517,Sword_Mace_,Sword Mace,Weapons,Previously omitted; valid in active Renewal DB and supplied client itemInfo.lua
Added,1520,Chain_,Chain,Weapons,Previously omitted; valid in active Renewal DB and supplied client itemInfo.lua
Added,1522,Stunner,Stunner,Weapons,Previously omitted; valid in active Renewal DB and supplied client itemInfo.lua
Added,1523,Spike,Spike,Weapons,Previously omitted; valid in active Renewal DB and supplied client itemInfo.lua
Added,1524,Golden_Mace,Golden Mace,Weapons,Previously omitted; valid in active Renewal DB and supplied client itemInfo.lua
Added,1525,Long_Mace,Long Mace,Weapons,Previously omitted; valid in active Renewal DB and supplied client itemInfo.lua
Added,1526,Slash,Slash,Weapons,Previously omitted; valid in active Renewal DB and supplied client itemInfo.lua
Added,1527,Quadrille,Quadrille,Weapons,Previously omitted; valid in active Renewal DB and supplied client itemInfo.lua
Added,1528,Grand_Cross,Grand Cross,Weapons,Previously omitted; valid in active Renewal DB and supplied client itemInfo.lua
Added,1529,Iron_Driver,Iron Driver,Weapons,Previously omitted; valid in active Renewal DB and supplied client itemInfo.lua
Added,1531,Spanner,Wrench,Weapons,Previously omitted; valid in active Renewal DB and supplied client itemInfo.lua
Added,1533,Warrior_Balmung,Warrior's Balmung,Weapons,Previously omitted; valid in active Renewal DB and supplied client itemInfo.lua
Added,1534,Spanner_C,Wrench,Weapons,Previously omitted; valid in active Renewal DB and supplied client itemInfo.lua
Added,1537,Quadrille_C,Refined Quadrille,Weapons,Previously omitted; valid in active Renewal DB and supplied client itemInfo.lua
Added,1541,Nemesis,Nemesis,Weapons,Previously omitted; valid in active Renewal DB and supplied client itemInfo.lua
Added,1542,BF_Morning_Star1,Valorous Battlefield Morning Star,Weapons,Previously omitted; valid in active Renewal DB and supplied client itemInfo.lua
Added,1543,BF_Morning_Star2,Brave Battlefield Morning Star,Weapons,Previously omitted; valid in active Renewal DB and supplied client itemInfo.lua
Added,1544,Lunakaligo,Lunakaligo,Weapons,Previously omitted; valid in active Renewal DB and supplied client itemInfo.lua
Added,1546,Krieger_Onehand_Mace1,Glorious Morning Star,Weapons,Previously omitted; valid in active Renewal DB and supplied client itemInfo.lua
Added,1547,Mace_Of_Madness,Mace Of Madness,Weapons,Previously omitted; valid in active Renewal DB and supplied client itemInfo.lua
Added,1548,Veteran_Hammer,Veteran Hammer,Weapons,Previously omitted; valid in active Renewal DB and supplied client itemInfo.lua
Added,1551,Bible,Bible,Weapons,Previously omitted; valid in active Renewal DB and supplied client itemInfo.lua
Added,1552,Tablet,Tablet,Weapons,Previously omitted; valid in active Renewal DB and supplied client itemInfo.lua
Added,1553,Book_Of_Billows,Book of Billows,Weapons,Previously omitted; valid in active Renewal DB and supplied client itemInfo.lua
Added,1554,Book_Of_Mother_Earth,Book of Mother Earth,Weapons,Previously omitted; valid in active Renewal DB and supplied client itemInfo.lua
Added,1555,Book_Of_Blazing_Sun,Book of the Blazing Sun,Weapons,Previously omitted; valid in active Renewal DB and supplied client itemInfo.lua
Added,1556,Book_Of_Gust_Of_Wind,Book of Gust of Wind,Weapons,Previously omitted; valid in active Renewal DB and supplied client itemInfo.lua
Added,1557,Book_Of_The_Apocalypse,Book of the Apocalypse,Weapons,Previously omitted; valid in active Renewal DB and supplied client itemInfo.lua
Added,1558,Girl's_Diary,Girl's Diary,Weapons,Previously omitted; valid in active Renewal DB and supplied client itemInfo.lua
Added,1559,Legacy_Of_Dragon,Legacy of Dragon,Weapons,Previously omitted; valid in active Renewal DB and supplied client itemInfo.lua
Added,1561,Hardback,Hardcover Book,Weapons,Previously omitted; valid in active Renewal DB and supplied client itemInfo.lua
Added,1563,Diary_Of_Great_Sage_C,Sage's Diary,Weapons,Previously omitted; valid in active Renewal DB and supplied client itemInfo.lua
Added,1564,Encyclopedia,Encyclopedia,Weapons,Previously omitted; valid in active Renewal DB and supplied client itemInfo.lua
Added,1565,Death_Note,Ledger of Death,Weapons,Previously omitted; valid in active Renewal DB and supplied client itemInfo.lua
Added,1567,Hardback_C,Refined Hardcover Book,Weapons,Previously omitted; valid in active Renewal DB and supplied client itemInfo.lua
Added,1568,Book_Of_Billows_,Book of Billows,Weapons,Previously omitted; valid in active Renewal DB and supplied client itemInfo.lua
Added,1569,Book_Of_Mother_Earth_,Book of Mother Earth,Weapons,Previously omitted; valid in active Renewal DB and supplied client itemInfo.lua
Added,1570,Book_Of_Blazing_Sun_,Book of Blazing Sun,Weapons,Previously omitted; valid in active Renewal DB and supplied client itemInfo.lua
Added,1571,Book_Of_Gust_Of_Wind_,Book of Gust of Wind,Weapons,Previously omitted; valid in active Renewal DB and supplied client itemInfo.lua
Added,1572,Principles_Of_Magic,Principles of Magic,Weapons,Previously omitted; valid in active Renewal DB and supplied client itemInfo.lua
Added,1573,Ancient_Magic,Ancient Magic,Weapons,Previously omitted; valid in active Renewal DB and supplied client itemInfo.lua
Added,1574,BF_Book1,Brave Battle Strategy Book,Weapons,Previously omitted; valid in active Renewal DB and supplied client itemInfo.lua
Added,1575,BF_Book2,Valorous Battle Strategy Book,Weapons,Previously omitted; valid in active Renewal DB and supplied client itemInfo.lua
Added,1576,Krieger_Book1,Glorious Tablet,Weapons,Previously omitted; valid in active Renewal DB and supplied client itemInfo.lua
Added,1577,Krieger_Book2,Glorious Apocalypse,Weapons,Previously omitted; valid in active Renewal DB and supplied client itemInfo.lua
Added,1578,Book_Of_Prayer,Book Of Prayer,Weapons,Previously omitted; valid in active Renewal DB and supplied client itemInfo.lua
Added,1580,Encyclopedia_C,Giant Encyclopedia,Weapons,Previously omitted; valid in active Renewal DB and supplied client itemInfo.lua
Added,1581,F_Diary_Of_Great_Sage_C,Diary Of Great Sage,Weapons,Previously omitted; valid in active Renewal DB and supplied client itemInfo.lua
Added,1582,E_Diary_Of_Great_Sage_C,Diary Of Great Sage,Weapons,Previously omitted; valid in active Renewal DB and supplied client itemInfo.lua
Added,1583,P_Dic1,Eden Book I,Weapons,Previously omitted; valid in active Renewal DB and supplied client itemInfo.lua
Added,1586,Velum_Bible,Vellum Bible,Weapons,Previously omitted; valid in active Renewal DB and supplied client itemInfo.lua
Added,1587,Velum_Encyclopedia,Vellum Great Encyclopedia,Weapons,Previously omitted; valid in active Renewal DB and supplied client itemInfo.lua
Added,1588,Metal_Book,Metal Book,Weapons,Previously omitted; valid in active Renewal DB and supplied client itemInfo.lua
Added,1590,Snake_Encyclopedia,Daizenshu Dakatsu,Weapons,Previously omitted; valid in active Renewal DB and supplied client itemInfo.lua
Added,1591,TE_Woe_Book,TE Woe Book,Weapons,Previously omitted; valid in active Renewal DB and supplied client itemInfo.lua
Added,1598,Snake_Encyclopedia_,Daizenshu Dakatsu,Weapons,Previously omitted; valid in active Renewal DB and supplied client itemInfo.lua
Added,1600,Sinister_Rod,Vicious Mind Rod,Weapons,Previously omitted; valid in active Renewal DB and supplied client itemInfo.lua
Added,1602,Rod_,Rod,Weapons,Previously omitted; valid in active Renewal DB and supplied client itemInfo.lua
Added,1603,Rod__,Rod,Weapons,Previously omitted; valid in active Renewal DB and supplied client itemInfo.lua
Added,1604,Wand,Wand,Weapons,Previously omitted; valid in active Renewal DB and supplied client itemInfo.lua
Added,1605,Wand_,Wand,Weapons,Previously omitted; valid in active Renewal DB and supplied client itemInfo.lua
Added,1608,Staff_,Staff,Weapons,Previously omitted; valid in active Renewal DB and supplied client itemInfo.lua
Added,1609,Staff__,Staff,Weapons,Previously omitted; valid in active Renewal DB and supplied client itemInfo.lua
Added,1611,Arc_Wand_,Arc Wand,Weapons,Previously omitted; valid in active Renewal DB and supplied client itemInfo.lua
Added,1612,Arc_Wand__,Arc Wand,Weapons,Previously omitted; valid in active Renewal DB and supplied client itemInfo.lua
Added,1613,Mighty_Staff,Mighty Staff,Weapons,Previously omitted; valid in active Renewal DB and supplied client itemInfo.lua
Added,1614,Blessed_Wand,Wand of Occult,Weapons,Previously omitted; valid in active Renewal DB and supplied client itemInfo.lua
Added,1615,Bone_Wand,Evil Bone Wand,Weapons,Previously omitted; valid in active Renewal DB and supplied client itemInfo.lua
Added,1616,Staff_Of_Wing,Wing Staff,Weapons,Previously omitted; valid in active Renewal DB and supplied client itemInfo.lua
Added,1618,Survival_Rod_,Survivor's Rod (Dex),Weapons,Previously omitted; valid in active Renewal DB and supplied client itemInfo.lua
Added,1619,Survival_Rod2,Survivor's Rod (Int),Weapons,Previously omitted; valid in active Renewal DB and supplied client itemInfo.lua
Added,1620,Survival_Rod2_,Survivor's Rod (Int),Weapons,Previously omitted; valid in active Renewal DB and supplied client itemInfo.lua
Added,1622,Hypnotist's_Staff_,Hypnotist's Staff,Weapons,Previously omitted; valid in active Renewal DB and supplied client itemInfo.lua
Added,1623,Mighty_Staff_C,Mighty Staff,Weapons,Previously omitted; valid in active Renewal DB and supplied client itemInfo.lua
Added,1624,Lich_Bone_Wand,Lich's Bone Wand,Weapons,Previously omitted; valid in active Renewal DB and supplied client itemInfo.lua
Added,1625,Healing_Staff,Healing Staff,Weapons,Previously omitted; valid in active Renewal DB and supplied client itemInfo.lua
Added,1626,Piercing_Staff,Piercing Staff,Weapons,Previously omitted; valid in active Renewal DB and supplied client itemInfo.lua
Added,1628,Survival_Rod_C,Refined Survivor's Rod,Weapons,Previously omitted; valid in active Renewal DB and supplied client itemInfo.lua
Added,1629,Walking_Stick,Gentleman's Staff,Weapons,Previously omitted; valid in active Renewal DB and supplied client itemInfo.lua
Added,1630,Release_Of_Wish,Release of Wish,Weapons,Previously omitted; valid in active Renewal DB and supplied client itemInfo.lua
Added,1631,Holy_Stick,Holy Stick,Weapons,Previously omitted; valid in active Renewal DB and supplied client itemInfo.lua
Added,1632,BF_Staff1,Warlock's Magic Wand,Weapons,Previously omitted; valid in active Renewal DB and supplied client itemInfo.lua
Added,1633,BF_Staff2,Warlock's Battle Wand,Weapons,Previously omitted; valid in active Renewal DB and supplied client itemInfo.lua
Added,1634,BF_Staff3,Strong Recovery Wand,Weapons,Previously omitted; valid in active Renewal DB and supplied client itemInfo.lua
Added,1635,BF_Staff4,Speedy Recovery Wand,Weapons,Previously omitted; valid in active Renewal DB and supplied client itemInfo.lua
Added,1636,Thorn_Staff,Thorn Staff of Darkness,Weapons,Previously omitted; valid in active Renewal DB and supplied client itemInfo.lua
Added,1637,Eraser,Eraser,Weapons,Previously omitted; valid in active Renewal DB and supplied client itemInfo.lua
Added,1638,Healing_Staff_C,Staff Of Healing,Weapons,Previously omitted; valid in active Renewal DB and supplied client itemInfo.lua
Added,1640,Krieger_Onehand_Staff1,Glorious Arc Wand,Weapons,Previously omitted; valid in active Renewal DB and supplied client itemInfo.lua
Added,1641,Krieger_Onehand_Staff2,Glorious Cure Wand,Weapons,Previously omitted; valid in active Renewal DB and supplied client itemInfo.lua
Added,1642,Staff_Of_Darkness,Staff Of Darkness,Weapons,Previously omitted; valid in active Renewal DB and supplied client itemInfo.lua
Added,1643,Dead_Tree_Cane,Dead Tree Cane,Weapons,Previously omitted; valid in active Renewal DB and supplied client itemInfo.lua
Added,1646,La'cryma_Stick,La'cryma Stick,Weapons,Previously omitted; valid in active Renewal DB and supplied client itemInfo.lua
Added,1647,Croce_Staff,Croce Staff,Weapons,Previously omitted; valid in active Renewal DB and supplied client itemInfo.lua
Added,1648,Staff_Of_Bordeaux,Staff Of Bordeaux,Weapons,Previously omitted; valid in active Renewal DB and supplied client itemInfo.lua
Added,1649,Rafini_Staff,Laphine Staff,Weapons,Previously omitted; valid in active Renewal DB and supplied client itemInfo.lua
Added,1650,P_Staff1,Eden Staff I,Weapons,Previously omitted; valid in active Renewal DB and supplied client itemInfo.lua
Added,1651,P_Staff2,Eden Staff II,Weapons,Previously omitted; valid in active Renewal DB and supplied client itemInfo.lua
Added,1652,Tourist_Staff,Tourist Staff,Weapons,Previously omitted; valid in active Renewal DB and supplied client itemInfo.lua
Added,1653,Staff_Of_Healing_C,Staff of Healing,Weapons,Previously omitted; valid in active Renewal DB and supplied client itemInfo.lua
Added,1654,Mental_Stick,Mental Stick,Weapons,Previously omitted; valid in active Renewal DB and supplied client itemInfo.lua
Added,1658,P_Staff3,Eden Staff III,Weapons,Previously omitted; valid in active Renewal DB and supplied client itemInfo.lua
Added,1659,Recovery_Light,Light of Recovery,Weapons,Previously omitted; valid in active Renewal DB and supplied client itemInfo.lua
Added,1660,Wand_Of_Affection2,Empowered Wand Of Affection,Weapons,Previously omitted; valid in active Renewal DB and supplied client itemInfo.lua
Added,1661,Mental_Destroyer,Mental Destroyer,Weapons,Previously omitted; valid in active Renewal DB and supplied client itemInfo.lua
Added,1667,TE_Woe_Staff,TE Woe Staff,Weapons,Previously omitted; valid in active Renewal DB and supplied client itemInfo.lua
Added,1668,Sword_Stick,Sword Stick,Weapons,Previously omitted; valid in active Renewal DB and supplied client itemInfo.lua
Added,1677,Ru_Blue_Wand,Ru Blue Wand,Weapons,Previously omitted; valid in active Renewal DB and supplied client itemInfo.lua
Added,1678,Ru_Gold_Wand,Ru Gold Wand,Weapons,Previously omitted; valid in active Renewal DB and supplied client itemInfo.lua
Added,1679,Rafini_Staff_S,Laphine Staff,Weapons,Previously omitted; valid in active Renewal DB and supplied client itemInfo.lua
Added,1680,Scarlet_Rod,Crimson Rod,Weapons,Previously omitted; valid in active Renewal DB and supplied client itemInfo.lua
Added,1683,Abundantly_Foxtail,Enriched Foxtail Staff,Weapons,Previously omitted; valid in active Renewal DB and supplied client itemInfo.lua
Added,1684,Long_Foxtail,Long Foxtail Staff,Weapons,Previously omitted; valid in active Renewal DB and supplied client itemInfo.lua
Added,1685,DragonFry_Foxtail,Dragonfly Sitting Foxtail Staff,Weapons,Previously omitted; valid in active Renewal DB and supplied client itemInfo.lua
Added,1686,BigSize_Foxtail,Large Foxtail Staff,Weapons,Previously omitted; valid in active Renewal DB and supplied client itemInfo.lua
Added,1689,Staff_of_Trust2,[Rental] Hunting Wand,Weapons,Previously omitted; valid in active Renewal DB and supplied client itemInfo.lua
Added,1690,Amazing_Foxtail,Mysterious Foxtail Staff,Weapons,Previously omitted; valid in active Renewal DB and supplied client itemInfo.lua
Added,1691,Strange_Foxtail,Strange God Foxtail Staff,Weapons,Previously omitted; valid in active Renewal DB and supplied client itemInfo.lua
Added,1692,Magical_Foxtail,Magical Foxtail Staff,Weapons,Previously omitted; valid in active Renewal DB and supplied client itemInfo.lua
Added,1693,Magical_Y_Foxtail,Magical Yellow Foxtail Staff,Weapons,Previously omitted; valid in active Renewal DB and supplied client itemInfo.lua
Added,1694,Model_Foxtail,Foxtail Model,Weapons,Previously omitted; valid in active Renewal DB and supplied client itemInfo.lua
Added,1695,Detail_Model_Foxtail,Fine Foxtail Replica,Weapons,Previously omitted; valid in active Renewal DB and supplied client itemInfo.lua
Added,1696,Ex_Model_Foxtail,Exquisite Foxtail Model,Weapons,Previously omitted; valid in active Renewal DB and supplied client itemInfo.lua
Added,1697,Ex_Y_Model_Foxtail,Exquisite Yellow Foxtail Model,Weapons,Previously omitted; valid in active Renewal DB and supplied client itemInfo.lua
Added,1698,Thanos_Staff_J,Requiem Arc Wand,Weapons,Previously omitted; valid in active Renewal DB and supplied client itemInfo.lua
Added,1699,P_Foxtail1,Eden Group Foxtail I,Weapons,Previously omitted; valid in active Renewal DB and supplied client itemInfo.lua
Added,1702,Bow_,Bow,Weapons,Previously omitted; valid in active Renewal DB and supplied client itemInfo.lua
Added,1703,Bow__,Bow,Weapons,Previously omitted; valid in active Renewal DB and supplied client itemInfo.lua
Added,1705,Composite_Bow_,Composite Bow,Weapons,Previously omitted; valid in active Renewal DB and supplied client itemInfo.lua
Added,1706,Composite_Bow__,Composite Bow,Weapons,Previously omitted; valid in active Renewal DB and supplied client itemInfo.lua
Added,1708,Great_Bow_,Great Bow,Weapons,Previously omitted; valid in active Renewal DB and supplied client itemInfo.lua
Added,1709,Great_Bow__,Great Bow,Weapons,Previously omitted; valid in active Renewal DB and supplied client itemInfo.lua
Added,1711,CrossBow_,Crossbow,Weapons,Previously omitted; valid in active Renewal DB and supplied client itemInfo.lua
Added,1712,CrossBow__,Crossbow,Weapons,Previously omitted; valid in active Renewal DB and supplied client itemInfo.lua
Added,1715,Arbalest_,Arbalest,Weapons,Previously omitted; valid in active Renewal DB and supplied client itemInfo.lua
Added,1716,Kakkung_,Gakkung Bow,Weapons,Previously omitted; valid in active Renewal DB and supplied client itemInfo.lua
Added,1718,Hunter_Bow,Hunter Bow,Weapons,Previously omitted; valid in active Renewal DB and supplied client itemInfo.lua
Added,1720,Bow_Of_Rudra,Rudra Bow,Weapons,Previously omitted; valid in active Renewal DB and supplied client itemInfo.lua
Added,1721,Repeting_CrossBow,Repeating Crossbow,Weapons,Previously omitted; valid in active Renewal DB and supplied client itemInfo.lua
Added,1722,Balistar,Ballista,Weapons,Previously omitted; valid in active Renewal DB and supplied client itemInfo.lua
Added,1723,Luna_Bow,Luna Bow,Weapons,Previously omitted; valid in active Renewal DB and supplied client itemInfo.lua
Added,1724,Dragon_Wing,Dragon Wing,Weapons,Previously omitted; valid in active Renewal DB and supplied client itemInfo.lua
Added,1727,Balistar_,Ballista,Weapons,Previously omitted; valid in active Renewal DB and supplied client itemInfo.lua
Added,1728,Balistar_C,Ballista,Weapons,Previously omitted; valid in active Renewal DB and supplied client itemInfo.lua
Added,1729,Bow_Of_Rudra_C,Rudra Bow,Weapons,Previously omitted; valid in active Renewal DB and supplied client itemInfo.lua
Added,1730,Burning_Bow,Burning Bow,Weapons,Previously omitted; valid in active Renewal DB and supplied client itemInfo.lua
Added,1731,Frozen_Bow,Frozen Bow,Weapons,Previously omitted; valid in active Renewal DB and supplied client itemInfo.lua
Added,1732,Earth_Bow,Earth Bow,Weapons,Previously omitted; valid in active Renewal DB and supplied client itemInfo.lua
Added,1733,Gust_Bow,Gust Bow,Weapons,Previously omitted; valid in active Renewal DB and supplied client itemInfo.lua
Added,1734,Orc_Archer_Bow,Orc Archer Bow,Weapons,Previously omitted; valid in active Renewal DB and supplied client itemInfo.lua
Added,1736,Double_Bound,Double Bound,Weapons,Previously omitted; valid in active Renewal DB and supplied client itemInfo.lua
Added,1737,Ixion_Wing,Ixion Wings,Weapons,Previously omitted; valid in active Renewal DB and supplied client itemInfo.lua
Added,1738,BF_Bow1,Valorous Battle CrossBow,Weapons,Previously omitted; valid in active Renewal DB and supplied client itemInfo.lua
Added,1739,BF_Bow2,Brave Battle CrossBow,Weapons,Previously omitted; valid in active Renewal DB and supplied client itemInfo.lua
Added,1740,Nepenthes_Bow,Nepenthes Bow,Weapons,Previously omitted; valid in active Renewal DB and supplied client itemInfo.lua
Added,1741,Cursed_Lyre,Cursed Lyre,Weapons,Previously omitted; valid in active Renewal DB and supplied client itemInfo.lua
Added,1743,Krieger_Bow1,Glorious Hunter Bow,Weapons,Previously omitted; valid in active Renewal DB and supplied client itemInfo.lua
Added,1744,Bow_Of_Evil,Bow Of Evil,Weapons,Previously omitted; valid in active Renewal DB and supplied client itemInfo.lua
Added,1745,Falken_Blitz,Falken Blitz,Weapons,Previously omitted; valid in active Renewal DB and supplied client itemInfo.lua
Added,1746,Elven_Bow,Elven Bow,Weapons,Previously omitted; valid in active Renewal DB and supplied client itemInfo.lua
Added,1747,P_Bow1,Eden Bow I,Weapons,Previously omitted; valid in active Renewal DB and supplied client itemInfo.lua
Added,1748,P_Bow2,Eden Bow II,Weapons,Previously omitted; valid in active Renewal DB and supplied client itemInfo.lua
Added,1749,Tourist_Bow,Tourist Bow,Weapons,Previously omitted; valid in active Renewal DB and supplied client itemInfo.lua
Added,1800,Sinister_Fist,Vicious Mind Knuckle,Weapons,Previously omitted; valid in active Renewal DB and supplied client itemInfo.lua
Added,1801,Waghnakh,Waghnak,Weapons,Previously omitted; valid in active Renewal DB and supplied client itemInfo.lua
Added,1806,Hora_,Studded Knuckles,Weapons,Previously omitted; valid in active Renewal DB and supplied client itemInfo.lua
Added,1807,Fist,Fist,Weapons,Previously omitted; valid in active Renewal DB and supplied client itemInfo.lua
Added,1809,Claw,Claw,Weapons,Previously omitted; valid in active Renewal DB and supplied client itemInfo.lua
Added,1812,Finger_,Finger,Weapons,Previously omitted; valid in active Renewal DB and supplied client itemInfo.lua
Added,1813,Kaiser_Knuckle,Kaiser Knuckle,Weapons,Previously omitted; valid in active Renewal DB and supplied client itemInfo.lua
Added,1814,Berserk,Berserk,Weapons,Previously omitted; valid in active Renewal DB and supplied client itemInfo.lua
Added,1815,Claw_Of_Garm,Hatii Claw,Weapons,Previously omitted; valid in active Renewal DB and supplied client itemInfo.lua
Added,1817,Kaiser_Knuckle_C,Kaiser Knuckle,Weapons,Previously omitted; valid in active Renewal DB and supplied client itemInfo.lua
Added,1818,Magma_Fist,Magma Fist,Weapons,Previously omitted; valid in active Renewal DB and supplied client itemInfo.lua
Added,1819,Icicle_Fist,Icicle Fist,Weapons,Previously omitted; valid in active Renewal DB and supplied client itemInfo.lua
Added,1820,Electric_Fist,Electric Fist,Weapons,Previously omitted; valid in active Renewal DB and supplied client itemInfo.lua
Added,1821,Seismic_Fist,Seismic Fist,Weapons,Previously omitted; valid in active Renewal DB and supplied client itemInfo.lua
Added,1822,Combo_Battle_Glove,Combo Battle Glove,Weapons,Previously omitted; valid in active Renewal DB and supplied client itemInfo.lua
Added,1823,BF_Knuckle1,Valorous Battle Fist,Weapons,Previously omitted; valid in active Renewal DB and supplied client itemInfo.lua
Added,1824,BF_Knuckle2,Brave Battle Fist,Weapons,Previously omitted; valid in active Renewal DB and supplied client itemInfo.lua
Added,1825,Horn_Of_Hilthrion,Horn of Hillslion,Weapons,Previously omitted; valid in active Renewal DB and supplied client itemInfo.lua
Added,1826,Krieger_Knuckle1,Glorious Claw,Weapons,Previously omitted; valid in active Renewal DB and supplied client itemInfo.lua
Added,1827,Krieger_Knuckle2,Glorious Fist,Weapons,Previously omitted; valid in active Renewal DB and supplied client itemInfo.lua
Added,1828,Monk_Knuckle,Monk Knuckle,Weapons,Previously omitted; valid in active Renewal DB and supplied client itemInfo.lua
Added,1829,Fist_C,Fist,Weapons,Previously omitted; valid in active Renewal DB and supplied client itemInfo.lua
Added,1830,Sura_Rampage,Sura Rampage,Weapons,Previously omitted; valid in active Renewal DB and supplied client itemInfo.lua
Added,1831,P_Knuckle1,Eden Knuckle I,Weapons,Previously omitted; valid in active Renewal DB and supplied client itemInfo.lua
Added,1832,Velum_Claw,Vellum Claw,Weapons,Previously omitted; valid in active Renewal DB and supplied client itemInfo.lua
Added,1833,Claw_Of_Flash,Claw of Flash,Weapons,Previously omitted; valid in active Renewal DB and supplied client itemInfo.lua
Added,1834,TE_Woe_Fist,TE Woe Fist,Weapons,Previously omitted; valid in active Renewal DB and supplied client itemInfo.lua
Added,1839,Scarlet_Knuckle,Crimson Knuckles,Weapons,Previously omitted; valid in active Renewal DB and supplied client itemInfo.lua
Added,1840,Thanos_Knuckle_J,Requiem Knuckle,Weapons,Previously omitted; valid in active Renewal DB and supplied client itemInfo.lua
Added,1841,Claw_Of_Flash_,Claw of Flash,Weapons,Previously omitted; valid in active Renewal DB and supplied client itemInfo.lua
Added,1842,Diva_Claw,Diva Claw,Weapons,Previously omitted; valid in active Renewal DB and supplied client itemInfo.lua
Added,1843,Mirage_Claw,Mirage Claw,Weapons,Previously omitted; valid in active Renewal DB and supplied client itemInfo.lua
Added,1844,Sinister_Fist_J,Fist of Evil,Weapons,Previously omitted; valid in active Renewal DB and supplied client itemInfo.lua
Added,1845,Probation_Knuckle,Trial Sura's Knuckle,Weapons,Previously omitted; valid in active Renewal DB and supplied client itemInfo.lua
Added,1846,Combo_Battle_Glove_IL,Illusion Combo Battle Glove,Weapons,Previously omitted; valid in active Renewal DB and supplied client itemInfo.lua
Added,1848,Rebeginer_SR_Nuckle,Beginner Sura's Knuckle,Weapons,Previously omitted; valid in active Renewal DB and supplied client itemInfo.lua
Added,1861,Variant_Claw,Abyss Claw,Weapons,Previously omitted; valid in active Renewal DB and supplied client itemInfo.lua
Added,1864,Evt_Iron_Nail_K,Sealed Iron Nail,Weapons,Previously omitted; valid in active Renewal DB and supplied client itemInfo.lua
Added,1900,Sinister_Viollin,Vicious Mind Violin,Weapons,Previously omitted; valid in active Renewal DB and supplied client itemInfo.lua
Added,1908,Guitar_,Guitar,Weapons,Previously omitted; valid in active Renewal DB and supplied client itemInfo.lua
Added,1910,Harp_,Harp,Weapons,Previously omitted; valid in active Renewal DB and supplied client itemInfo.lua
Added,1913,Electronic_Guitar,Electric Guitar,Weapons,Previously omitted; valid in active Renewal DB and supplied client itemInfo.lua
Added,1914,Guitar_Of_Passion,Burning Passion Guitar,Weapons,Previously omitted; valid in active Renewal DB and supplied client itemInfo.lua
Added,1915,Guitar_Of_Blue_Solo,Loner's Guitar,Weapons,Previously omitted; valid in active Renewal DB and supplied client itemInfo.lua
Added,1916,Guitar_Of_Vast_Land,Green Acre Guitar,Weapons,Previously omitted; valid in active Renewal DB and supplied client itemInfo.lua
Added,1917,Guitar_Of_Gentle_Breeze,Gentle Breeze Guitar,Weapons,Previously omitted; valid in active Renewal DB and supplied client itemInfo.lua
Added,1918,Oriental_Lute,Oriental Lute,Weapons,Previously omitted; valid in active Renewal DB and supplied client itemInfo.lua
Added,1919,Base_Guitar,Bass Guitar,Weapons,Previously omitted; valid in active Renewal DB and supplied client itemInfo.lua
Added,1920,Berserk_Guitar,Berserk Guitar,Weapons,Previously omitted; valid in active Renewal DB and supplied client itemInfo.lua
Added,1923,BF_Instrument1,Valorous Battlefield Guitar,Weapons,Previously omitted; valid in active Renewal DB and supplied client itemInfo.lua
Added,1924,BF_Instrument2,Brave Battlefield Guitar,Weapons,Previously omitted; valid in active Renewal DB and supplied client itemInfo.lua
Added,1925,Cello,Cello,Weapons,Previously omitted; valid in active Renewal DB and supplied client itemInfo.lua
Added,1926,Harp_Of_Nepenthes,Harp of Nepenthes,Weapons,Previously omitted; valid in active Renewal DB and supplied client itemInfo.lua
Added,1927,Krieger_Instrument1,Glorious Guitar,Weapons,Previously omitted; valid in active Renewal DB and supplied client itemInfo.lua
Added,1928,Berserk_Guitar_I,Spirited Guitar,Weapons,Previously omitted; valid in active Renewal DB and supplied client itemInfo.lua
Added,1929,Guitar_C,Guitar,Weapons,Previously omitted; valid in active Renewal DB and supplied client itemInfo.lua
Added,1930,Green_Whistle,Green Whistle,Weapons,Previously omitted; valid in active Renewal DB and supplied client itemInfo.lua
Added,1931,P_String_Inst1,Eden Guitar I,Weapons,Previously omitted; valid in active Renewal DB and supplied client itemInfo.lua
Added,1932,TE_Woe_Guitar,TE Woe Guitar,Weapons,Previously omitted; valid in active Renewal DB and supplied client itemInfo.lua
Added,1934,Contabass,Contrabass,Weapons,Previously omitted; valid in active Renewal DB and supplied client itemInfo.lua
Added,1935,Ukulele_Of_Newoz,Oz's New Ukulele,Weapons,Previously omitted; valid in active Renewal DB and supplied client itemInfo.lua
Added,1936,Ru_Blue_Violin,Ru Blue Violin,Weapons,Previously omitted; valid in active Renewal DB and supplied client itemInfo.lua
Added,1937,Ru_Gold_Violin,Ru Gold Violin,Weapons,Previously omitted; valid in active Renewal DB and supplied client itemInfo.lua
Added,1939,Scarlet_Viollin,Crimson Violin,Weapons,Previously omitted; valid in active Renewal DB and supplied client itemInfo.lua
Added,1940,Trumpet_Shell,Trumpet Shell,Weapons,Previously omitted; valid in active Renewal DB and supplied client itemInfo.lua
Added,1942,Thanos_Violin_J,Requiem Violin,Weapons,Previously omitted; valid in active Renewal DB and supplied client itemInfo.lua
Added,1944,Hippie_Guitar,Hippie Guitar,Weapons,Previously omitted; valid in active Renewal DB and supplied client itemInfo.lua
Added,1945,Diva_Viollin,Diva Viollin,Weapons,Previously omitted; valid in active Renewal DB and supplied client itemInfo.lua
Added,1946,Mirage_Viollin,Mirage Viollin,Weapons,Previously omitted; valid in active Renewal DB and supplied client itemInfo.lua
Added,1947,Sinister_Viollin_J,Violin of Evil,Weapons,Previously omitted; valid in active Renewal DB and supplied client itemInfo.lua
Added,1948,Hippie_Guitar_J,Hippie Guitar,Weapons,Previously omitted; valid in active Renewal DB and supplied client itemInfo.lua
Added,1957,Rante_,Rante Whip,Weapons,Previously omitted; valid in active Renewal DB and supplied client itemInfo.lua
Added,1959,Tail_,Tail Whip,Weapons,Previously omitted; valid in active Renewal DB and supplied client itemInfo.lua
Added,1962,Lariat,Lariat Whip,Weapons,Previously omitted; valid in active Renewal DB and supplied client itemInfo.lua
Added,1963,Rapture_Rose,Rapture Rose,Weapons,Previously omitted; valid in active Renewal DB and supplied client itemInfo.lua
Added,1964,Chemeti,Chemeti Whip,Weapons,Previously omitted; valid in active Renewal DB and supplied client itemInfo.lua
Added,1965,Whip_Of_Red_Flame,Red Flame Whip,Weapons,Previously omitted; valid in active Renewal DB and supplied client itemInfo.lua
Added,1966,Whip_Of_Ice_Piece,Icicle Whip,Weapons,Previously omitted; valid in active Renewal DB and supplied client itemInfo.lua
Added,1967,Whip_Of_Earth,Gaia Whip,Weapons,Previously omitted; valid in active Renewal DB and supplied client itemInfo.lua
Added,1968,Jump_Rope,Skipping Rope,Weapons,Previously omitted; valid in active Renewal DB and supplied client itemInfo.lua
Added,1969,Bladed_Whip,Blade Whip,Weapons,Previously omitted; valid in active Renewal DB and supplied client itemInfo.lua
Added,1970,Queen's_Whip,Queen's Whip,Weapons,Previously omitted; valid in active Renewal DB and supplied client itemInfo.lua
Added,1971,Electric_Wire,Electric Wire,Weapons,Previously omitted; valid in active Renewal DB and supplied client itemInfo.lua
Added,1972,Electric_Eel,Electric Eel,Weapons,Previously omitted; valid in active Renewal DB and supplied client itemInfo.lua
Added,1973,Sea_Witch_Foot,Sea Witch's Foot,Weapons,Previously omitted; valid in active Renewal DB and supplied client itemInfo.lua
Added,1974,Carrot_Whip,Carrot Whip,Weapons,Previously omitted; valid in active Renewal DB and supplied client itemInfo.lua
Added,1977,BF_Whip1,Valorous Battle Lariat,Weapons,Previously omitted; valid in active Renewal DB and supplied client itemInfo.lua
Added,1978,BF_Whip2,Brave Battle Lariat,Weapons,Previously omitted; valid in active Renewal DB and supplied client itemInfo.lua
Added,1979,Stem_Of_Nepenthes,Stem of Nepenthes,Weapons,Previously omitted; valid in active Renewal DB and supplied client itemInfo.lua
Added,1980,Whip_Of_Balance,Whip of Balance,Weapons,Previously omitted; valid in active Renewal DB and supplied client itemInfo.lua
Added,1981,Krieger_Whip1,Glorious Lariat,Weapons,Previously omitted; valid in active Renewal DB and supplied client itemInfo.lua
Added,1982,Phenomena_Whip,Phenomena Whip,Weapons,Previously omitted; valid in active Renewal DB and supplied client itemInfo.lua
Added,1983,Rante_C,Rante Whip,Weapons,Previously omitted; valid in active Renewal DB and supplied client itemInfo.lua
Added,1984,Stem_Whip,Stem Whip,Weapons,Previously omitted; valid in active Renewal DB and supplied client itemInfo.lua
Added,1985,Rosebine,Rosebine,Weapons,Previously omitted; valid in active Renewal DB and supplied client itemInfo.lua
Added,1986,P_Tail1,Eden Tail I,Weapons,Previously omitted; valid in active Renewal DB and supplied client itemInfo.lua
Added,1987,TE_Woe_Rope,TE Woe Rope,Weapons,Previously omitted; valid in active Renewal DB and supplied client itemInfo.lua
Added,1989,Gymnastics_Ribbon,Rhythmic Gymnastics Ribbon,Weapons,Previously omitted; valid in active Renewal DB and supplied client itemInfo.lua
Added,1990,Floral_Mic_Of_Igu,Floral Mic Of Aigu,Weapons,Previously omitted; valid in active Renewal DB and supplied client itemInfo.lua
Added,1991,Ru_Blue_Whip,Ru Blue Whip,Weapons,Previously omitted; valid in active Renewal DB and supplied client itemInfo.lua
Added,1992,Ru_Gold_Whip,Ru Gold Whip,Weapons,Previously omitted; valid in active Renewal DB and supplied client itemInfo.lua
Added,1993,Concertina_Wire,Barbed Wire,Weapons,Previously omitted; valid in active Renewal DB and supplied client itemInfo.lua
Added,1995,Scarlet_Wire,Crimson Whip,Weapons,Previously omitted; valid in active Renewal DB and supplied client itemInfo.lua
Added,1996,Sinister_Wire,Vicious Mind Wire,Weapons,Previously omitted; valid in active Renewal DB and supplied client itemInfo.lua
Added,1998,Thanos_Whip_J,Requiem Blade Whip,Weapons,Previously omitted; valid in active Renewal DB and supplied client itemInfo.lua
Added,2000,Destruction_Rod,Staff of Destruction,Weapons,Previously omitted; valid in active Renewal DB and supplied client itemInfo.lua
Added,2001,Divine_Cross,Divine Cross,Weapons,Previously omitted; valid in active Renewal DB and supplied client itemInfo.lua
Added,2002,Krieger_Twohand_Staff1,Glorious Destruction Staff,Weapons,Previously omitted; valid in active Renewal DB and supplied client itemInfo.lua
Added,2004,Kronos,Kronos,Weapons,Previously omitted; valid in active Renewal DB and supplied client itemInfo.lua
Added,2005,Dea_Staff,Dea Staff,Weapons,Previously omitted; valid in active Renewal DB and supplied client itemInfo.lua
Added,2011,Golden_Rod_Staff2,Empowered Golden Rod Staff,Weapons,Previously omitted; valid in active Renewal DB and supplied client itemInfo.lua
Added,2012,Aqua_Staff2,Empowered Aqua Staff,Weapons,Previously omitted; valid in active Renewal DB and supplied client itemInfo.lua
Added,2013,Crimson_Staff2,Empowered Crimson Staff,Weapons,Previously omitted; valid in active Renewal DB and supplied client itemInfo.lua
Added,2014,Forest_Staff2,Empowered Forest Staff,Weapons,Previously omitted; valid in active Renewal DB and supplied client itemInfo.lua
Added,2018,Metal_Staff,Metal Staff,Weapons,Previously omitted; valid in active Renewal DB and supplied client itemInfo.lua
Added,2019,TE_Woe_Two_Hand_Staff,TE Woe Two Hand Staff,Weapons,Previously omitted; valid in active Renewal DB and supplied client itemInfo.lua
Added,2025,Scarlet_Staff,Crimson Two-Handed Staff,Weapons,Previously omitted; valid in active Renewal DB and supplied client itemInfo.lua
Added,2026,Sinister_Staff,Vicious Mind Staff,Weapons,Previously omitted; valid in active Renewal DB and supplied client itemInfo.lua
Added,2027,Staff_170,Sunflower Kid,Weapons,Previously omitted; valid in active Renewal DB and supplied client itemInfo.lua
Added,2028,Aion_Staff,Iron Staff,Weapons,Previously omitted; valid in active Renewal DB and supplied client itemInfo.lua
Added,2029,TStaff_Of_E_Slayer_J,Devil God's Staff,Weapons,Previously omitted; valid in active Renewal DB and supplied client itemInfo.lua
Added,2031,Tw_Staff_Of_Malang_J,Cat's cane - Swordfish,Weapons,Previously omitted; valid in active Renewal DB and supplied client itemInfo.lua
Added,2032,Thanos_Rod_J,Requiem Wizardry Staff,Weapons,Previously omitted; valid in active Renewal DB and supplied client itemInfo.lua
Added,2033,Toughen_Metal_Staff,Enhanced Metal Staff,Weapons,Previously omitted; valid in active Renewal DB and supplied client itemInfo.lua
Added,2034,Avenger_Wizardy_Staff,Avenger Wizard Staff,Weapons,Previously omitted; valid in active Renewal DB and supplied client itemInfo.lua
Added,2035,Diva_Staff,Diva Staff,Weapons,Previously omitted; valid in active Renewal DB and supplied client itemInfo.lua
Added,2036,Mirage_Staff,Mirage Staff,Weapons,Previously omitted; valid in active Renewal DB and supplied client itemInfo.lua
Added,2037,Sinister_Staff_J,Staff of Evil,Weapons,Previously omitted; valid in active Renewal DB and supplied client itemInfo.lua
Added,2038,Staff_170_J,Sunflower Kid,Weapons,Previously omitted; valid in active Renewal DB and supplied client itemInfo.lua
Added,2039,Wizardy_Staff_IL,Illusion Wizardry Staff,Weapons,Previously omitted; valid in active Renewal DB and supplied client itemInfo.lua
Added,2040,Probation_Staff,Trial Warlock's Staff,Weapons,Previously omitted; valid in active Renewal DB and supplied client itemInfo.lua
Added,2041,Jirant_Staff,Flame Thunder Witch's Wand,Weapons,Previously omitted; valid in active Renewal DB and supplied client itemInfo.lua
Added,2042,Neev_Wizardy_Staff,Neev Wizardy Staff,Weapons,Previously omitted; valid in active Renewal DB and supplied client itemInfo.lua
Added,2043,Neev_Arc_Wand,Neev Arc Wand,Weapons,Previously omitted; valid in active Renewal DB and supplied client itemInfo.lua
Added,2044,Neev_Holy_Stick,Neev Holy Stick,Weapons,Previously omitted; valid in active Renewal DB and supplied client itemInfo.lua
Added,2045,Neev_Divine_Cross,Neev Divine Cross,Weapons,Previously omitted; valid in active Renewal DB and supplied client itemInfo.lua
Added,2046,Rebeginer_WL_Staff,Beginner Warlock's Staff,Weapons,Previously omitted; valid in active Renewal DB and supplied client itemInfo.lua
Added,2049,Staff_Of_Blue_Flame,Blue Flame Cane,Weapons,Previously omitted; valid in active Renewal DB and supplied client itemInfo.lua
Added,2051,Survival_Staff_IL,Illusion Survivor's Staff,Weapons,Previously omitted; valid in active Renewal DB and supplied client itemInfo.lua
Added,2053,Variant_Staff,Abyss Staff,Weapons,Previously omitted; valid in active Renewal DB and supplied client itemInfo.lua
Added,2054,Evt_Iron_Staff,Sealed Aeon Staff,Weapons,Previously omitted; valid in active Renewal DB and supplied client itemInfo.lua
Added,2101,Guard,Guard,Shields,Previously omitted; valid in active Renewal DB and supplied client itemInfo.lua
Added,2102,Guard_,Guard,Shields,Previously omitted; valid in active Renewal DB and supplied client itemInfo.lua
Added,2104,Buckler_,Buckler,Shields,Previously omitted; valid in active Renewal DB and supplied client itemInfo.lua
Added,2106,Shield_,Shield,Shields,Previously omitted; valid in active Renewal DB and supplied client itemInfo.lua
Added,2108,Mirror_Shield_,Mirror Shield,Shields,Previously omitted; valid in active Renewal DB and supplied client itemInfo.lua
Added,2109,Memorize_Book,Memory Book,Shields,Previously omitted; valid in active Renewal DB and supplied client itemInfo.lua
Added,2110,Holy_Guard,Holy Guard,Shields,Previously omitted; valid in active Renewal DB and supplied client itemInfo.lua
Added,2111,Herald_Of_GOD,Sacred Mission,Shields,Previously omitted; valid in active Renewal DB and supplied client itemInfo.lua
Added,2112,Novice_Guard,Novice Guard,Shields,Previously omitted; valid in active Renewal DB and supplied client itemInfo.lua
Added,2114,Stone_Buckler,Stone Buckler,Shields,Previously omitted; valid in active Renewal DB and supplied client itemInfo.lua
Added,2115,Valkyrja's_Shield,Valkyrja's Shield,Shields,Previously omitted; valid in active Renewal DB and supplied client itemInfo.lua
Added,2116,Angel's_Safeguard,Angelic Guard,Shields,Previously omitted; valid in active Renewal DB and supplied client itemInfo.lua
Added,2117,Arm_Guard,Arm Guard,Shields,Previously omitted; valid in active Renewal DB and supplied client itemInfo.lua
Added,2119,Improved_Arm_Guard,Advanced Arm Guard,Shields,Previously omitted; valid in active Renewal DB and supplied client itemInfo.lua
Added,2121,Memorize_Book_,Memory Book,Shields,Previously omitted; valid in active Renewal DB and supplied client itemInfo.lua
Added,2122,Platinum_Shield,Platinum Shield,Shields,Previously omitted; valid in active Renewal DB and supplied client itemInfo.lua
Added,2123,Orleans_Server,Orleans's Server,Shields,Previously omitted; valid in active Renewal DB and supplied client itemInfo.lua
Added,2124,Thorny_Buckler,Thorny Buckler,Shields,Previously omitted; valid in active Renewal DB and supplied client itemInfo.lua
Added,2125,Strong_Shield,Strong Shield,Shields,Previously omitted; valid in active Renewal DB and supplied client itemInfo.lua
Added,2129,Exorcism_Bible,Exorcism Bible,Shields,Previously omitted; valid in active Renewal DB and supplied client itemInfo.lua
Added,2130,Cross_Shield,Cross Shield,Shields,Previously omitted; valid in active Renewal DB and supplied client itemInfo.lua
Added,2131,Magic_Study_Vol1,Magic Bible Vol1,Shields,Previously omitted; valid in active Renewal DB and supplied client itemInfo.lua
Added,2132,Shelter_Resistance,Shell Of Resistance,Shields,Previously omitted; valid in active Renewal DB and supplied client itemInfo.lua
Added,2133,Tournament_Shield,Tournament Shield,Shields,Previously omitted; valid in active Renewal DB and supplied client itemInfo.lua
Added,2134,Shield_Of_Naga,Shield of Naga,Shields,Previously omitted; valid in active Renewal DB and supplied client itemInfo.lua
Added,2135,Shadow_Guard,Shadow Guard,Shields,Previously omitted; valid in active Renewal DB and supplied client itemInfo.lua
Added,2136,Cracked_Buckler,Cracked Buckler,Shields,Previously omitted; valid in active Renewal DB and supplied client itemInfo.lua
Added,2137,Valkyrja's_Shield_C,Neo Valkyrja's Shield,Shields,Previously omitted; valid in active Renewal DB and supplied client itemInfo.lua
Added,2138,Bradium_Shield,Bradium Shield,Shields,Previously omitted; valid in active Renewal DB and supplied client itemInfo.lua
Added,2140,Energy_Rune_Guard,Energy Rune Guard,Shields,Previously omitted; valid in active Renewal DB and supplied client itemInfo.lua
Added,2146,Siver_Guard,Silver Guard,Shields,Previously omitted; valid in active Renewal DB and supplied client itemInfo.lua
Added,2147,Round_Buckler,Round Buckleer,Shields,Previously omitted; valid in active Renewal DB and supplied client itemInfo.lua
Added,2148,Rotha_Shield,Rosa Shield,Shields,Previously omitted; valid in active Renewal DB and supplied client itemInfo.lua
Added,2152,Anti_Demon_Shield_C,Anti-Demon Shield,Shields,Previously omitted; valid in active Renewal DB and supplied client itemInfo.lua
Added,2153,Imperial_Guard,Imperial Guard,Shields,Previously omitted; valid in active Renewal DB and supplied client itemInfo.lua
Added,2160,Giant_Shield,Giant Shield,Shields,Previously omitted; valid in active Renewal DB and supplied client itemInfo.lua
Added,2161,Geffenia_Book_Water,Geffenia Tomb of Water,Shields,Previously omitted; valid in active Renewal DB and supplied client itemInfo.lua
Added,2162,Bible_Of_Promise2,Bible of Promise(2nd Vol.),Shields,Previously omitted; valid in active Renewal DB and supplied client itemInfo.lua
Added,2169,Kalasak,Kalasag,Shields,Previously omitted; valid in active Renewal DB and supplied client itemInfo.lua
Added,2178,TE_Woe_Buckler,TE Woe Buckler,Shields,Previously omitted; valid in active Renewal DB and supplied client itemInfo.lua
Added,2179,TE_Woe_Shield,TE Woe Shield,Shields,Previously omitted; valid in active Renewal DB and supplied client itemInfo.lua
Added,2180,TE_Woe_Magic_Guard,TE Woe Magic Guard,Shields,Previously omitted; valid in active Renewal DB and supplied client itemInfo.lua
Added,2188,Svalinn_J,Svalinn,Shields,Previously omitted; valid in active Renewal DB and supplied client itemInfo.lua
Added,2190,Ancient_Shield_Of_Aeon,Ancient Shield Of Aeon,Shields,Previously omitted; valid in active Renewal DB and supplied client itemInfo.lua
Added,2196,White_Gold_Shield,White Gold Shield,Shields,Previously omitted; valid in active Renewal DB and supplied client itemInfo.lua
Added,2198,Lapine_Shield,Lapine Shield,Shields,Previously omitted; valid in active Renewal DB and supplied client itemInfo.lua
Added,2201,Sunglasses,Sunglasses,Headgear,Previously omitted; valid in active Renewal DB and supplied client itemInfo.lua
Added,2203,Glasses,Glasses,Headgear,Previously omitted; valid in active Renewal DB and supplied client itemInfo.lua
Added,2206,Wedding_Veil,Wedding Veil,Headgear,Previously omitted; valid in active Renewal DB and supplied client itemInfo.lua
Added,2207,Fancy_Flower,Fancy Flower,Headgear,Previously omitted; valid in active Renewal DB and supplied client itemInfo.lua
Added,2209,Ribbon_,Ribbon,Headgear,Previously omitted; valid in active Renewal DB and supplied client itemInfo.lua
Added,2210,Hair_Band,Hair Band,Headgear,Previously omitted; valid in active Renewal DB and supplied client itemInfo.lua
Added,2211,Bandana,Bandana,Headgear,Previously omitted; valid in active Renewal DB and supplied client itemInfo.lua
Added,2213,Cat_Hairband,Kitty Band,Headgear,Previously omitted; valid in active Renewal DB and supplied client itemInfo.lua
Added,2217,Biretta_,Biretta,Headgear,Previously omitted; valid in active Renewal DB and supplied client itemInfo.lua
Added,2220,Hat,Hat,Headgear,Previously omitted; valid in active Renewal DB and supplied client itemInfo.lua
Added,2221,Hat_,Hat,Headgear,Previously omitted; valid in active Renewal DB and supplied client itemInfo.lua
Added,2222,Turban,Turban,Headgear,Previously omitted; valid in active Renewal DB and supplied client itemInfo.lua
Added,2224,Goggle,Goggles,Headgear,Previously omitted; valid in active Renewal DB and supplied client itemInfo.lua
Added,2225,Goggle_,Goggles,Headgear,Previously omitted; valid in active Renewal DB and supplied client itemInfo.lua
Added,2226,Cap,Cap,Headgear,Previously omitted; valid in active Renewal DB and supplied client itemInfo.lua
Added,2227,Cap_,Cap,Headgear,Previously omitted; valid in active Renewal DB and supplied client itemInfo.lua
Added,2229,Helm_,Helm,Headgear,Previously omitted; valid in active Renewal DB and supplied client itemInfo.lua
Added,2231,Gemmed_Sallet_,Gemmed Sallet,Headgear,Previously omitted; valid in active Renewal DB and supplied client itemInfo.lua
Added,2233,Circlet_,Circlet,Headgear,Previously omitted; valid in active Renewal DB and supplied client itemInfo.lua
Added,2234,Tiara,Tiara,Headgear,Previously omitted; valid in active Renewal DB and supplied client itemInfo.lua
Added,2235,Crown,Crown,Headgear,Previously omitted; valid in active Renewal DB and supplied client itemInfo.lua
Added,2236,Santa's_Hat,Santa Hat,Headgear,Previously omitted; valid in active Renewal DB and supplied client itemInfo.lua
Added,2241,Granpa_Beard,Grampa Beard,Headgear,Previously omitted; valid in active Renewal DB and supplied client itemInfo.lua
Added,2244,Big_Sis'_Ribbon,Big Ribbon,Headgear,Previously omitted; valid in active Renewal DB and supplied client itemInfo.lua
Added,2245,Sweet_Gents,Sweet Gent,Headgear,Previously omitted; valid in active Renewal DB and supplied client itemInfo.lua
Added,2246,Golden_Gear,Golden Gear,Headgear,Previously omitted; valid in active Renewal DB and supplied client itemInfo.lua
Added,2247,Oldman's_Romance,Romantic Gent,Headgear,Previously omitted; valid in active Renewal DB and supplied client itemInfo.lua
Added,2248,Western_Grace,Western Grace,Headgear,Previously omitted; valid in active Renewal DB and supplied client itemInfo.lua
Added,2249,Coronet,Coronet,Headgear,Previously omitted; valid in active Renewal DB and supplied client itemInfo.lua
Added,2250,Fillet,Cute Ribbon,Headgear,Previously omitted; valid in active Renewal DB and supplied client itemInfo.lua
Added,2251,Holy_Bonnet,Monk Hat,Headgear,Previously omitted; valid in active Renewal DB and supplied client itemInfo.lua
Added,2252,Star_Sparkling,Wizard Hat,Headgear,Previously omitted; valid in active Renewal DB and supplied client itemInfo.lua
Added,2253,Sunflower,Sunflower,Headgear,Previously omitted; valid in active Renewal DB and supplied client itemInfo.lua
Added,2254,Angelic_Chain,Angel Wing,Headgear,Previously omitted; valid in active Renewal DB and supplied client itemInfo.lua
Added,2255,Satanic_Chain,Evil Wing,Headgear,Previously omitted; valid in active Renewal DB and supplied client itemInfo.lua
Added,2256,Magestic_Goat,Majestic Goat,Headgear,Previously omitted; valid in active Renewal DB and supplied client itemInfo.lua
Added,2257,Snowy_Horn,Unicorn Horn,Headgear,Previously omitted; valid in active Renewal DB and supplied client itemInfo.lua
Added,2258,Sharp_Gear,Spiky Band,Headgear,Previously omitted; valid in active Renewal DB and supplied client itemInfo.lua
Added,2259,Mini_Propeller,Mini Propeller,Headgear,Previously omitted; valid in active Renewal DB and supplied client itemInfo.lua
Added,2260,Mini_Glasses,Mini Glasses,Headgear,Previously omitted; valid in active Renewal DB and supplied client itemInfo.lua
Added,2262,Pierrot_Nose,Clown Nose,Headgear,Previously omitted; valid in active Renewal DB and supplied client itemInfo.lua
Added,2263,Gangster_Patch,Zorro Masque,Headgear,Previously omitted; valid in active Renewal DB and supplied client itemInfo.lua
Added,2264,Munak_Turban,Munak Hat,Headgear,Previously omitted; valid in active Renewal DB and supplied client itemInfo.lua
Added,2265,Ganster_Mask,Gangster Mask,Headgear,Previously omitted; valid in active Renewal DB and supplied client itemInfo.lua
Added,2266,Iron_Cane,Iron Cain,Headgear,Previously omitted; valid in active Renewal DB and supplied client itemInfo.lua
Added,2267,Cigar,Cigarette,Headgear,Previously omitted; valid in active Renewal DB and supplied client itemInfo.lua
Added,2268,Smoking_Pipe,Pipe,Headgear,Previously omitted; valid in active Renewal DB and supplied client itemInfo.lua
Added,2269,Centimental_Flower,Romantic Flower,Headgear,Previously omitted; valid in active Renewal DB and supplied client itemInfo.lua
Added,2270,Centimental_Leaf,Romantic Leaf,Headgear,Previously omitted; valid in active Renewal DB and supplied client itemInfo.lua
Added,2272,Stop_Post,Stop Post,Headgear,Previously omitted; valid in active Renewal DB and supplied client itemInfo.lua
Added,2274,Ghost_Bandana,Ghost Bandana,Headgear,Previously omitted; valid in active Renewal DB and supplied client itemInfo.lua
Added,2275,Red_Bandana,Red Bandana,Headgear,Previously omitted; valid in active Renewal DB and supplied client itemInfo.lua
Added,2276,Eagle_Eyes,Angled Glasses,Headgear,Previously omitted; valid in active Renewal DB and supplied client itemInfo.lua
Added,2277,Nurse_Cap,Nurse Cap,Headgear,Previously omitted; valid in active Renewal DB and supplied client itemInfo.lua
Added,2278,Mr_Smile,Mr. Smile,Headgear,Previously omitted; valid in active Renewal DB and supplied client itemInfo.lua
Added,2279,Bomb_Wick,Bomb Wick,Headgear,Previously omitted; valid in active Renewal DB and supplied client itemInfo.lua
Added,2282,Spirit_Chain,Halo,Headgear,Previously omitted; valid in active Renewal DB and supplied client itemInfo.lua
Added,2285,Apple_Of_Archer,Apple of Archer,Headgear,Previously omitted; valid in active Renewal DB and supplied client itemInfo.lua
Added,2286,Elven_Ears,Elven Ears,Headgear,Previously omitted; valid in active Renewal DB and supplied client itemInfo.lua
Added,2287,Pirate_Bandana,Pirate Bandana,Headgear,Previously omitted; valid in active Renewal DB and supplied client itemInfo.lua
Added,2288,Mr_Scream,Mr. Scream,Headgear,Previously omitted; valid in active Renewal DB and supplied client itemInfo.lua
Added,2289,Poo_Poo_Hat,Poo Poo Hat,Headgear,Previously omitted; valid in active Renewal DB and supplied client itemInfo.lua
Added,2291,Masquerade,Masquerade,Headgear,Previously omitted; valid in active Renewal DB and supplied client itemInfo.lua
Added,2294,Star_Dust,Stellar,Headgear,Previously omitted; valid in active Renewal DB and supplied client itemInfo.lua
Added,2296,Binoculars,Binoculars,Headgear,Previously omitted; valid in active Renewal DB and supplied client itemInfo.lua
Added,2297,Goblini_Mask,Goblin Mask,Headgear,Previously omitted; valid in active Renewal DB and supplied client itemInfo.lua
Added,2298,Green_Feeler,Green Feeler,Headgear,Previously omitted; valid in active Renewal DB and supplied client itemInfo.lua
Added,2299,Viking_Helm,Orc Helm,Headgear,Previously omitted; valid in active Renewal DB and supplied client itemInfo.lua
Added,2301,Cotton_Shirt,Cotton Shirt,Armor,Previously omitted; valid in active Renewal DB and supplied client itemInfo.lua
Added,2302,Cotton_Shirt_,Cotton Shirt,Armor,Previously omitted; valid in active Renewal DB and supplied client itemInfo.lua
Added,2303,Leather_Jacket,Jacket,Armor,Previously omitted; valid in active Renewal DB and supplied client itemInfo.lua
Added,2304,Leather_Jacket_,Jacket,Armor,Previously omitted; valid in active Renewal DB and supplied client itemInfo.lua
Added,2305,Adventure_Suit,Adventurer's Suit,Armor,Previously omitted; valid in active Renewal DB and supplied client itemInfo.lua
Added,2306,Adventurere's_Suit_,Adventurer's Suit,Armor,Previously omitted; valid in active Renewal DB and supplied client itemInfo.lua
Added,2307,Mantle,Mantle,Armor,Previously omitted; valid in active Renewal DB and supplied client itemInfo.lua
Added,2308,Mantle_,Mantle,Armor,Previously omitted; valid in active Renewal DB and supplied client itemInfo.lua
Added,2309,Coat,Coat,Armor,Previously omitted; valid in active Renewal DB and supplied client itemInfo.lua
Added,2310,Coat_,Coat,Armor,Previously omitted; valid in active Renewal DB and supplied client itemInfo.lua
Added,2311,Mink_Coat,Mink Coat,Armor,Previously omitted; valid in active Renewal DB and supplied client itemInfo.lua
Added,2312,Padded_Armor,Padded Armor,Armor,Previously omitted; valid in active Renewal DB and supplied client itemInfo.lua
Added,2313,Padded_Armor_,Padded Armor,Armor,Previously omitted; valid in active Renewal DB and supplied client itemInfo.lua
Added,2314,Chain_Mail,Chain Mail,Armor,Previously omitted; valid in active Renewal DB and supplied client itemInfo.lua
Added,2315,Chain_Mail_,Chain Mail,Armor,Previously omitted; valid in active Renewal DB and supplied client itemInfo.lua
Added,2316,Plate_Armor,Full Plate,Armor,Previously omitted; valid in active Renewal DB and supplied client itemInfo.lua
Added,2317,Plate_Armor_,Full Plate,Armor,Previously omitted; valid in active Renewal DB and supplied client itemInfo.lua
Added,2318,Clothes_Of_The_Lord,Lord's Clothes,Armor,Previously omitted; valid in active Renewal DB and supplied client itemInfo.lua
Added,2319,Glittering_Clothes,Glittering Jacket,Armor,Previously omitted; valid in active Renewal DB and supplied client itemInfo.lua
Added,2320,Formal_Suit,Formal Suit,Armor,Previously omitted; valid in active Renewal DB and supplied client itemInfo.lua
Added,2322,Silk_Robe_,Silk Robe,Armor,Previously omitted; valid in active Renewal DB and supplied client itemInfo.lua
Added,2323,Scapulare,Scapulare,Armor,Previously omitted; valid in active Renewal DB and supplied client itemInfo.lua
Added,2324,Scapulare_,Scapulare,Armor,Previously omitted; valid in active Renewal DB and supplied client itemInfo.lua
Added,2325,Saint_Robe,Saint's Robe,Armor,Previously omitted; valid in active Renewal DB and supplied client itemInfo.lua
Added,2326,Saint_Robe_,Saint's Robe,Armor,Previously omitted; valid in active Renewal DB and supplied client itemInfo.lua
Added,2327,Holy_Robe,Holy Robe,Armor,Previously omitted; valid in active Renewal DB and supplied client itemInfo.lua
Added,2328,Wooden_Mail,Wooden Mail,Armor,Previously omitted; valid in active Renewal DB and supplied client itemInfo.lua
Added,2330,Tights,Tights,Armor,Previously omitted; valid in active Renewal DB and supplied client itemInfo.lua
Added,2331,Tights_,Tights,Armor,Previously omitted; valid in active Renewal DB and supplied client itemInfo.lua
Added,2332,Silver_Robe,Silver Robe,Armor,Previously omitted; valid in active Renewal DB and supplied client itemInfo.lua
Added,2333,Silver_Robe_,Silver Robe,Armor,Previously omitted; valid in active Renewal DB and supplied client itemInfo.lua
Added,2334,Mage_Coat,Mage Coat,Armor,Previously omitted; valid in active Renewal DB and supplied client itemInfo.lua
Added,2335,Thief_Clothes,Thief Clothes,Armor,Previously omitted; valid in active Renewal DB and supplied client itemInfo.lua
Added,2336,Thief_Clothes_,Thief Clothes,Armor,Previously omitted; valid in active Renewal DB and supplied client itemInfo.lua
Added,2337,Ninja_Suit,Ninja Suit,Armor,Previously omitted; valid in active Renewal DB and supplied client itemInfo.lua
Added,2338,Wedding_Dress,Wedding Dress,Armor,Previously omitted; valid in active Renewal DB and supplied client itemInfo.lua
Added,2339,G_Strings,Pantie,Armor,Previously omitted; valid in active Renewal DB and supplied client itemInfo.lua
Added,2341,Full_Plate_Armor,Legion Plate Armor,Armor,Previously omitted; valid in active Renewal DB and supplied client itemInfo.lua
Added,2342,Full_Plate_Armor_,Legion Plate Armor,Armor,Previously omitted; valid in active Renewal DB and supplied client itemInfo.lua
Added,2343,Robe_Of_Casting,Robe of Cast,Armor,Previously omitted; valid in active Renewal DB and supplied client itemInfo.lua
Added,2344,Flame_Sprits_Armor,Lucius's Fierce Armor of Volcano,Armor,Previously omitted; valid in active Renewal DB and supplied client itemInfo.lua
Added,2345,Flame_Sprits_Armor_,Lucius's Fierce Armor of Volcano,Armor,Previously omitted; valid in active Renewal DB and supplied client itemInfo.lua
Added,2346,Water_Sprits_Armor,Saphien's Armor of Ocean,Armor,Previously omitted; valid in active Renewal DB and supplied client itemInfo.lua
Added,2347,Water_Sprits_Armor_,Saphien's Armor of Ocean,Armor,Previously omitted; valid in active Renewal DB and supplied client itemInfo.lua
Added,2348,Wind_Sprits_Armor,Aebecee's Raging Typhoon Armor,Armor,Previously omitted; valid in active Renewal DB and supplied client itemInfo.lua
Added,2350,Earth_Sprits_Armor,Claytos Cracking Earth Armor,Armor,Previously omitted; valid in active Renewal DB and supplied client itemInfo.lua
Added,2352,Novice_Plate,Tattered Novice Ninja Suit,Armor,Previously omitted; valid in active Renewal DB and supplied client itemInfo.lua
Added,2353,Odin's_Blessing,Odin's Blessing,Armor,Previously omitted; valid in active Renewal DB and supplied client itemInfo.lua
Added,2354,Goibne's_Armor,Goibne's Armor,Armor,Previously omitted; valid in active Renewal DB and supplied client itemInfo.lua
Added,2355,Angel's_Protection,Angelic Protection,Armor,Previously omitted; valid in active Renewal DB and supplied client itemInfo.lua
Added,2357,Valkyrie_Armor,Valkyrian Armor,Armor,Previously omitted; valid in active Renewal DB and supplied client itemInfo.lua
Added,2359,Ninja_Suit_,Ninja Suit,Armor,Previously omitted; valid in active Renewal DB and supplied client itemInfo.lua
Added,2364,Meteo_Plate_Armor,Meteo Plate Armor,Armor,Previously omitted; valid in active Renewal DB and supplied client itemInfo.lua
Added,2365,Orleans_Gown,Orleans's Gown,Armor,Previously omitted; valid in active Renewal DB and supplied client itemInfo.lua
Added,2366,Divine_Cloth,Divine Cloth,Armor,Previously omitted; valid in active Renewal DB and supplied client itemInfo.lua
Added,2367,Sniping_Suit,Sniping Suit,Armor,Previously omitted; valid in active Renewal DB and supplied client itemInfo.lua
Added,2369,Freyja_Overcoat,Freyja Overcoat,Armor,Previously omitted; valid in active Renewal DB and supplied client itemInfo.lua
Added,2372,Mage_Coat_,Mage Coat,Armor,Previously omitted; valid in active Renewal DB and supplied client itemInfo.lua
Added,2373,Holy_Robe_,Holy Robe,Armor,Previously omitted; valid in active Renewal DB and supplied client itemInfo.lua
Added,2374,Diabolus_Robe,Diabolus Robe,Armor,Previously omitted; valid in active Renewal DB and supplied client itemInfo.lua
Added,2375,Diabolus_Armor,Diabolus Armor,Armor,Previously omitted; valid in active Renewal DB and supplied client itemInfo.lua
Added,2376,Assaulter_Plate,Assaulter Plate,Armor,Previously omitted; valid in active Renewal DB and supplied client itemInfo.lua
Added,2377,Elite_Engineer_Armor,Elite Engineer Armor,Armor,Previously omitted; valid in active Renewal DB and supplied client itemInfo.lua
Added,2378,Assassin_Robe,Assassin Robe,Armor,Previously omitted; valid in active Renewal DB and supplied client itemInfo.lua
Added,2379,Warlock_Battle_Robe,Warlock's Battle Robe,Armor,Previously omitted; valid in active Renewal DB and supplied client itemInfo.lua
Added,2380,Medic_Robe,Medic's Robe,Armor,Previously omitted; valid in active Renewal DB and supplied client itemInfo.lua
Added,2381,Elite_Archer_Suit,Elite Archer Suit,Armor,Previously omitted; valid in active Renewal DB and supplied client itemInfo.lua
Added,2382,Elite_Shooter_Suit,Elite Shooter Suit,Armor,Previously omitted; valid in active Renewal DB and supplied client itemInfo.lua
Added,2384,Spritual_Tunic,Spiritual Tunic,Armor,Previously omitted; valid in active Renewal DB and supplied client itemInfo.lua
Added,2385,Recuperative_Armor,Recuperative Armor,Armor,Previously omitted; valid in active Renewal DB and supplied client itemInfo.lua
Added,2386,Chameleon_Armor,Chameleon Armor,Armor,Previously omitted; valid in active Renewal DB and supplied client itemInfo.lua
Added,2387,Sprint_Mail,Sprint Mail,Armor,Previously omitted; valid in active Renewal DB and supplied client itemInfo.lua
Added,2388,Kandura,Kandura,Armor,Previously omitted; valid in active Renewal DB and supplied client itemInfo.lua
Added,2389,Armor_Of_Naga,Armor of Naga,Armor,Previously omitted; valid in active Renewal DB and supplied client itemInfo.lua
Added,2390,Improved_Tights,Improved Tights,Armor,Previously omitted; valid in active Renewal DB and supplied client itemInfo.lua
Added,2391,Life_Link,Life Link,Armor,Previously omitted; valid in active Renewal DB and supplied client itemInfo.lua
Added,2392,Old_Pant,Old Green Pantie,Armor,Previously omitted; valid in active Renewal DB and supplied client itemInfo.lua
Added,2393,N_Adventurer's_Suit,Novice Adventurer's Suit,Armor,Previously omitted; valid in active Renewal DB and supplied client itemInfo.lua
Added,2394,Krieger_Suit1,Glorious Suit,Armor,Previously omitted; valid in active Renewal DB and supplied client itemInfo.lua
Added,2395,Krieger_Suit2,Glorious Popularized Suit,Armor,Previously omitted; valid in active Renewal DB and supplied client itemInfo.lua
Added,2396,Krieger_Suit3,Glorious Mass-Production Suit,Armor,Previously omitted; valid in active Renewal DB and supplied client itemInfo.lua
Added,2397,Incredible_Coat,Incredible Event Resignation Coat,Armor,Previously omitted; valid in active Renewal DB and supplied client itemInfo.lua
Added,2399,Dragon_Vest,Dragon Vest,Armor,Previously omitted; valid in active Renewal DB and supplied client itemInfo.lua
Added,2400,Pollux_Shoes_J,Pollux Shoes,Shoes,Previously omitted; valid in active Renewal DB and supplied client itemInfo.lua
Added,2402,Sandals_,Sandals,Shoes,Previously omitted; valid in active Renewal DB and supplied client itemInfo.lua
Added,2403,Shoes,Shoes,Shoes,Previously omitted; valid in active Renewal DB and supplied client itemInfo.lua
Added,2404,Shoes_,Shoes,Shoes,Previously omitted; valid in active Renewal DB and supplied client itemInfo.lua
Added,2405,Boots,Boots,Shoes,Previously omitted; valid in active Renewal DB and supplied client itemInfo.lua
Added,2406,Boots_,Boots,Shoes,Previously omitted; valid in active Renewal DB and supplied client itemInfo.lua
Added,2407,Chrystal_Pumps,Crystal Pumps,Shoes,Previously omitted; valid in active Renewal DB and supplied client itemInfo.lua
Added,2408,Cuffs,Shackles,Shoes,Previously omitted; valid in active Renewal DB and supplied client itemInfo.lua
Added,2409,Spiky_Heel,High Heels,Shoes,Previously omitted; valid in active Renewal DB and supplied client itemInfo.lua
Added,2412,Grave_,Greaves,Shoes,Previously omitted; valid in active Renewal DB and supplied client itemInfo.lua
Added,2414,Novice_Boots,Novice Slippers,Shoes,Previously omitted; valid in active Renewal DB and supplied client itemInfo.lua
Added,2417,Fricco_Shoes,Fricco's Shoes,Shoes,Previously omitted; valid in active Renewal DB and supplied client itemInfo.lua
Added,2418,Vidar's_Boots,Vidar's Boots,Shoes,Previously omitted; valid in active Renewal DB and supplied client itemInfo.lua
Added,2419,Goibne's_Combat_Boots,Goibne's Greaves,Shoes,Previously omitted; valid in active Renewal DB and supplied client itemInfo.lua
Added,2420,Angel's_Arrival,Angel's Reincarnation,Shoes,Previously omitted; valid in active Renewal DB and supplied client itemInfo.lua
Added,2421,Valkyrie_Shoes,Valkyrian Shoes,Shoes,Previously omitted; valid in active Renewal DB and supplied client itemInfo.lua
Added,2422,High_Fashion_Sandals,High Fashion Sandals,Shoes,Previously omitted; valid in active Renewal DB and supplied client itemInfo.lua
Added,2423,Variant_Shoes,Variant Shoes,Shoes,Previously omitted; valid in active Renewal DB and supplied client itemInfo.lua
Added,2424,Tidal_Shoes,Tidal Shoes,Shoes,Previously omitted; valid in active Renewal DB and supplied client itemInfo.lua
Added,2425,Black_Leather_Boots,Black Leather Boots,Shoes,Previously omitted; valid in active Renewal DB and supplied client itemInfo.lua
Added,2426,Shadow_Walk,Shadow Walk,Shoes,Previously omitted; valid in active Renewal DB and supplied client itemInfo.lua
Added,2428,Freyja_Boots,Freyja Boots,Shoes,Previously omitted; valid in active Renewal DB and supplied client itemInfo.lua
Added,2429,Iron_Boots01,Iron Boots,Shoes,Previously omitted; valid in active Renewal DB and supplied client itemInfo.lua
Added,2430,Iron_Boots02,Iron Boots,Shoes,Previously omitted; valid in active Renewal DB and supplied client itemInfo.lua
Added,2433,Diabolus_Boots,Diabolus Boots,Shoes,Previously omitted; valid in active Renewal DB and supplied client itemInfo.lua
Added,2435,Battle_Greave,Battle Greaves,Shoes,Previously omitted; valid in active Renewal DB and supplied client itemInfo.lua
Added,2436,Combat_Boots,Combat Boots,Shoes,Previously omitted; valid in active Renewal DB and supplied client itemInfo.lua
Added,2437,Battle_Boots,Battle Boots,Shoes,Previously omitted; valid in active Renewal DB and supplied client itemInfo.lua
Added,2439,Refresh_Shoes,Refresh Shoes,Shoes,Previously omitted; valid in active Renewal DB and supplied client itemInfo.lua
Added,2440,Sprint_Shoes,Sprint Shoes,Shoes,Previously omitted; valid in active Renewal DB and supplied client itemInfo.lua
Added,2442,Boots_Perforated,Red Stocking Boots,Shoes,Previously omitted; valid in active Renewal DB and supplied client itemInfo.lua
Added,2443,Fish_Shoes,Fisher's Boots,Shoes,Previously omitted; valid in active Renewal DB and supplied client itemInfo.lua
Added,2444,Krieger_Shoes1,Glorious Shoes,Shoes,Previously omitted; valid in active Renewal DB and supplied client itemInfo.lua
Added,2445,Krieger_Shoes2,Glorious Popularized Shoes,Shoes,Previously omitted; valid in active Renewal DB and supplied client itemInfo.lua
Added,2446,Krieger_Shoes3,Glorious Mass-Production Shoes,Shoes,Previously omitted; valid in active Renewal DB and supplied client itemInfo.lua
Added,2450,Vital_Tree_Shoes,Vital Tree Shoes,Shoes,Previously omitted; valid in active Renewal DB and supplied client itemInfo.lua
Added,2456,Para_Team_Boots1,Eden Team Boots I,Shoes,Previously omitted; valid in active Renewal DB and supplied client itemInfo.lua
Added,2457,Para_Team_Boots2,Eden Team Boots II,Shoes,Previously omitted; valid in active Renewal DB and supplied client itemInfo.lua
Added,2458,Para_Team_Boots3,Eden Team Boots III,Shoes,Previously omitted; valid in active Renewal DB and supplied client itemInfo.lua
Added,2463,Feral_Boots,Feral Boots,Shoes,Previously omitted; valid in active Renewal DB and supplied client itemInfo.lua
Added,2465,Dance_Shoes,Dance Shoes,Shoes,Previously omitted; valid in active Renewal DB and supplied client itemInfo.lua
Added,2473,Para_Team_Boots4,Eden Team Boots IV,Shoes,Previously omitted; valid in active Renewal DB and supplied client itemInfo.lua
Added,2483,Siege_Greave,Siege Greaves,Shoes,Previously omitted; valid in active Renewal DB and supplied client itemInfo.lua
Added,2484,Siege_Boots,Siege Boots,Shoes,Previously omitted; valid in active Renewal DB and supplied client itemInfo.lua
Added,2485,Siege_Shoes,Siege Shoes,Shoes,Previously omitted; valid in active Renewal DB and supplied client itemInfo.lua
Added,2486,Shadow_Walk_,Shadow Walk,Shoes,Previously omitted; valid in active Renewal DB and supplied client itemInfo.lua
Added,2491,Bangungot_Boots,Bangungot Boots of Nightmare,Shoes,Previously omitted; valid in active Renewal DB and supplied client itemInfo.lua
Added,2495,Egir_Shoes,Egir Shoes,Shoes,Previously omitted; valid in active Renewal DB and supplied client itemInfo.lua
Added,2496,TE_Woe_Shoes,TE Woe Shoes,Shoes,Previously omitted; valid in active Renewal DB and supplied client itemInfo.lua
Added,2497,TE_Woe_Boots,TE Woe Boots,Shoes,Previously omitted; valid in active Renewal DB and supplied client itemInfo.lua
Added,2498,TE_Woe_Magic_Sandal,TE Woe Magic Sandal,Shoes,Previously omitted; valid in active Renewal DB and supplied client itemInfo.lua
Added,2501,Hood,Hood,Garments,Previously omitted; valid in active Renewal DB and supplied client itemInfo.lua
Added,2502,Hood_,Hood,Garments,Previously omitted; valid in active Renewal DB and supplied client itemInfo.lua
Added,2504,Muffler_,Muffler,Garments,Previously omitted; valid in active Renewal DB and supplied client itemInfo.lua
Added,2505,Manteau,Manteau,Garments,Previously omitted; valid in active Renewal DB and supplied client itemInfo.lua
Added,2506,Manteau_,Manteau,Garments,Previously omitted; valid in active Renewal DB and supplied client itemInfo.lua
Added,2507,Cape_Of_Ancient_Lord,Ancient Cape,Garments,Previously omitted; valid in active Renewal DB and supplied client itemInfo.lua
Added,2508,Ragamuffin_Cape,Ragamuffin Manteau,Garments,Previously omitted; valid in active Renewal DB and supplied client itemInfo.lua
Added,2509,Clack_Of_Servival,Survivor's Manteau,Garments,Previously omitted; valid in active Renewal DB and supplied client itemInfo.lua
Added,2510,Novice_Hood,Somber Novice Hood,Garments,Previously omitted; valid in active Renewal DB and supplied client itemInfo.lua
Added,2513,Celestial_Robe,Heavenly Maiden Robe,Garments,Previously omitted; valid in active Renewal DB and supplied client itemInfo.lua
Added,2514,Pauldron,Pauldron,Garments,Previously omitted; valid in active Renewal DB and supplied client itemInfo.lua
Added,2515,Wing_Of_Eagle,Eagle Wing,Garments,Previously omitted; valid in active Renewal DB and supplied client itemInfo.lua
Added,2516,Falcon_Robe,Falcon Muffler,Garments,Previously omitted; valid in active Renewal DB and supplied client itemInfo.lua
Added,2517,Vali's_Manteau,Vali's Manteau,Garments,Previously omitted; valid in active Renewal DB and supplied client itemInfo.lua
Added,2518,Morpheus's_Shawl,Morpheus's Shawl,Garments,Previously omitted; valid in active Renewal DB and supplied client itemInfo.lua
Added,2519,Morrigane's_Manteau,Morrigane's Manteau,Garments,Previously omitted; valid in active Renewal DB and supplied client itemInfo.lua
Added,2520,Goibne's_Shoulder_Arms,Goibne's Spaulders,Garments,Previously omitted; valid in active Renewal DB and supplied client itemInfo.lua
Added,2521,Angel's_Warmth,Angelic Cardigan,Garments,Previously omitted; valid in active Renewal DB and supplied client itemInfo.lua
Added,2522,Undershirt,Undershirt,Garments,Previously omitted; valid in active Renewal DB and supplied client itemInfo.lua
Added,2524,Valkyrie_Manteau,Valkyrian Manteau,Garments,Previously omitted; valid in active Renewal DB and supplied client itemInfo.lua
Added,2525,Cape_Of_Ancient_Lord_,Ancient Cape,Garments,Previously omitted; valid in active Renewal DB and supplied client itemInfo.lua
Added,2527,Dragon_Breath,Dragon Breath,Garments,Previously omitted; valid in active Renewal DB and supplied client itemInfo.lua
Added,2528,Wool_Scarf,Wool Scarf,Garments,Previously omitted; valid in active Renewal DB and supplied client itemInfo.lua
Added,2529,Rider_Insignia,Rider Insignia,Garments,Previously omitted; valid in active Renewal DB and supplied client itemInfo.lua
Added,2530,Rider_Insignia_,Rider Insignia,Garments,Previously omitted; valid in active Renewal DB and supplied client itemInfo.lua
Added,2531,Ulfhedinn,Ulfhedinn,Garments,Previously omitted; valid in active Renewal DB and supplied client itemInfo.lua
Added,2532,Mithril_Magic_Cape,Mithril Magic Cape,Garments,Previously omitted; valid in active Renewal DB and supplied client itemInfo.lua
Added,2533,Freyja_Cape,Freyja Cape,Garments,Previously omitted; valid in active Renewal DB and supplied client itemInfo.lua
Added,2535,Cloak_Of_Survival_C,Cloak Of Survival,Garments,Previously omitted; valid in active Renewal DB and supplied client itemInfo.lua
Added,2536,Skin_Of_Ventus,Skin of Ventus,Garments,Previously omitted; valid in active Renewal DB and supplied client itemInfo.lua
Added,2537,Diabolus_Manteau,Diabolus Manteau,Garments,Previously omitted; valid in active Renewal DB and supplied client itemInfo.lua
Added,2538,Commander_Manteau,Captain's Manteau,Garments,Previously omitted; valid in active Renewal DB and supplied client itemInfo.lua
Added,2539,Commander_Manteau_,Commander's Manteau,Garments,Previously omitted; valid in active Renewal DB and supplied client itemInfo.lua
Added,2540,Sheriff_Manteau,Sheriff's Manteau,Garments,Previously omitted; valid in active Renewal DB and supplied client itemInfo.lua
Added,2542,Flame_Manteau,Flame Manteau of Naght Sieger,Garments,Previously omitted; valid in active Renewal DB and supplied client itemInfo.lua
Added,2543,Sylphid_Manteau,Sylphid Manteau,Garments,Previously omitted; valid in active Renewal DB and supplied client itemInfo.lua
Added,2544,Leather_Of_Tendrilion,Leather of Tendrilion,Garments,Previously omitted; valid in active Renewal DB and supplied client itemInfo.lua
Added,2545,Musika,Musika,Garments,Previously omitted; valid in active Renewal DB and supplied client itemInfo.lua
Added,2547,Cheap_Running_Shirts,Cheap Undershirt,Garments,Previously omitted; valid in active Renewal DB and supplied client itemInfo.lua
Added,2548,Muffler_C,Neo Muffler,Garments,Previously omitted; valid in active Renewal DB and supplied client itemInfo.lua
Added,2549,Krieger_Muffler1,Glorious Muffler,Garments,Previously omitted; valid in active Renewal DB and supplied client itemInfo.lua
Added,2554,Piece_Of_Angent_Skin,Nydhorgg's Shadow Garb,Garments,Previously omitted; valid in active Renewal DB and supplied client itemInfo.lua
Added,2560,Para_Team_Manteau,Eden Team Manteau I,Garments,Previously omitted; valid in active Renewal DB and supplied client itemInfo.lua
Added,2564,Feral_Tail,Feral Tail,Garments,Previously omitted; valid in active Renewal DB and supplied client itemInfo.lua
Added,2566,Half_Asprika,Half Asprika,Garments,Previously omitted; valid in active Renewal DB and supplied client itemInfo.lua
Added,2571,Para_Team_Manteau2,Eden Team Manteau II,Garments,Previously omitted; valid in active Renewal DB and supplied client itemInfo.lua
Added,2586,Siege_Manteau,Siege Manteau,Garments,Previously omitted; valid in active Renewal DB and supplied client itemInfo.lua
Added,2587,Siege_Muffler,Siege Muffler,Garments,Previously omitted; valid in active Renewal DB and supplied client itemInfo.lua
Added,2590,Buwaya_Cloth,Buwaya Sack Cloth,Garments,Previously omitted; valid in active Renewal DB and supplied client itemInfo.lua
Added,2601,Ring,Ring,Accessories,Previously omitted; valid in active Renewal DB and supplied client itemInfo.lua
Added,2602,Earring,Earring,Accessories,Previously omitted; valid in active Renewal DB and supplied client itemInfo.lua
Added,2603,Necklace,Necklace,Accessories,Previously omitted; valid in active Renewal DB and supplied client itemInfo.lua
Added,2604,Glove,Glove,Accessories,Previously omitted; valid in active Renewal DB and supplied client itemInfo.lua
Added,2605,Brooch,Brooch,Accessories,Previously omitted; valid in active Renewal DB and supplied client itemInfo.lua
Added,2606,Whike_Black_Tail_L,Rental Black Tail of Hyukke,Accessories,Previously omitted; valid in active Renewal DB and supplied client itemInfo.lua
Added,2607,Clip,Clip,Accessories,Previously omitted; valid in active Renewal DB and supplied client itemInfo.lua
Added,2608,Rosary,Rosary,Accessories,Previously omitted; valid in active Renewal DB and supplied client itemInfo.lua
Added,2609,Skul_Ring,Skull Ring,Accessories,Previously omitted; valid in active Renewal DB and supplied client itemInfo.lua
Added,2610,Gold_Ring,Gold Ring,Accessories,Previously omitted; valid in active Renewal DB and supplied client itemInfo.lua
Added,2611,Silver_Ring,Silver Ring,Accessories,Previously omitted; valid in active Renewal DB and supplied client itemInfo.lua
Added,2612,Flower_Ring,Flower Ring,Accessories,Previously omitted; valid in active Renewal DB and supplied client itemInfo.lua
Added,2613,Diamond_Ring,Diamond Ring,Accessories,Previously omitted; valid in active Renewal DB and supplied client itemInfo.lua
Added,2614,An_Eye_Of_Dullahan,Eye of Dullahan,Accessories,Previously omitted; valid in active Renewal DB and supplied client itemInfo.lua
Added,2615,Safety_Ring,Safety Ring,Accessories,Previously omitted; valid in active Renewal DB and supplied client itemInfo.lua
Added,2616,Critical_Ring,Critical Ring,Accessories,Previously omitted; valid in active Renewal DB and supplied client itemInfo.lua
Added,2617,Mitten_Of_Presbyter,Celebrant's Mitten,Accessories,Previously omitted; valid in active Renewal DB and supplied client itemInfo.lua
Added,2618,Matyr's_Flea_Guard,Matyr's Leash,Accessories,Previously omitted; valid in active Renewal DB and supplied client itemInfo.lua
Added,2619,Thimble_Of_Archer,Bow Thimble,Accessories,Previously omitted; valid in active Renewal DB and supplied client itemInfo.lua
Added,2620,Ring_Of_Rogue,Rogue's Treasure,Accessories,Previously omitted; valid in active Renewal DB and supplied client itemInfo.lua
Added,2621,Ring_,Ring,Accessories,Previously omitted; valid in active Renewal DB and supplied client itemInfo.lua
Added,2622,Earring_,Earring,Accessories,Previously omitted; valid in active Renewal DB and supplied client itemInfo.lua
Added,2624,Glove_,Glove,Accessories,Previously omitted; valid in active Renewal DB and supplied client itemInfo.lua
Added,2625,Brooch_,Brooch,Accessories,Previously omitted; valid in active Renewal DB and supplied client itemInfo.lua
Added,2626,Rosary_,Rosary,Accessories,Previously omitted; valid in active Renewal DB and supplied client itemInfo.lua
Added,2627,Belt,Belt,Accessories,Previously omitted; valid in active Renewal DB and supplied client itemInfo.lua
Added,2634,Bridegroom_Ring,Wedding Ring,Accessories,Previously omitted; valid in active Renewal DB and supplied client itemInfo.lua
Added,2635,Bride_Ring,Wedding Ring,Accessories,Previously omitted; valid in active Renewal DB and supplied client itemInfo.lua
Added,2642,Serin's_Gold_Ring,Serin's Gold Ring,Accessories,Previously omitted; valid in active Renewal DB and supplied client itemInfo.lua
Added,2644,The_Sign_,The Sign,Accessories,Previously omitted; valid in active Renewal DB and supplied client itemInfo.lua
Added,2647,Nile_Rose,Nile Rose,Accessories,Previously omitted; valid in active Renewal DB and supplied client itemInfo.lua
Added,2648,Morpheus's_Ring,Morpheus's Ring,Accessories,Previously omitted; valid in active Renewal DB and supplied client itemInfo.lua
Added,2649,Morpheus's_Armlet,Morpheus's Bracelet,Accessories,Previously omitted; valid in active Renewal DB and supplied client itemInfo.lua
Added,2650,Morrigane's_Belt,Morrigane's Belt,Accessories,Previously omitted; valid in active Renewal DB and supplied client itemInfo.lua
Added,2651,Morrigane's_Pendant,Morrigane's Pendant,Accessories,Previously omitted; valid in active Renewal DB and supplied client itemInfo.lua
Added,2652,Cursed_Lucky_Brooch,Goddess of Fortune's Cursed Brooch,Accessories,Previously omitted; valid in active Renewal DB and supplied client itemInfo.lua
Added,2654,Shinobi's_Sash,Shinobi Sash,Accessories,Previously omitted; valid in active Renewal DB and supplied client itemInfo.lua
Added,2655,Bloody_Iron_Ball,Bloodied Shackle Ball,Accessories,Previously omitted; valid in active Renewal DB and supplied client itemInfo.lua
Added,2656,Hyper_Changer,Armor Charm,Accessories,Previously omitted; valid in active Renewal DB and supplied client itemInfo.lua
Added,2659,Vesper_Core01,Vesper Core 01,Accessories,Previously omitted; valid in active Renewal DB and supplied client itemInfo.lua
Added,2660,Vesper_Core02,Vesper Core 02,Accessories,Previously omitted; valid in active Renewal DB and supplied client itemInfo.lua
Added,2661,Vesper_Core03,Vesper Core 03,Accessories,Previously omitted; valid in active Renewal DB and supplied client itemInfo.lua
Added,2662,Vesper_Core04,Vesper Core 04,Accessories,Previously omitted; valid in active Renewal DB and supplied client itemInfo.lua
Added,2668,Women's_Glory,Woman Glory,Accessories,Previously omitted; valid in active Renewal DB and supplied client itemInfo.lua
Added,2673,Shining_Ring,Warrior's Shining Ring,Accessories,Previously omitted; valid in active Renewal DB and supplied client itemInfo.lua
Added,2674,Honor_Ring,Ring of Honor,Accessories,Previously omitted; valid in active Renewal DB and supplied client itemInfo.lua
Added,2676,Hunter_Earring,Hunter's Earring,Accessories,Previously omitted; valid in active Renewal DB and supplied client itemInfo.lua
Added,2677,Spiritual_Ring,Spiritual Ring,Accessories,Previously omitted; valid in active Renewal DB and supplied client itemInfo.lua
Added,2678,Ring_Of_Flame_Lord,Ring Of Flame Lord,Accessories,Previously omitted; valid in active Renewal DB and supplied client itemInfo.lua
Added,2679,Ring_Of_Resonance,Ring Of Resonance,Accessories,Previously omitted; valid in active Renewal DB and supplied client itemInfo.lua
Added,2680,Lesser_Elemental_Ring,Lesser Elemental Ring,Accessories,Previously omitted; valid in active Renewal DB and supplied client itemInfo.lua
Added,2681,Republic_Ring,Republic Anniversary Ring,Accessories,Previously omitted; valid in active Renewal DB and supplied client itemInfo.lua
Added,2686,Elven_Ears_C,Elven Ears,Headgear,Previously omitted; valid in active Renewal DB and supplied client itemInfo.lua
Added,2687,Steel_Flower_C,Steel Flower,Headgear,Previously omitted; valid in active Renewal DB and supplied client itemInfo.lua
Added,2688,Critical_Ring_C,Critical Ring,Accessories,Previously omitted; valid in active Renewal DB and supplied client itemInfo.lua
Added,2689,Earring_C,Earring,Accessories,Previously omitted; valid in active Renewal DB and supplied client itemInfo.lua
Added,2690,Ring_C,Ring,Accessories,Previously omitted; valid in active Renewal DB and supplied client itemInfo.lua
Added,2691,Necklace_C,Necklace,Accessories,Previously omitted; valid in active Renewal DB and supplied client itemInfo.lua
Added,2692,Glove_C,Glove,Accessories,Previously omitted; valid in active Renewal DB and supplied client itemInfo.lua
Added,2693,Brooch_C,Brooch,Accessories,Previously omitted; valid in active Renewal DB and supplied client itemInfo.lua
Added,2694,Rosary_C,Rosary,Accessories,Previously omitted; valid in active Renewal DB and supplied client itemInfo.lua
Added,2695,Safety_Ring_C,Safety Ring,Accessories,Previously omitted; valid in active Renewal DB and supplied client itemInfo.lua
Added,2696,Vesper_Core01_C,Vesper Core 01,Accessories,Previously omitted; valid in active Renewal DB and supplied client itemInfo.lua
Added,2697,Vesper_Core02_C,Vesper Core 02,Accessories,Previously omitted; valid in active Renewal DB and supplied client itemInfo.lua
Added,2698,Vesper_Core03_C,Vesper Core 03,Accessories,Previously omitted; valid in active Renewal DB and supplied client itemInfo.lua
Added,2699,Vesper_Core04_C,Vesper Core 04,Accessories,Previously omitted; valid in active Renewal DB and supplied client itemInfo.lua
Added,2700,Red_Silk_Seal,Red Silk Seal,Accessories,Previously omitted; valid in active Renewal DB and supplied client itemInfo.lua
Added,2701,Orleans_Glove,Orleans's Glove,Accessories,Previously omitted; valid in active Renewal DB and supplied client itemInfo.lua
Added,2702,Bison_Horn,Bison Horn,Accessories,Previously omitted; valid in active Renewal DB and supplied client itemInfo.lua
Added,2703,Expert_Ring,Expert Ring,Accessories,Previously omitted; valid in active Renewal DB and supplied client itemInfo.lua
Added,2706,Handcuff,Arrest Handcuffs,Accessories,Previously omitted; valid in active Renewal DB and supplied client itemInfo.lua
Added,2709,5_Anniversary_Coin,5th Anniversary Coin,Accessories,Previously omitted; valid in active Renewal DB and supplied client itemInfo.lua
Added,2710,Bloody_Iron_Ball_C,Bloody Iron Ball,Accessories,Previously omitted; valid in active Renewal DB and supplied client itemInfo.lua
Added,2711,Spiritual_Ring_C,Spiritual Ring,Accessories,Previously omitted; valid in active Renewal DB and supplied client itemInfo.lua
Added,2713,Certificate_TW,Certificate,Accessories,Previously omitted; valid in active Renewal DB and supplied client itemInfo.lua
Added,2715,Skul_Ring_,Skull Ring,Accessories,Previously omitted; valid in active Renewal DB and supplied client itemInfo.lua
Added,2716,Librarian_Glove,Librarian Glove,Accessories,Previously omitted; valid in active Renewal DB and supplied client itemInfo.lua
Added,2717,Pocket_Watch_,Pocket Watch,Accessories,Previously omitted; valid in active Renewal DB and supplied client itemInfo.lua
Added,2718,Lunatic_Brooch,Lunatic Brooch,Accessories,Previously omitted; valid in active Renewal DB and supplied client itemInfo.lua
Added,2719,Iron_Wrist,Iron Wrist,Accessories,Previously omitted; valid in active Renewal DB and supplied client itemInfo.lua
Added,2720,Medal_Swordman,Medal of Honor,Accessories,Previously omitted; valid in active Renewal DB and supplied client itemInfo.lua
Added,2721,Medal_Thief,Medal of Honor,Accessories,Previously omitted; valid in active Renewal DB and supplied client itemInfo.lua
Added,2722,Medal_Acolyte,Medal of Honor,Accessories,Previously omitted; valid in active Renewal DB and supplied client itemInfo.lua
Added,2723,Medal_Mage,Medal of Honor,Accessories,Previously omitted; valid in active Renewal DB and supplied client itemInfo.lua
Added,2724,Medal_Archer,Medal of Honor,Accessories,Previously omitted; valid in active Renewal DB and supplied client itemInfo.lua
Added,2725,Medal_Merchant,Medal of Honor,Accessories,Previously omitted; valid in active Renewal DB and supplied client itemInfo.lua
Added,2726,Icarus_Wing,Icarus Wings,Accessories,Previously omitted; valid in active Renewal DB and supplied client itemInfo.lua
Added,2727,Bowman_Scarf,Bowman Scarf,Accessories,Previously omitted; valid in active Renewal DB and supplied client itemInfo.lua
Added,2728,Cursed_Hand,Cursed Hand,Accessories,Previously omitted; valid in active Renewal DB and supplied client itemInfo.lua
Added,2729,Diabolus_Ring,Diabolus Ring,Accessories,Previously omitted; valid in active Renewal DB and supplied client itemInfo.lua
Added,2733,Medal_Gunner,Sheriff Badge,Accessories,Previously omitted; valid in active Renewal DB and supplied client itemInfo.lua
Added,2734,Directive_A,Directive,Accessories,Previously omitted; valid in active Renewal DB and supplied client itemInfo.lua
Added,2735,Directive_B,Directive,Accessories,Previously omitted; valid in active Renewal DB and supplied client itemInfo.lua
Added,2738,Shiny_Coin,Shiny Coin,Accessories,Previously omitted; valid in active Renewal DB and supplied client itemInfo.lua
Added,2739,Ordinary_Coin,Ordinary Coin,Accessories,Previously omitted; valid in active Renewal DB and supplied client itemInfo.lua
Added,2740,Rusty_Coin,Rusty Coin,Accessories,Previously omitted; valid in active Renewal DB and supplied client itemInfo.lua
Added,2741,All_In_One_Ring,All In One Ring,Accessories,Previously omitted; valid in active Renewal DB and supplied client itemInfo.lua
Added,2742,Lucky_Clip,Lucky Clip,Accessories,Previously omitted; valid in active Renewal DB and supplied client itemInfo.lua
Added,2743,Angelic_Ring,Angelic Ring,Accessories,Previously omitted; valid in active Renewal DB and supplied client itemInfo.lua
Added,2744,Sprint_Ring,Sprint Ring,Accessories,Previously omitted; valid in active Renewal DB and supplied client itemInfo.lua
Added,2745,Pinguicula_Corsage,Pinguicula Corsage,Accessories,Previously omitted; valid in active Renewal DB and supplied client itemInfo.lua
Added,2746,Cold_Heart,Cold Heart,Accessories,Previously omitted; valid in active Renewal DB and supplied client itemInfo.lua
Added,2747,Black_Cat,Black Cat,Accessories,Previously omitted; valid in active Renewal DB and supplied client itemInfo.lua
Added,2748,Cursed_Star,Cursed Star,Accessories,Previously omitted; valid in active Renewal DB and supplied client itemInfo.lua
Added,2749,Linen_Glove,Linen Glove,Accessories,Previously omitted; valid in active Renewal DB and supplied client itemInfo.lua
Added,2750,Summer_Night_Dream,Summer Night Dream,Accessories,Previously omitted; valid in active Renewal DB and supplied client itemInfo.lua
Added,2752,Praxinus_C,Praccsinos,Accessories,Previously omitted; valid in active Renewal DB and supplied client itemInfo.lua
Added,2753,Beholder_Ring,Beholder Ring,Accessories,Previously omitted; valid in active Renewal DB and supplied client itemInfo.lua
Added,2754,Hallow_Ring,Hallow Ring,Accessories,Previously omitted; valid in active Renewal DB and supplied client itemInfo.lua
Added,2755,Clamorous_Ring,Clamorous Ring,Accessories,Previously omitted; valid in active Renewal DB and supplied client itemInfo.lua
Added,2756,Chemical_Ring,Chemical Ring,Accessories,Previously omitted; valid in active Renewal DB and supplied client itemInfo.lua
Added,2757,Insecticide_Ring,Insecticide Ring,Accessories,Previously omitted; valid in active Renewal DB and supplied client itemInfo.lua
Added,2758,Fisher_Ring,Fischer Ring,Accessories,Previously omitted; valid in active Renewal DB and supplied client itemInfo.lua
Added,2759,Decussate_Ring,Decussate Ring,Accessories,Previously omitted; valid in active Renewal DB and supplied client itemInfo.lua
Added,2760,Bloody_Ring,Bloody Ring,Accessories,Previously omitted; valid in active Renewal DB and supplied client itemInfo.lua
Added,2761,Satanic_Ring,Satanic Ring,Accessories,Previously omitted; valid in active Renewal DB and supplied client itemInfo.lua
Added,2762,Dragoon_Ring,Dragon Ring,Accessories,Previously omitted; valid in active Renewal DB and supplied client itemInfo.lua
Added,2763,Skul_Ring_C,Neo Skull Ring,Accessories,Previously omitted; valid in active Renewal DB and supplied client itemInfo.lua
Added,2766,Swordman_Figure,Swordman Figure,Accessories,Previously omitted; valid in active Renewal DB and supplied client itemInfo.lua
Added,2767,Acolyte_Figure,Acolyte Figure,Accessories,Previously omitted; valid in active Renewal DB and supplied client itemInfo.lua
Added,2768,Mage_Figure,Mage Figure,Accessories,Previously omitted; valid in active Renewal DB and supplied client itemInfo.lua
Added,2769,Archer_Figure,Archer Figure,Accessories,Previously omitted; valid in active Renewal DB and supplied client itemInfo.lua
Added,2770,Thief_Figure,Thief Figure,Accessories,Previously omitted; valid in active Renewal DB and supplied client itemInfo.lua
Added,2771,Merchant_Figure,Merchant Figure,Accessories,Previously omitted; valid in active Renewal DB and supplied client itemInfo.lua
Added,2772,Krieger_Ring1,Glorious Ring,Accessories,Previously omitted; valid in active Renewal DB and supplied client itemInfo.lua
Added,2773,Krieger_Ring2,Glorious Mass-Production Ring,Accessories,Previously omitted; valid in active Renewal DB and supplied client itemInfo.lua
Added,2774,Krieger_Ring3,Glorious Popularized Ring,Accessories,Previously omitted; valid in active Renewal DB and supplied client itemInfo.lua
Added,2783,Eyes_Stone_Ring,Eye Stone Ring,Accessories,Previously omitted; valid in active Renewal DB and supplied client itemInfo.lua
Added,2787,Waterdrop_Brooch,Waterdrop Brooch,Accessories,Previously omitted; valid in active Renewal DB and supplied client itemInfo.lua
Added,2789,Bradium_Ring,Bradium Ring,Accessories,Previously omitted; valid in active Renewal DB and supplied client itemInfo.lua
Added,2792,Ring_Of_Flame_Lord_I,Ring of Flame Lord,Accessories,Previously omitted; valid in active Renewal DB and supplied client itemInfo.lua
Added,2793,Ring_Of_Resonance_I,Ring of Resonance,Accessories,Previously omitted; valid in active Renewal DB and supplied client itemInfo.lua
Added,2794,Magic_Stone_Ring,Magic Stone Ring,Accessories,Previously omitted; valid in active Renewal DB and supplied client itemInfo.lua
Added,2795,Green_Apple_Ring,Green Apple Ring,Accessories,Previously omitted; valid in active Renewal DB and supplied client itemInfo.lua
Added,2796,Magical_Stone,Rocks,Accessories,Previously omitted; valid in active Renewal DB and supplied client itemInfo.lua
Added,2797,Magical_Stone_,Rocks,Accessories,Previously omitted; valid in active Renewal DB and supplied client itemInfo.lua
Added,2798,Will_Of_Exhausted_Angel,Will Of Exhausted Angel,Accessories,Previously omitted; valid in active Renewal DB and supplied client itemInfo.lua
Added,2815,Th_Ring_Of_Water,Ring Of Water,Accessories,Previously omitted; valid in active Renewal DB and supplied client itemInfo.lua
Added,2816,Radar_Ring1,Radar Ring,Accessories,Previously omitted; valid in active Renewal DB and supplied client itemInfo.lua
Added,2817,Radar_Ring2,Radar Ring,Accessories,Previously omitted; valid in active Renewal DB and supplied client itemInfo.lua
Added,2818,Radar_Ring3,Radar Ring,Accessories,Previously omitted; valid in active Renewal DB and supplied client itemInfo.lua
Added,2819,Swordman_Manual,Swordsman Manual,Accessories,Previously omitted; valid in active Renewal DB and supplied client itemInfo.lua
Added,2820,Thief_Manual,Thief Manual,Accessories,Previously omitted; valid in active Renewal DB and supplied client itemInfo.lua
Added,2821,Acolyte_Manual,Acolyte Manual,Accessories,Previously omitted; valid in active Renewal DB and supplied client itemInfo.lua
Added,2822,Archer_Manual,Archer Manual,Accessories,Previously omitted; valid in active Renewal DB and supplied client itemInfo.lua
Added,2823,Merchant_Manual,Merchant Manual,Accessories,Previously omitted; valid in active Renewal DB and supplied client itemInfo.lua
Added,2824,Mage_Manual,Mage Manual,Accessories,Previously omitted; valid in active Renewal DB and supplied client itemInfo.lua
Added,2832,Freyja_Ring,Freyja's Ring,Accessories,Previously omitted; valid in active Renewal DB and supplied client itemInfo.lua
Added,2834,F_All_In_One_Ring,All In One Ring,Accessories,Previously omitted; valid in active Renewal DB and supplied client itemInfo.lua
Added,2835,F_Critical_Ring_C,Critical Ring,Accessories,Previously omitted; valid in active Renewal DB and supplied client itemInfo.lua
Added,2836,F_Glove_C,Glove,Accessories,Previously omitted; valid in active Renewal DB and supplied client itemInfo.lua
Added,2837,F_Safety_Ring_C,Safety Ring,Accessories,Previously omitted; valid in active Renewal DB and supplied client itemInfo.lua
Added,2838,F_Necklace_C,Necklace,Accessories,Previously omitted; valid in active Renewal DB and supplied client itemInfo.lua
Added,2839,F_Ring_C,Ring,Accessories,Previously omitted; valid in active Renewal DB and supplied client itemInfo.lua
Added,2840,F_Rosary_C,Rosary,Accessories,Previously omitted; valid in active Renewal DB and supplied client itemInfo.lua
Added,2841,Caracas_Ring,Caracas Ring,Accessories,Previously omitted; valid in active Renewal DB and supplied client itemInfo.lua
Added,2842,F_Earing_C,Earring,Accessories,Previously omitted; valid in active Renewal DB and supplied client itemInfo.lua
Added,2843,Gold_Trickle,Gold Trickle,Accessories,Previously omitted; valid in active Renewal DB and supplied client itemInfo.lua
Added,2853,Telekinetic_Orb,Telekinetic Orb,Accessories,Previously omitted; valid in active Renewal DB and supplied client itemInfo.lua
Added,2854,Alchemy_Glove,Alchemy Glove,Accessories,Previously omitted; valid in active Renewal DB and supplied client itemInfo.lua
Added,2855,Whike_Black_Tail,Whike Black Tail,Accessories,Previously omitted; valid in active Renewal DB and supplied client itemInfo.lua
Added,2856,Half_Megin,Half Megingjard,Accessories,Previously omitted; valid in active Renewal DB and supplied client itemInfo.lua
Added,2857,Half_Brysing,Half Brisingamen,Accessories,Previously omitted; valid in active Renewal DB and supplied client itemInfo.lua
Added,2859,Golden_Rod_Orb,Golden Rod Orb,Accessories,Previously omitted; valid in active Renewal DB and supplied client itemInfo.lua
Added,2860,Aqua_Orb,Aqua Orb,Accessories,Previously omitted; valid in active Renewal DB and supplied client itemInfo.lua
Added,2861,Crimson_Orb,Crismon Orb,Accessories,Previously omitted; valid in active Renewal DB and supplied client itemInfo.lua
Added,2862,Forest_Orb,Forest Orb,Accessories,Previously omitted; valid in active Renewal DB and supplied client itemInfo.lua
Added,2863,Ring_Of_Valkyrie,Ring Of Valkyrie,Accessories,Previously omitted; valid in active Renewal DB and supplied client itemInfo.lua
Added,2864,Light_Of_Cure,Light Of Cure,Accessories,Previously omitted; valid in active Renewal DB and supplied client itemInfo.lua
Added,2865,Seal_Of_Cathedral,Seal Of Cathedral,Accessories,Previously omitted; valid in active Renewal DB and supplied client itemInfo.lua
Added,2866,Ring_Of_Archbishop,Ring Of Archbishop,Accessories,Previously omitted; valid in active Renewal DB and supplied client itemInfo.lua
Added,2870,Tw_8th_Anni_Ring,Tw 8th Anni Ring,Accessories,Previously omitted; valid in active Renewal DB and supplied client itemInfo.lua
Added,2871,Brazilian_Emblem,Brazilian Emblem,Accessories,Previously omitted; valid in active Renewal DB and supplied client itemInfo.lua
Added,2883,Ur_Seal,Ur's Seal,Accessories,Previously omitted; valid in active Renewal DB and supplied client itemInfo.lua
Added,2884,Peuz_Seal,Peuz's Seal,Accessories,Previously omitted; valid in active Renewal DB and supplied client itemInfo.lua
Added,2885,Mother_Heart,Mother Heart,Accessories,Previously omitted; valid in active Renewal DB and supplied client itemInfo.lua
Added,2886,Sabah_Ring,Sapha Ring,Accessories,Previously omitted; valid in active Renewal DB and supplied client itemInfo.lua
Added,2887,Nab_Ring,Nab Ring,Accessories,Previously omitted; valid in active Renewal DB and supplied client itemInfo.lua
Added,2890,White_Wing_Brooch,White Wing Brooch,Accessories,Previously omitted; valid in active Renewal DB and supplied client itemInfo.lua
Added,2891,Black_wing_Brooch,Black Wing Brooch,Accessories,Previously omitted; valid in active Renewal DB and supplied client itemInfo.lua
Added,2892,Assassin_Handcuffs,Assassin Handcuffs,Accessories,Previously omitted; valid in active Renewal DB and supplied client itemInfo.lua
Added,2894,Glove_Of_Shura,Sura Gauntlet,Accessories,Previously omitted; valid in active Renewal DB and supplied client itemInfo.lua
Added,2897,2011RWC_Necklace_J,2011RWC Necklace J,Accessories,Previously omitted; valid in active Renewal DB and supplied client itemInfo.lua
Added,2898,Black_Rosary,Dark Rosary,Accessories,Previously omitted; valid in active Renewal DB and supplied client itemInfo.lua
Added,2899,Sound_Amplifier,Sound Amplification Device,Accessories,Previously omitted; valid in active Renewal DB and supplied client itemInfo.lua
Added,2917,Str_Glove,Str Glove,Accessories,Previously omitted; valid in active Renewal DB and supplied client itemInfo.lua
Added,2918,Int_Glove,Int Glove,Accessories,Previously omitted; valid in active Renewal DB and supplied client itemInfo.lua
Added,2919,Agi_Glove,Agi Glove,Accessories,Previously omitted; valid in active Renewal DB and supplied client itemInfo.lua
Added,2920,Vit_Glove,Vit Glove,Accessories,Previously omitted; valid in active Renewal DB and supplied client itemInfo.lua
Added,2921,Dex_Glove,Dex Glove,Accessories,Previously omitted; valid in active Renewal DB and supplied client itemInfo.lua
Added,2922,Luk_Glove,Luk Glove,Accessories,Previously omitted; valid in active Renewal DB and supplied client itemInfo.lua
Added,2935,Sprint_Glove,Sprint Gloves,Accessories,Previously omitted; valid in active Renewal DB and supplied client itemInfo.lua
Added,2940,Ninja_Manual,Ninja Manual,Accessories,Previously omitted; valid in active Renewal DB and supplied client itemInfo.lua
Added,2941,Gunslinger_Manual,Gunslinger Manual,Accessories,Previously omitted; valid in active Renewal DB and supplied client itemInfo.lua
Added,2942,Taekwon_Manual,Taekwon Manual,Accessories,Previously omitted; valid in active Renewal DB and supplied client itemInfo.lua
Added,2944,TE_Ring_Of_Protection,TE Ring Of Protection,Accessories,Previously omitted; valid in active Renewal DB and supplied client itemInfo.lua
Added,2945,TE_Ring_Of_Rage,TE Ring Of Rage,Accessories,Previously omitted; valid in active Renewal DB and supplied client itemInfo.lua
Added,2946,TE_Ring_Of_Defiance,TE Ring Of Defiance,Accessories,Previously omitted; valid in active Renewal DB and supplied client itemInfo.lua
Added,2950,Rune_Ring,Rune Ring,Accessories,Previously omitted; valid in active Renewal DB and supplied client itemInfo.lua
Added,2955,Neutral_Ring_J,Neutral Ring,Accessories,Previously omitted; valid in active Renewal DB and supplied client itemInfo.lua
Added,2975,10th_Anni_Badge_J,10th Anniversary Badge,Accessories,Previously omitted; valid in active Renewal DB and supplied client itemInfo.lua
Added,2976,Red_Lantern,Red Lantern,Accessories,Previously omitted; valid in active Renewal DB and supplied client itemInfo.lua
Added,2977,Hurt_Mind,Hurt Mind,Accessories,Previously omitted; valid in active Renewal DB and supplied client itemInfo.lua
Added,2978,KindHeart,Kind Heart,Accessories,Previously omitted; valid in active Renewal DB and supplied client itemInfo.lua
Added,2980,Evilspirit_Gloves,Evil Spirit Gloves,Accessories,Previously omitted; valid in active Renewal DB and supplied client itemInfo.lua
Added,2982,Earth_Ring_J,Earth Ring,Accessories,Previously omitted; valid in active Renewal DB and supplied client itemInfo.lua
Added,2988,Winged_Ring_Of_Newoz,Oz's New Wing Ring,Accessories,Previously omitted; valid in active Renewal DB and supplied client itemInfo.lua
Added,2989,Floral_Bracelet_Of_Igu,Floral Bracelet Of Aigu,Accessories,Previously omitted; valid in active Renewal DB and supplied client itemInfo.lua
Added,2990,Pendant_Of_Harmony,Pendant of Harmony,Accessories,Previously omitted; valid in active Renewal DB and supplied client itemInfo.lua
Added,2991,Pendant_Of_Chaos,Pendant of Chaos,Accessories,Previously omitted; valid in active Renewal DB and supplied client itemInfo.lua
Added,5002,Gemmed_Crown,Jewel Crown,Headgear,Previously omitted; valid in active Renewal DB and supplied client itemInfo.lua
Added,5003,Joker_Jester,Joker Jester,Headgear,Previously omitted; valid in active Renewal DB and supplied client itemInfo.lua
Added,5005,Gas_Mask,Gas Mask,Headgear,Previously omitted; valid in active Renewal DB and supplied client itemInfo.lua
Added,5007,Loard_Circlet,Grand Circlet,Headgear,Previously omitted; valid in active Renewal DB and supplied client itemInfo.lua
Added,5008,Puppy_Love,Puppy Love,Headgear,Previously omitted; valid in active Renewal DB and supplied client itemInfo.lua
Added,5009,Safety_Helmet,Safety Helmet,Headgear,Previously omitted; valid in active Renewal DB and supplied client itemInfo.lua
Added,5010,Indian_Hair_Piece,Indian Fillet,Headgear,Previously omitted; valid in active Renewal DB and supplied client itemInfo.lua
Added,5011,Antenna,Aerial,Headgear,Previously omitted; valid in active Renewal DB and supplied client itemInfo.lua
Added,5012,Ph.D_Hat,Ph.D Hat,Headgear,Previously omitted; valid in active Renewal DB and supplied client itemInfo.lua
Added,5014,Fin_Helm,Fin Helm,Headgear,Previously omitted; valid in active Renewal DB and supplied client itemInfo.lua
Added,5015,Egg_Shell,Egg Shell,Headgear,Previously omitted; valid in active Renewal DB and supplied client itemInfo.lua
Added,5016,Boy's_Cap,Boy's Cap,Headgear,Previously omitted; valid in active Renewal DB and supplied client itemInfo.lua
Added,5017,Bone_Helm,Bone Helm,Headgear,Previously omitted; valid in active Renewal DB and supplied client itemInfo.lua
Added,5019,Corsair,Corsair,Headgear,Previously omitted; valid in active Renewal DB and supplied client itemInfo.lua
Added,5022,Helm_Of_Sun,Hat of the Sun God,Headgear,Previously omitted; valid in active Renewal DB and supplied client itemInfo.lua
Added,5030,Panda_Cap,Panda Hat,Headgear,Previously omitted; valid in active Renewal DB and supplied client itemInfo.lua
Added,5035,Poring_Hat,Poring Hat,Headgear,Previously omitted; valid in active Renewal DB and supplied client itemInfo.lua
Added,5037,Fruit_Shell,Nut Shell,Headgear,Previously omitted; valid in active Renewal DB and supplied client itemInfo.lua
Added,5040,Blush,Blush,Headgear,Previously omitted; valid in active Renewal DB and supplied client itemInfo.lua
Added,5042,Hair_Protector,Bao Bao,Headgear,Previously omitted; valid in active Renewal DB and supplied client itemInfo.lua
Added,5043,Opera_Ghost_Mask,Opera Phantom Mask,Headgear,Previously omitted; valid in active Renewal DB and supplied client itemInfo.lua
Added,5045,Magician_Hat,Magician Hat,Headgear,Previously omitted; valid in active Renewal DB and supplied client itemInfo.lua
Added,5046,Bongun_Hat,Bongun Hat,Headgear,Previously omitted; valid in active Renewal DB and supplied client itemInfo.lua
Added,5053,Spinx_Helm,Sphinx Hat,Headgear,Previously omitted; valid in active Renewal DB and supplied client itemInfo.lua
Added,5066,Horn_Of_Succubus,Succubus Horn,Headgear,Previously omitted; valid in active Renewal DB and supplied client itemInfo.lua
Added,5068,Ear_Of_Devil's_Wing,Evil Wing Ears,Headgear,Previously omitted; valid in active Renewal DB and supplied client itemInfo.lua
Added,5072,Inccubus_Horn,Incubus Horn,Headgear,Previously omitted; valid in active Renewal DB and supplied client itemInfo.lua
Added,5074,Ear_Of_Angel's_Wing,Angel Wing Ears,Headgear,Previously omitted; valid in active Renewal DB and supplied client itemInfo.lua
Added,5085,Pair_Of_Red_Ribbon,Small Ribbons,Headgear,Previously omitted; valid in active Renewal DB and supplied client itemInfo.lua
Added,5087,Goblin_Mask_01,Poker Face,Headgear,Previously omitted; valid in active Renewal DB and supplied client itemInfo.lua
Added,5088,Goblin_Mask_02,Surprised Mask,Headgear,Previously omitted; valid in active Renewal DB and supplied client itemInfo.lua
Added,5089,Goblin_Mask_03,Annoyed Mask,Headgear,Previously omitted; valid in active Renewal DB and supplied client itemInfo.lua
Added,5090,Goblin_Mask_04,Goblin Leader Mask,Headgear,Previously omitted; valid in active Renewal DB and supplied client itemInfo.lua
Added,5093,Blue_Coif_,Coif,Headgear,Previously omitted; valid in active Renewal DB and supplied client itemInfo.lua
Added,5096,Assassin_Mask_,Assassin Mask,Headgear,Previously omitted; valid in active Renewal DB and supplied client itemInfo.lua
Added,5104,Dark_Blindfold,Dark Blinder,Headgear,Previously omitted; valid in active Renewal DB and supplied client itemInfo.lua
Added,5106,Cone_Hat_INA,2nd Anniversary Hat,Headgear,Previously omitted; valid in active Renewal DB and supplied client itemInfo.lua
Added,5111,Galapago_Cap,Galapago Cap,Headgear,Previously omitted; valid in active Renewal DB and supplied client itemInfo.lua
Added,5113,Angry_Mouth,Angry Snarl,Headgear,Previously omitted; valid in active Renewal DB and supplied client itemInfo.lua
Added,5116,Banana_Hat,Banana Hat,Headgear,Previously omitted; valid in active Renewal DB and supplied client itemInfo.lua
Added,5118,Ear_Of_Puppy,Puppy Headband,Headgear,Previously omitted; valid in active Renewal DB and supplied client itemInfo.lua
Added,5119,Super_Novice_Hat_,Super Novice Hat,Headgear,Previously omitted; valid in active Renewal DB and supplied client itemInfo.lua
Added,5120,Fedora_,Bucket Hat,Headgear,Previously omitted; valid in active Renewal DB and supplied client itemInfo.lua
Added,5122,Magni_Cap,Magni's Cap,Headgear,Previously omitted; valid in active Renewal DB and supplied client itemInfo.lua
Added,5123,Ulle_Cap,Ulle's Cap,Headgear,Previously omitted; valid in active Renewal DB and supplied client itemInfo.lua
Added,5124,Fricca_Circlet,Fricca's Circlet,Headgear,Previously omitted; valid in active Renewal DB and supplied client itemInfo.lua
Added,5125,Kiss_Of_Angel,Angel's Kiss,Headgear,Previously omitted; valid in active Renewal DB and supplied client itemInfo.lua
Added,5126,Morpheus's_Hood,Morpheus's Hood,Headgear,Previously omitted; valid in active Renewal DB and supplied client itemInfo.lua
Added,5127,Morrigane's_Helm,Morrigane's Helm,Headgear,Previously omitted; valid in active Renewal DB and supplied client itemInfo.lua
Added,5128,Goibne's_Helmet,Goibne's Helm,Headgear,Previously omitted; valid in active Renewal DB and supplied client itemInfo.lua
Added,5134,Pumpkin_Hat,Pumpkin-Head,Headgear,Previously omitted; valid in active Renewal DB and supplied client itemInfo.lua
Added,5141,Marionette_Doll,Marionette Doll,Headgear,Previously omitted; valid in active Renewal DB and supplied client itemInfo.lua
Added,5147,Baseball_Cap,Baseball Cap,Headgear,Previously omitted; valid in active Renewal DB and supplied client itemInfo.lua
Added,5149,Silver_Tiara,Silver Tiara,Headgear,Previously omitted; valid in active Renewal DB and supplied client itemInfo.lua
Added,5158,Holy_Bonnet_,Monk Hat,Headgear,Previously omitted; valid in active Renewal DB and supplied client itemInfo.lua
Added,5159,Golden_Gear_,Golden Gear,Headgear,Previously omitted; valid in active Renewal DB and supplied client itemInfo.lua
Added,5160,Magestic_Goat_,Majestic Goat,Headgear,Previously omitted; valid in active Renewal DB and supplied client itemInfo.lua
Added,5162,Bone_Helm_,Bone Helm,Headgear,Previously omitted; valid in active Renewal DB and supplied client itemInfo.lua
Added,5172,Beret,Beret,Headgear,Previously omitted; valid in active Renewal DB and supplied client itemInfo.lua
Added,5179,Gold_Tiara,Golden Tiara,Headgear,Previously omitted; valid in active Renewal DB and supplied client itemInfo.lua
Added,5204,Event_Pierrot_Nose,Rudolph's Nose,Headgear,Previously omitted; valid in active Renewal DB and supplied client itemInfo.lua
Added,5207,Gold_Spirit_Chain,Angel Blessing,Headgear,Previously omitted; valid in active Renewal DB and supplied client itemInfo.lua
Added,5217,Magestic_Goat_TW,Evolved Majestic Goat,Headgear,Previously omitted; valid in active Renewal DB and supplied client itemInfo.lua
Added,5224,Orc_Hero_Helm_TW,Evolved Orc Hero Helm,Headgear,Previously omitted; valid in active Renewal DB and supplied client itemInfo.lua
Added,5265,Apple_Of_Archer_C,Apple of Archer,Headgear,Previously omitted; valid in active Renewal DB and supplied client itemInfo.lua
Added,5266,Bunny_Band_C,Bunny Band,Headgear,Previously omitted; valid in active Renewal DB and supplied client itemInfo.lua
Added,5267,Sahkkat_C,Sakkat,Headgear,Previously omitted; valid in active Renewal DB and supplied client itemInfo.lua
Added,5268,Lord_Circlet_C,Grand Circlet,Headgear,Previously omitted; valid in active Renewal DB and supplied client itemInfo.lua
Added,5269,Flying_Angel_,Flapping Angel Wing,Headgear,Previously omitted; valid in active Renewal DB and supplied client itemInfo.lua
Added,5279,Drooping_Kitty_C,Refined Drooping Cat,Headgear,Previously omitted; valid in active Renewal DB and supplied client itemInfo.lua
Added,5280,Magestic_Goat_C,Baphomet Horns,Headgear,Previously omitted; valid in active Renewal DB and supplied client itemInfo.lua
Added,5281,Deviruchi_Cap_C,Refined Deviruchi Hat,Headgear,Previously omitted; valid in active Renewal DB and supplied client itemInfo.lua
Added,5286,Pecopeco_Hairband,Pecopeco Hairband,Headgear,Previously omitted; valid in active Renewal DB and supplied client itemInfo.lua
Added,5288,Red_Glasses,Red Glasses,Headgear,Previously omitted; valid in active Renewal DB and supplied client itemInfo.lua
Added,5293,Ramen_Hat,Ramen Hat,Headgear,Previously omitted; valid in active Renewal DB and supplied client itemInfo.lua
Added,5294,Whisper_Mask,Whisper Mask,Headgear,Previously omitted; valid in active Renewal DB and supplied client itemInfo.lua
Added,5301,Russian_Ribbon,Victory Hairband,Headgear,Previously omitted; valid in active Renewal DB and supplied client itemInfo.lua
Added,5306,Freyja_Crown,Freya's Crown,Headgear,Previously omitted; valid in active Renewal DB and supplied client itemInfo.lua
Added,5308,Brazilian_Flag_Hat,Brazil National Flag Hat,Headgear,Previously omitted; valid in active Renewal DB and supplied client itemInfo.lua
Added,5314,Hockey_Mask,Hockey Mask,Headgear,Previously omitted; valid in active Renewal DB and supplied client itemInfo.lua
Added,5315,Observer,Observer,Headgear,Previously omitted; valid in active Renewal DB and supplied client itemInfo.lua
Added,5321,Indonesian_Bandana,Bandana Merah Putih,Headgear,Previously omitted; valid in active Renewal DB and supplied client itemInfo.lua
Added,5326,Masquerade_C,Masquerade C,Headgear,Previously omitted; valid in active Renewal DB and supplied client itemInfo.lua
Added,5327,Orc_Hero_Helm_C,Refined Helmet of Orc Hero,Headgear,Previously omitted; valid in active Renewal DB and supplied client itemInfo.lua
Added,5328,Evil_Wing_Ears_C,Evil Wing Ears C,Headgear,Previously omitted; valid in active Renewal DB and supplied client itemInfo.lua
Added,5329,Dark_Blindfold_C,Dark Blindfold C,Headgear,Previously omitted; valid in active Renewal DB and supplied client itemInfo.lua
Added,5330,kRO_Drooping_Kitty_C,kRO Drooping Kitty C,Headgear,Previously omitted; valid in active Renewal DB and supplied client itemInfo.lua
Added,5331,Corsair_C,Corsair C,Headgear,Previously omitted; valid in active Renewal DB and supplied client itemInfo.lua
Added,5336,Guildsman_Recruiter,Guildsman Recruiter Hat,Headgear,Previously omitted; valid in active Renewal DB and supplied client itemInfo.lua
Added,5337,Party_Recruiter_Hat,Party Recruiter Hat,Headgear,Previously omitted; valid in active Renewal DB and supplied client itemInfo.lua
Added,5338,Bf_Recruiter_Hat,BF Recruiter Hat,Headgear,Previously omitted; valid in active Renewal DB and supplied client itemInfo.lua
Added,5339,Friend_Recruiter_Hat,Friend Recruiter Hat,Headgear,Previously omitted; valid in active Renewal DB and supplied client itemInfo.lua
Added,5346,Gf_Recruiter_Hat,GF Recruiter Hat,Headgear,Previously omitted; valid in active Renewal DB and supplied client itemInfo.lua
Added,5359,J_Captain_Hat,Ship Captain Hat,Headgear,Previously omitted; valid in active Renewal DB and supplied client itemInfo.lua
Added,5367,Hyegun_Hat,Hyegun Hat,Headgear,Previously omitted; valid in active Renewal DB and supplied client itemInfo.lua
Added,5374,L_Magestic_Goat,Gigantic Majestic Goat,Headgear,Previously omitted; valid in active Renewal DB and supplied client itemInfo.lua
Added,5391,Toast_C,Toast,Headgear,Previously omitted; valid in active Renewal DB and supplied client itemInfo.lua
Added,5394,Bubblegum_Lower,Bubblegum,Headgear,Previously omitted; valid in active Renewal DB and supplied client itemInfo.lua
Added,5398,Bone_Head,Bone Head,Headgear,Previously omitted; valid in active Renewal DB and supplied client itemInfo.lua
Added,5399,Mandragora_Cap,Mandragora Cap,Headgear,Previously omitted; valid in active Renewal DB and supplied client itemInfo.lua
Added,5408,Old_Bandanna,Old Bandana,Headgear,Previously omitted; valid in active Renewal DB and supplied client itemInfo.lua
Added,5410,Bread_Bag2,Brown Paperbag Hat,Headgear,Previously omitted; valid in active Renewal DB and supplied client itemInfo.lua
Added,5412,Sweet_Candy,Sweet Candy,Headgear,Previously omitted; valid in active Renewal DB and supplied client itemInfo.lua
Added,5423,Lovecap_China,I Love China,Headgear,Previously omitted; valid in active Renewal DB and supplied client itemInfo.lua
Added,5432,Brazil_Baseball_Cap,bRO 4th Anniversary Hat,Headgear,Previously omitted; valid in active Renewal DB and supplied client itemInfo.lua
Added,5460,Adv_Dragon_Skull,Evolved Dragon Skull Hat,Headgear,Previously omitted; valid in active Renewal DB and supplied client itemInfo.lua
Added,5461,Adv_Whisper_Mask,Evolved Whisper Mask,Headgear,Previously omitted; valid in active Renewal DB and supplied client itemInfo.lua
Added,5462,Spiked_Scarf,Spiked Scarf,Headgear,Previously omitted; valid in active Renewal DB and supplied client itemInfo.lua
Added,5463,Rainbow_Scarf,Rainbow Scarf,Headgear,Previously omitted; valid in active Renewal DB and supplied client itemInfo.lua
Added,5477,Bro_Flag,Brazilian Flag Hat,Headgear,Previously omitted; valid in active Renewal DB and supplied client itemInfo.lua
Added,5484,Taiwan_Flag_Hat,Holidays Hat,Headgear,Previously omitted; valid in active Renewal DB and supplied client itemInfo.lua
Added,5486,J_Anniversary_Hat,Anniversary Hat,Headgear,Previously omitted; valid in active Renewal DB and supplied client itemInfo.lua
Added,5487,J_Poringcake_Hat,Poring Cake Hat,Headgear,Previously omitted; valid in active Renewal DB and supplied client itemInfo.lua
Added,5488,J_Twin_Santahat,Twin Santa Hat,Headgear,Previously omitted; valid in active Renewal DB and supplied client itemInfo.lua
Added,5490,Anubis_Helm,Anubis Helm,Headgear,Previously omitted; valid in active Renewal DB and supplied client itemInfo.lua
Added,5492,Boy's_Cap_I,Student Cap,Headgear,Previously omitted; valid in active Renewal DB and supplied client itemInfo.lua
Added,5493,Ulle_Cap_I,Ulle's Cap,Headgear,Previously omitted; valid in active Renewal DB and supplied client itemInfo.lua
Added,5494,Spinx_Helm_I,Sphinx Hat,Headgear,Previously omitted; valid in active Renewal DB and supplied client itemInfo.lua
Added,5504,China_Wedding_Veil,Wedding Weil,Headgear,Previously omitted; valid in active Renewal DB and supplied client itemInfo.lua
Added,5521,Angry_Mouth_C,Angry Mouth,Headgear,Previously omitted; valid in active Renewal DB and supplied client itemInfo.lua
Added,5532,Pirate_Dagger_J,Pirate Dagger,Headgear,Previously omitted; valid in active Renewal DB and supplied client itemInfo.lua
Added,5533,Emperor_Wreath_J,Emperor Wreath,Headgear,Previously omitted; valid in active Renewal DB and supplied client itemInfo.lua
Added,5534,Fox_Hat_J,Fox Hat,Headgear,Previously omitted; valid in active Renewal DB and supplied client itemInfo.lua
Added,5536,Spare_Card,Spare Card,Headgear,Previously omitted; valid in active Renewal DB and supplied client itemInfo.lua
Added,5551,Holy_Egg_Hat,Holy Egg Hat,Headgear,Previously omitted; valid in active Renewal DB and supplied client itemInfo.lua
Added,5560,Bullock_Helm_J,Bullock Helm,Headgear,Previously omitted; valid in active Renewal DB and supplied client itemInfo.lua
Added,5561,Rabbit_Magic_Hat_J,Magic Rabbit Hat,Headgear,Previously omitted; valid in active Renewal DB and supplied client itemInfo.lua
Added,5562,Good_Wedding_Veil_J,Luxurious Wedding Veil,Headgear,Previously omitted; valid in active Renewal DB and supplied client itemInfo.lua
Added,5583,Para_Team_Hat,Eden Team Hat I,Headgear,Previously omitted; valid in active Renewal DB and supplied client itemInfo.lua
Added,5586,Mosquito_Coil,Mosquito Coil,Headgear,Previously omitted; valid in active Renewal DB and supplied client itemInfo.lua
Added,5587,Mosquito_Coil_1Use,Mosquito Coil,Headgear,Previously omitted; valid in active Renewal DB and supplied client itemInfo.lua
Added,5596,4Leaf_Clover_In_Mouth,Four Leaf Clover,Headgear,Previously omitted; valid in active Renewal DB and supplied client itemInfo.lua
Added,5597,Bubble_Gum_In_Mouth,Bubble Gum In Mouth,Headgear,Previously omitted; valid in active Renewal DB and supplied client itemInfo.lua
Added,5600,Br_Twin_Ribbon,Brazil Twin Ribbon,Headgear,Previously omitted; valid in active Renewal DB and supplied client itemInfo.lua
Added,5601,Br_Beret,Brazil Beret,Headgear,Previously omitted; valid in active Renewal DB and supplied client itemInfo.lua
Added,5602,Jaguar_Hat_J,Jaguar Hat J,Headgear,Previously omitted; valid in active Renewal DB and supplied client itemInfo.lua
Added,5603,RTC_Winner_Only,RTC First Place,Headgear,Previously omitted; valid in active Renewal DB and supplied client itemInfo.lua
Added,5604,RTC_Second_Best,RTC Second Place,Headgear,Previously omitted; valid in active Renewal DB and supplied client itemInfo.lua
Added,5605,RTC_Third_Best,RTC Third Place,Headgear,Previously omitted; valid in active Renewal DB and supplied client itemInfo.lua
Added,5612,F_Blue_Drooping_Kitty,F Blue Drooping Kitty,Headgear,Previously omitted; valid in active Renewal DB and supplied client itemInfo.lua
Added,5613,F_Flying_Angel,F Flying Angel,Headgear,Previously omitted; valid in active Renewal DB and supplied client itemInfo.lua
Added,5614,F_Smoking_Pipe_,F Smoking Pipe,Headgear,Previously omitted; valid in active Renewal DB and supplied client itemInfo.lua
Added,5615,F_Pair_Of_Red_Ribbon_,F Pair Of Red Ribbon,Headgear,Previously omitted; valid in active Renewal DB and supplied client itemInfo.lua
Added,5616,F_Fish_On_Head_,F Fish On Head,Headgear,Previously omitted; valid in active Renewal DB and supplied client itemInfo.lua
Added,5617,F_Hibiscus,F Hibiscus,Headgear,Previously omitted; valid in active Renewal DB and supplied client itemInfo.lua
Added,5618,F_Cat_Hat,F Cat Hat,Headgear,Previously omitted; valid in active Renewal DB and supplied client itemInfo.lua
Added,5619,F_Bunny_Band_,F Bunny Band,Headgear,Previously omitted; valid in active Renewal DB and supplied client itemInfo.lua
Added,5620,F_Magestic_Goat_TW,F Magestic Goat TW,Headgear,Previously omitted; valid in active Renewal DB and supplied client itemInfo.lua
Added,5621,F_Sheep_Hat,F Sheep Hat,Headgear,Previously omitted; valid in active Renewal DB and supplied client itemInfo.lua
Added,5622,F_Mini_Propeller_,F Mini Propeller,Headgear,Previously omitted; valid in active Renewal DB and supplied client itemInfo.lua
Added,5623,F_Alice_Doll,F Alice Doll,Headgear,Previously omitted; valid in active Renewal DB and supplied client itemInfo.lua
Added,5624,F_Red_Glasses,F Red Glasses,Headgear,Previously omitted; valid in active Renewal DB and supplied client itemInfo.lua
Added,5625,F_Chick_Hat,F Chick Hat,Headgear,Previously omitted; valid in active Renewal DB and supplied client itemInfo.lua
Added,5626,F_White_Deviruchi_Cap,F White Deviruchi Cap,Headgear,Previously omitted; valid in active Renewal DB and supplied client itemInfo.lua
Added,5627,F_Vane_Hairpin,F Vane Hairpin,Headgear,Previously omitted; valid in active Renewal DB and supplied client itemInfo.lua
Added,5628,F_Pecopeco_Hairband,F Pecopeco Hairband,Headgear,Previously omitted; valid in active Renewal DB and supplied client itemInfo.lua
Added,5629,F_Vacation_Hat,F Vacation Hat,Headgear,Previously omitted; valid in active Renewal DB and supplied client itemInfo.lua
Added,5630,F_Charming_Ribbon,F Charming Ribbon,Headgear,Previously omitted; valid in active Renewal DB and supplied client itemInfo.lua
Added,5631,F_Water_Lily_Crown,F Water Lily Crown,Headgear,Previously omitted; valid in active Renewal DB and supplied client itemInfo.lua
Added,5632,F_Vanilmirth_Hat,F Vanilmirth Hat,Headgear,Previously omitted; valid in active Renewal DB and supplied client itemInfo.lua
Added,5633,F_Drooping_Bunny_,F Drooping Bunny,Headgear,Previously omitted; valid in active Renewal DB and supplied client itemInfo.lua
Added,5634,F_Kettle_Hat,F Kettle Hat,Headgear,Previously omitted; valid in active Renewal DB and supplied client itemInfo.lua
Added,5635,F_Dragon_Skull,F Dragon Skull,Headgear,Previously omitted; valid in active Renewal DB and supplied client itemInfo.lua
Added,5636,F_Ramen_Hat,F Ramen Hat,Headgear,Previously omitted; valid in active Renewal DB and supplied client itemInfo.lua
Added,5637,F_Pink_Fur_Hat,F Pink Fur Hat,Headgear,Previously omitted; valid in active Renewal DB and supplied client itemInfo.lua
Added,5638,F_Puppy_Hat,F Puppy Hat,Headgear,Previously omitted; valid in active Renewal DB and supplied client itemInfo.lua
Added,5639,F_Magic_Eyes,F Magic Eyes,Headgear,Previously omitted; valid in active Renewal DB and supplied client itemInfo.lua
Added,5640,F_Jumping_Poring,F Jumping Poring,Headgear,Previously omitted; valid in active Renewal DB and supplied client itemInfo.lua
Added,5641,F_Robo_Eye,F Robo Eye,Headgear,Previously omitted; valid in active Renewal DB and supplied client itemInfo.lua
Added,5642,F_Yellow_Wizardry_Hat,F Yellow Wizardry Hat,Headgear,Previously omitted; valid in active Renewal DB and supplied client itemInfo.lua
Added,5643,F_Crescent_Helm,F Crescent Helm,Headgear,Previously omitted; valid in active Renewal DB and supplied client itemInfo.lua
Added,5644,F_Tiger_Mask,F Tiger Mask,Headgear,Previously omitted; valid in active Renewal DB and supplied client itemInfo.lua
Added,5645,F_Fantastic_Wig,F Fantastic Wig,Headgear,Previously omitted; valid in active Renewal DB and supplied client itemInfo.lua
Added,5646,F_Whisper_Mask,F Whisper Mask,Headgear,Previously omitted; valid in active Renewal DB and supplied client itemInfo.lua
Added,5647,F_Bunny_Band_C,F Bunny Band C,Headgear,Previously omitted; valid in active Renewal DB and supplied client itemInfo.lua
Added,5648,F_Centimental_Flower_C,F Centimental Flower C,Headgear,Previously omitted; valid in active Renewal DB and supplied client itemInfo.lua
Added,5649,F_Apple_Of_Archer_C,F Apple Of Archer C,Headgear,Previously omitted; valid in active Renewal DB and supplied client itemInfo.lua
Added,5650,F_Elven_Ears_C,F Elven Ears C,Headgear,Previously omitted; valid in active Renewal DB and supplied client itemInfo.lua
Added,5651,F_Brooch_C,F Brooch C,Accessories,Previously omitted; valid in active Renewal DB and supplied client itemInfo.lua
Added,5652,F_Magestic_Goat_C,F Magestic Goat C,Headgear,Previously omitted; valid in active Renewal DB and supplied client itemInfo.lua
Added,5653,Darkness_Helm_J,Darkness Helm,Headgear,Previously omitted; valid in active Renewal DB and supplied client itemInfo.lua
Added,5654,Holy_Marching_Hat_J,Holy Marching Hat,Headgear,Previously omitted; valid in active Renewal DB and supplied client itemInfo.lua
Added,5655,Dark_Snake_Lord_Hat_J,Evil Snake Lord Hat,Headgear,Previously omitted; valid in active Renewal DB and supplied client itemInfo.lua
Added,5656,Scooter_Hat_J,Scooter Helmet,Headgear,Previously omitted; valid in active Renewal DB and supplied client itemInfo.lua
Added,5657,Antique_Pipe_J,Captain's Pipe,Headgear,Previously omitted; valid in active Renewal DB and supplied client itemInfo.lua
Added,5668,Weird_Pumpkin_Hat,Weird Pumpkin Hat,Headgear,Previously omitted; valid in active Renewal DB and supplied client itemInfo.lua
Added,5669,Poring_Party_Hat_J,Poring Party Hat J,Headgear,Previously omitted; valid in active Renewal DB and supplied client itemInfo.lua
Added,5681,F_Ribbon_Green,Green Ribbon,Headgear,Previously omitted; valid in active Renewal DB and supplied client itemInfo.lua
Added,5688,2009Love_Daddy,2009 Love Dad,Headgear,Previously omitted; valid in active Renewal DB and supplied client itemInfo.lua
Added,5788,3D_Glasses,3D Glasses,Headgear,Previously omitted; valid in active Renewal DB and supplied client itemInfo.lua
Added,5793,Ribbon_Of_Life,Ribbon Of Life,Headgear,Previously omitted; valid in active Renewal DB and supplied client itemInfo.lua
Added,5794,3D_Glasses_,3D Glasses,Headgear,Previously omitted; valid in active Renewal DB and supplied client itemInfo.lua
Added,5796,Cheer_Scarf,Cheer Scarf,Headgear,Previously omitted; valid in active Renewal DB and supplied client itemInfo.lua
Added,5797,Cheer_Scarf2,Cheer Scarf2,Headgear,Previously omitted; valid in active Renewal DB and supplied client itemInfo.lua
Added,5798,Cheer_Scarf3,Cheer Scarf3,Headgear,Previously omitted; valid in active Renewal DB and supplied client itemInfo.lua
Added,5799,Cheer_Scarf4,Cheer Scarf4,Headgear,Previously omitted; valid in active Renewal DB and supplied client itemInfo.lua
Added,5808,Diabolus_Helmet,Dark Bacilium,Headgear,Previously omitted; valid in active Renewal DB and supplied client itemInfo.lua
Added,5812,Hat_Of_Expert,Hat Of Expert,Headgear,Previously omitted; valid in active Renewal DB and supplied client itemInfo.lua
Added,5814,Ati_Atihan_Hat3,2011 Pagdayaw,Headgear,Previously omitted; valid in active Renewal DB and supplied client itemInfo.lua
Added,5815,Classic_Hat_J,Classic Hat,Headgear,Previously omitted; valid in active Renewal DB and supplied client itemInfo.lua
Added,5816,Cowboy_Hat_J,Purple Cowboy Hat,Headgear,Previously omitted; valid in active Renewal DB and supplied client itemInfo.lua
Added,5817,Valentine_Pledge,Valentine Pledge,Accessories,Previously omitted; valid in active Renewal DB and supplied client itemInfo.lua
Added,5818,Carnival_Hat,Carnival Hat,Headgear,Previously omitted; valid in active Renewal DB and supplied client itemInfo.lua
Added,5819,Carnival_Circlet,Carnival Circlet,Headgear,Previously omitted; valid in active Renewal DB and supplied client itemInfo.lua
Added,5822,Love_Chick_Hat,Love Chick Hat,Headgear,Previously omitted; valid in active Renewal DB and supplied client itemInfo.lua
Added,5855,Fish_Rod,Fishing Rod,Accessories,Previously omitted; valid in active Renewal DB and supplied client itemInfo.lua
Added,5879,Poring_Sunglasses_J,Poring Sunglasses,Headgear,Previously omitted; valid in active Renewal DB and supplied client itemInfo.lua
Added,5880,Cheering_Whistle_J,Cheering Whistle,Headgear,Previously omitted; valid in active Renewal DB and supplied client itemInfo.lua
Added,5897,Ascendant_Crown_,Ascendant Crown,Headgear,Previously omitted; valid in active Renewal DB and supplied client itemInfo.lua
Added,5898,Autumn_Headband,Autumn Headband,Headgear,Previously omitted; valid in active Renewal DB and supplied client itemInfo.lua
Added,5899,Black_Ribbon_,Black Ribbon,Headgear,Previously omitted; valid in active Renewal DB and supplied client itemInfo.lua
Added,5900,Divine_Guard_Hat_,Divine Guard Hat,Headgear,Previously omitted; valid in active Renewal DB and supplied client itemInfo.lua
Added,5901,Focus_Beret_,Focus Beret,Headgear,Previously omitted; valid in active Renewal DB and supplied client itemInfo.lua
Added,5902,Harvester_Hat_,Harvester Hat,Headgear,Previously omitted; valid in active Renewal DB and supplied client itemInfo.lua
Added,5904,Inconspicuous_Hat_,Inconspicuous Hat,Headgear,Previously omitted; valid in active Renewal DB and supplied client itemInfo.lua
Added,5905,Lyrica_Hat_,Lyrica Hat,Headgear,Previously omitted; valid in active Renewal DB and supplied client itemInfo.lua
Added,5906,Oni_Horns_,Oni Horns,Headgear,Previously omitted; valid in active Renewal DB and supplied client itemInfo.lua
Added,5907,Sea_Captain_Hat_,Sea Captain Hat,Headgear,Previously omitted; valid in active Renewal DB and supplied client itemInfo.lua
Added,5918,Gambler_Seal,Gambler's Seal,Headgear,Previously omitted; valid in active Renewal DB and supplied client itemInfo.lua
Added,5920,Medical_Boots,Medical Boots,Shoes,Previously omitted; valid in active Renewal DB and supplied client itemInfo.lua
Added,5934,Happy_Balloon_J,Happy Balloon,Headgear,Previously omitted; valid in active Renewal DB and supplied client itemInfo.lua
Added,5936,8_Type_PurgatorialWing,8 Styles Purgatory Wings,Headgear,Previously omitted; valid in active Renewal DB and supplied client itemInfo.lua
Added,5938,Octopus_Hat_J,Octopus Hat,Headgear,Previously omitted; valid in active Renewal DB and supplied client itemInfo.lua
Added,5940,Boitata_Hat_J,Boitata Hat,Headgear,Previously omitted; valid in active Renewal DB and supplied client itemInfo.lua
Added,5953,Love_Guard_L,[Rental] Love Guard,Headgear,Previously omitted; valid in active Renewal DB and supplied client itemInfo.lua
Added,5965,Riot_Chip_J,Riot Chip,Headgear,Previously omitted; valid in active Renewal DB and supplied client itemInfo.lua
Added,5967,FlyingGalapago,Flying Galapago,Headgear,Previously omitted; valid in active Renewal DB and supplied client itemInfo.lua
Added,5969,QueenAnzRevenge,Queen Anz Revenge,Headgear,Previously omitted; valid in active Renewal DB and supplied client itemInfo.lua
Added,5973,Ancient_Elven_Ear_J,Ancient Elven Ear,Headgear,Previously omitted; valid in active Renewal DB and supplied client itemInfo.lua
Added,13001,Dragon_Killer,Dragon Killer,Weapons,Previously omitted; valid in active Renewal DB and supplied client itemInfo.lua
Added,13002,Ginnungagap,Ginnungagap,Weapons,Previously omitted; valid in active Renewal DB and supplied client itemInfo.lua
Added,13004,Coward_,Cowardice Blade,Weapons,Previously omitted; valid in active Renewal DB and supplied client itemInfo.lua
Added,13005,Counter_Dagger_IL_J,Angelic Wing Dagger,Weapons,Previously omitted; valid in active Renewal DB and supplied client itemInfo.lua
Added,13006,Khukri,Khukri,Weapons,Previously omitted; valid in active Renewal DB and supplied client itemInfo.lua
Added,13008,Jitte_,Jitte,Weapons,Previously omitted; valid in active Renewal DB and supplied client itemInfo.lua
Added,13009,Kamaitachi,Kamaitachi,Weapons,Previously omitted; valid in active Renewal DB and supplied client itemInfo.lua
Added,13011,Asura_,Asura,Weapons,Previously omitted; valid in active Renewal DB and supplied client itemInfo.lua
Added,13012,Murasame,Murasame,Weapons,Previously omitted; valid in active Renewal DB and supplied client itemInfo.lua
Added,13013,Murasame_,Murasame,Weapons,Previously omitted; valid in active Renewal DB and supplied client itemInfo.lua
Added,13014,Hakujin,Hakujin,Weapons,Previously omitted; valid in active Renewal DB and supplied client itemInfo.lua
Added,13015,Hakujin_,Hakujin,Weapons,Previously omitted; valid in active Renewal DB and supplied client itemInfo.lua
Added,13017,House_Auger_,Ice Pick,Weapons,Previously omitted; valid in active Renewal DB and supplied client itemInfo.lua
Added,13020,Warrior_Balmung_,Warrior's Balmung,Weapons,Previously omitted; valid in active Renewal DB and supplied client itemInfo.lua
Added,13021,Combat_Knife_C,Combat Knife,Weapons,Previously omitted; valid in active Renewal DB and supplied client itemInfo.lua
Added,13022,Counter_Dagger_C,Dagger of Counter,Weapons,Previously omitted; valid in active Renewal DB and supplied client itemInfo.lua
Added,13023,Asura_C,Ashura,Weapons,Previously omitted; valid in active Renewal DB and supplied client itemInfo.lua
Added,13024,Sword_Breaker_C,Refined Swordbreaker,Weapons,Previously omitted; valid in active Renewal DB and supplied client itemInfo.lua
Added,13025,Mail_Breaker_C,Refined Mailbreaker,Weapons,Previously omitted; valid in active Renewal DB and supplied client itemInfo.lua
Added,13026,Moonlight_Sword_C,Moonlight Dagger,Weapons,Previously omitted; valid in active Renewal DB and supplied client itemInfo.lua
Added,13027,Scalpel,Scalpel,Weapons,Previously omitted; valid in active Renewal DB and supplied client itemInfo.lua
Added,13028,Tooth_Blade,Tooth Blade,Weapons,Previously omitted; valid in active Renewal DB and supplied client itemInfo.lua
Added,13034,Twilight_Desert,Desert Twilight,Weapons,Previously omitted; valid in active Renewal DB and supplied client itemInfo.lua
Added,13035,Sandstorm,Sandstorm,Weapons,Previously omitted; valid in active Renewal DB and supplied client itemInfo.lua
Added,13036,BF_Dagger1,Brave Assassin's Damascus,Weapons,Previously omitted; valid in active Renewal DB and supplied client itemInfo.lua
Added,13037,BF_Dagger2,Valorous Assassin's Damascus,Weapons,Previously omitted; valid in active Renewal DB and supplied client itemInfo.lua
Added,13038,Dagger_Of_Hunter,Dagger of Hunter,Weapons,Previously omitted; valid in active Renewal DB and supplied client itemInfo.lua
Added,13039,Ivory_Knife,Ivory Knife,Weapons,Previously omitted; valid in active Renewal DB and supplied client itemInfo.lua
Added,13042,Krieger_Dagger1,Glorious Gladius,Weapons,Previously omitted; valid in active Renewal DB and supplied client itemInfo.lua
Added,13043,Fortune_Sword_I,Fortune Sword,Weapons,Previously omitted; valid in active Renewal DB and supplied client itemInfo.lua
Added,13044,House_Auger_I,Ice Pick,Weapons,Previously omitted; valid in active Renewal DB and supplied client itemInfo.lua
Added,13045,Kamaitachi_I,Kamaitachi,Weapons,Previously omitted; valid in active Renewal DB and supplied client itemInfo.lua
Added,13046,Krieg,Krierg,Weapons,Previously omitted; valid in active Renewal DB and supplied client itemInfo.lua
Added,13047,Weihna,Weihna,Weapons,Previously omitted; valid in active Renewal DB and supplied client itemInfo.lua
Added,13048,Damascus_C,Damascus,Weapons,Previously omitted; valid in active Renewal DB and supplied client itemInfo.lua
Added,13050,P_Dagger1,Eden Dagger I,Weapons,Previously omitted; valid in active Renewal DB and supplied client itemInfo.lua
Added,13051,P_Dagger2,Eden Dagger II,Weapons,Previously omitted; valid in active Renewal DB and supplied client itemInfo.lua
Added,13052,Tourist_Dagger,Tourist Dagger,Weapons,Previously omitted; valid in active Renewal DB and supplied client itemInfo.lua
Added,13053,F_Moonlight_Sword_C,Moonlight Sword,Weapons,Previously omitted; valid in active Renewal DB and supplied client itemInfo.lua
Added,13054,F_Combat_Knife_C,Combat Knife,Weapons,Previously omitted; valid in active Renewal DB and supplied client itemInfo.lua
Added,13055,F_Asura_C,Asura,Weapons,Previously omitted; valid in active Renewal DB and supplied client itemInfo.lua
Added,13056,F_Counter_Dagger_C,Counter Dagger,Weapons,Previously omitted; valid in active Renewal DB and supplied client itemInfo.lua
Added,13061,Black_Wing,Black Wing,Weapons,Previously omitted; valid in active Renewal DB and supplied client itemInfo.lua
Added,13062,Ancient_Dagger,Ancient Dagger,Weapons,Previously omitted; valid in active Renewal DB and supplied client itemInfo.lua
Added,13066,P_Dagger3,Eden Dagger III,Weapons,Previously omitted; valid in active Renewal DB and supplied client itemInfo.lua
Added,13068,Saurel,Pompano,Weapons,Previously omitted; valid in active Renewal DB and supplied client itemInfo.lua
Added,13069,Aztoe_Nail,As-nail,Weapons,Previously omitted; valid in active Renewal DB and supplied client itemInfo.lua
Added,13070,Scarletto_Nail,Scarlet-nail,Weapons,Previously omitted; valid in active Renewal DB and supplied client itemInfo.lua
Added,13074,Ninja_Cutter,Ninja Sword Prototype,Weapons,Previously omitted; valid in active Renewal DB and supplied client itemInfo.lua
Added,13077,Kagekiri,Kagekiri,Weapons,Previously omitted; valid in active Renewal DB and supplied client itemInfo.lua
Added,13079,Metal_Dagger,Metal Dagger,Weapons,Previously omitted; valid in active Renewal DB and supplied client itemInfo.lua
Added,13081,Octo_kitchen_Knife,Octopus Knife,Weapons,Previously omitted; valid in active Renewal DB and supplied client itemInfo.lua
Added,13083,TE_Woe_Knife,TE Woe Knife,Weapons,Previously omitted; valid in active Renewal DB and supplied client itemInfo.lua
Added,13089,FaceWorm_Leg,Faceworm Leg,Weapons,Previously omitted; valid in active Renewal DB and supplied client itemInfo.lua
Added,13090,FaceWormQueen_Leg,Faceworm Queen Leg,Weapons,Previously omitted; valid in active Renewal DB and supplied client itemInfo.lua
Added,13097,Ru_Blue_Dagger,Blue Dagger,Weapons,Previously omitted; valid in active Renewal DB and supplied client itemInfo.lua
Added,13098,Ru_Blue_Ashura,Blue Ashura,Weapons,Previously omitted; valid in active Renewal DB and supplied client itemInfo.lua
Added,13099,Ru_Blue_Knife,Blue Knife,Weapons,Previously omitted; valid in active Renewal DB and supplied client itemInfo.lua
Added,13100,Six_Shooter,Six Shooter,Weapons,Previously omitted; valid in active Renewal DB and supplied client itemInfo.lua
Added,13104,The_Garrison,Garrison,Weapons,Previously omitted; valid in active Renewal DB and supplied client itemInfo.lua
Added,13106,Gold_Lux,Gold Lux,Weapons,Previously omitted; valid in active Renewal DB and supplied client itemInfo.lua
Added,13107,Wasteland_Outlaw,Wasteland's Outlaw,Weapons,Previously omitted; valid in active Renewal DB and supplied client itemInfo.lua
Added,13108,BF_Pistol1,Soldier Revolver,Weapons,Previously omitted; valid in active Renewal DB and supplied client itemInfo.lua
Added,13109,Wasteland_Outlaw_C,Wasteland Outlaw,Weapons,Previously omitted; valid in active Renewal DB and supplied client itemInfo.lua
Added,13110,Krieger_Pistol1,Glorious Pistol,Weapons,Previously omitted; valid in active Renewal DB and supplied client itemInfo.lua
Added,13111,Sharpshooter_Revolver,Sharpshooter Revolver,Weapons,Previously omitted; valid in active Renewal DB and supplied client itemInfo.lua
Added,13112,P_Revolver1,Eden Revlover I,Weapons,Previously omitted; valid in active Renewal DB and supplied client itemInfo.lua
Added,13113,P_Revolver2,Eden Revlover II,Weapons,Previously omitted; valid in active Renewal DB and supplied client itemInfo.lua
Added,13114,P_Revolver3,Eden Revolver III,Weapons,Previously omitted; valid in active Renewal DB and supplied client itemInfo.lua
Added,13117,TE_Woe_Pistol,TE Woe Pistol,Weapons,Previously omitted; valid in active Renewal DB and supplied client itemInfo.lua
Added,13118,Tiny_Flame,Fading Flame,Weapons,Previously omitted; valid in active Renewal DB and supplied client itemInfo.lua
Added,13122,ALTAIR_ARES,Altair & Ares,Weapons,Previously omitted; valid in active Renewal DB and supplied client itemInfo.lua
Added,13125,Metal_Revolver,Metal Revolver,Weapons,Previously omitted; valid in active Renewal DB and supplied client itemInfo.lua
Added,13127,Scarlet_Revolver,Crimson Revolver,Weapons,Previously omitted; valid in active Renewal DB and supplied client itemInfo.lua
Added,13128,Sinister_Revolver,Vicious Mind Revolver,Weapons,Previously omitted; valid in active Renewal DB and supplied client itemInfo.lua
Added,13131,Gun_of_Trust2,[Rental] Hunting Gun,Weapons,Previously omitted; valid in active Renewal DB and supplied client itemInfo.lua
Added,13132,Toughen_Metal_Revolver,Enhanced Metal Revolver,Weapons,Previously omitted; valid in active Renewal DB and supplied client itemInfo.lua
Added,13134,ALTAIR_ARES_J,Altair Ares,Weapons,Previously omitted; valid in active Renewal DB and supplied client itemInfo.lua
Added,13135,H_FEATHER_H_FIRE_J,Heaven's Feather & Hell's Fire,Weapons,Previously omitted; valid in active Renewal DB and supplied client itemInfo.lua
Added,13136,Probation_Revolver,Trial Rebel's Revolver,Weapons,Previously omitted; valid in active Renewal DB and supplied client itemInfo.lua
Added,13137,Avenger_Revolver,Avenger Handgun,Weapons,Previously omitted; valid in active Renewal DB and supplied client itemInfo.lua
Added,13138,Dark_Rose,Dark Rose,Weapons,Previously omitted; valid in active Renewal DB and supplied client itemInfo.lua
Added,13140,Diva_Handgun,Diva Handgun,Weapons,Previously omitted; valid in active Renewal DB and supplied client itemInfo.lua
Added,13141,Mirage_Handgun,Mirage Handgun,Weapons,Previously omitted; valid in active Renewal DB and supplied client itemInfo.lua
Added,13142,Sinister_Revolver_J,Handgun of Evil,Weapons,Previously omitted; valid in active Renewal DB and supplied client itemInfo.lua
Added,13144,Rebeginer_RL_Gun,Beginner Rebel's Revolver,Weapons,Previously omitted; valid in active Renewal DB and supplied client itemInfo.lua
Added,13146,Calf_Deathadder,Calf Deathadder,Weapons,Previously omitted; valid in active Renewal DB and supplied client itemInfo.lua
Added,13150,Branch,Branch,Weapons,Previously omitted; valid in active Renewal DB and supplied client itemInfo.lua
Added,13152,The_Cyclone_,Cyclone,Weapons,Previously omitted; valid in active Renewal DB and supplied client itemInfo.lua
Added,13153,Dusk,Dusk,Weapons,Previously omitted; valid in active Renewal DB and supplied client itemInfo.lua
Added,13156,Gate_Keeper,Gate Keeper,Weapons,Previously omitted; valid in active Renewal DB and supplied client itemInfo.lua
Added,13157,Drifter,Drifter,Weapons,Previously omitted; valid in active Renewal DB and supplied client itemInfo.lua
Added,13158,Butcher,Butcher,Weapons,Previously omitted; valid in active Renewal DB and supplied client itemInfo.lua
Added,13159,Butcher_,Butcher,Weapons,Previously omitted; valid in active Renewal DB and supplied client itemInfo.lua
Added,13160,Destroyer,Destroyer,Weapons,Previously omitted; valid in active Renewal DB and supplied client itemInfo.lua
Added,13161,Destroyer_,Destroyer,Weapons,Previously omitted; valid in active Renewal DB and supplied client itemInfo.lua
Added,13164,Long_Barrel_,Long Barrel,Weapons,Previously omitted; valid in active Renewal DB and supplied client itemInfo.lua
Added,13165,Jungle_Carbine,Jungle Carbine,Weapons,Previously omitted; valid in active Renewal DB and supplied client itemInfo.lua
Added,13167,Gate_KeeperDD,Gate Keeper-DD,Weapons,Previously omitted; valid in active Renewal DB and supplied client itemInfo.lua
Added,13169,Thunder_P_,Thunder P,Weapons,Previously omitted; valid in active Renewal DB and supplied client itemInfo.lua
Added,13170,Lever_Action_Rifle,Lever Action Rifle,Weapons,Previously omitted; valid in active Renewal DB and supplied client itemInfo.lua
Added,13171,BF_Rifle1,Soldier Rifle,Weapons,Previously omitted; valid in active Renewal DB and supplied client itemInfo.lua
Added,13172,BF_Gatling_Gun1,Soldier Gatling Gun,Weapons,Previously omitted; valid in active Renewal DB and supplied client itemInfo.lua
Added,13173,BF_Shotgun1,Soldier Shotgun,Weapons,Previously omitted; valid in active Renewal DB and supplied client itemInfo.lua
Added,13174,BF_Launcher1,Soldier Grenade Launcher,Weapons,Previously omitted; valid in active Renewal DB and supplied client itemInfo.lua
Added,13175,Lever_Action_Rifle_C,Lever Action Rifle,Weapons,Previously omitted; valid in active Renewal DB and supplied client itemInfo.lua
Added,13176,Krieger_Rifle1,Glorious Rifle,Weapons,Previously omitted; valid in active Renewal DB and supplied client itemInfo.lua
Added,13177,Krieger_Gatling1,Glorious Gatling Gun,Weapons,Previously omitted; valid in active Renewal DB and supplied client itemInfo.lua
Added,13178,Krieger_Shotgun1,Glorious Shotgun,Weapons,Previously omitted; valid in active Renewal DB and supplied client itemInfo.lua
Added,13179,Krieger_Launcher1,Glorious Grenade Launcher,Weapons,Previously omitted; valid in active Renewal DB and supplied client itemInfo.lua
Added,13184,TE_Woe_Rifle,TE Woe Rifle,Weapons,Previously omitted; valid in active Renewal DB and supplied client itemInfo.lua
Added,13185,TE_Woe_Gatling,TE Woe Gatling,Weapons,Previously omitted; valid in active Renewal DB and supplied client itemInfo.lua
Added,13186,TE_Woe_Shotgun,TE Woe Shotgun,Weapons,Previously omitted; valid in active Renewal DB and supplied client itemInfo.lua
Added,13187,TE_Woe_Grenade,TE Woe Grenade,Weapons,Previously omitted; valid in active Renewal DB and supplied client itemInfo.lua
Added,13194,P_BREAKER,Peace Breaker,Weapons,Previously omitted; valid in active Renewal DB and supplied client itemInfo.lua
Added,13195,RAG203,RAG203,Weapons,Previously omitted; valid in active Renewal DB and supplied client itemInfo.lua
Added,13198,TEMPEST,Tempest,Weapons,Previously omitted; valid in active Renewal DB and supplied client itemInfo.lua
Added,13300,Huuma_Bird_Wing,Huuma Wing Shuriken,Weapons,Previously omitted; valid in active Renewal DB and supplied client itemInfo.lua
Added,13302,Huuma_Giant_Wheel_,Huuma Giant Wheel Shuriken,Weapons,Previously omitted; valid in active Renewal DB and supplied client itemInfo.lua
Added,13303,Huuma_Blaze,Huuma Blaze Shuriken,Weapons,Previously omitted; valid in active Renewal DB and supplied client itemInfo.lua
Added,13304,Huuma_Calm_Mind,Huuma Calm Mind,Weapons,Previously omitted; valid in active Renewal DB and supplied client itemInfo.lua
Added,13305,BF_Huuma_Shuriken1,Brave Huuma Front Shuriken,Weapons,Previously omitted; valid in active Renewal DB and supplied client itemInfo.lua
Added,13306,BF_Huuma_Shuriken2,Valorous Huuma Front Shuriken,Weapons,Previously omitted; valid in active Renewal DB and supplied client itemInfo.lua
Added,13307,Krieger_Huuma_Shuriken1,Glorious Shuriken,Weapons,Previously omitted; valid in active Renewal DB and supplied client itemInfo.lua
Added,13308,Huuma_Blaze_I,Huuma Blaze Shuriken,Weapons,Previously omitted; valid in active Renewal DB and supplied client itemInfo.lua
Added,13309,Huuma_Giant_Wheel_C,Huuma Giant Wheel Shuriken,Weapons,Previously omitted; valid in active Renewal DB and supplied client itemInfo.lua
Added,13310,P_Huuma_Shuriken1,P.Huuma Suriken I,Weapons,Previously omitted; valid in active Renewal DB and supplied client itemInfo.lua
Added,13312,Huuma_Job_Test,Prototype Huuma Shuriken,Weapons,Previously omitted; valid in active Renewal DB and supplied client itemInfo.lua
Added,13313,Huuma_Swirling_Petal,Flower Huuma Shuriken,Weapons,Previously omitted; valid in active Renewal DB and supplied client itemInfo.lua
Added,13314,Huuma_Fluttering_Snow,Wave Huuma Shuriken,Weapons,Previously omitted; valid in active Renewal DB and supplied client itemInfo.lua
Added,13315,Huuma_Thunderstorm,Thunderstorm Huuma Shuriken,Weapons,Previously omitted; valid in active Renewal DB and supplied client itemInfo.lua
Added,13317,TE_Woe_Huuma,TE Woe Huuma,Weapons,Previously omitted; valid in active Renewal DB and supplied client itemInfo.lua
Added,13322,Metal_Huuma_Shuriken,Huuma Metal Shuriken,Weapons,Previously omitted; valid in active Renewal DB and supplied client itemInfo.lua
Added,13327,Scarlet_Huuma,Crimson Huuma Shuriken,Weapons,Previously omitted; valid in active Renewal DB and supplied client itemInfo.lua
Added,13328,Sinister_Huuma,Vicious Mind Huuma Shuriken,Weapons,Previously omitted; valid in active Renewal DB and supplied client itemInfo.lua
Added,13330,Toughen_Metal_Shuriken,Enhanced Metal Huuma Shuriken,Weapons,Previously omitted; valid in active Renewal DB and supplied client itemInfo.lua
Added,13332,Huuma_Hundred_Petal,Huuma Shuriken of Dancing Petals,Weapons,Previously omitted; valid in active Renewal DB and supplied client itemInfo.lua
Added,13333,Diva_Huuma,Diva Huuma,Weapons,Previously omitted; valid in active Renewal DB and supplied client itemInfo.lua
Added,13334,Mirage_Huuma,Mirage Huuma,Weapons,Previously omitted; valid in active Renewal DB and supplied client itemInfo.lua
Added,13335,Sinister_Huuma_J,Huuma of Evil,Weapons,Previously omitted; valid in active Renewal DB and supplied client itemInfo.lua
Added,13336,Probation_Huuma,Trial Ninja's Huuma Shuriken,Weapons,Previously omitted; valid in active Renewal DB and supplied client itemInfo.lua
Added,13337,Huuma_Flutter_Snow_IL,Illusion Huuma Fluttering Snow,Weapons,Previously omitted; valid in active Renewal DB and supplied client itemInfo.lua
Added,13338,Huuma_Bird_Wing_IL,Illusion Wing Shuriken,Weapons,Previously omitted; valid in active Renewal DB and supplied client itemInfo.lua
Added,13339,Neev_Huuma_Shuriken,Neev Huuma Shuriken,Weapons,Previously omitted; valid in active Renewal DB and supplied client itemInfo.lua
Added,13340,Huuma_Hundred_Petal_J,Huuma Shuriken of Dancing Petals,Weapons,Previously omitted; valid in active Renewal DB and supplied client itemInfo.lua
Added,13341,Rebeginer_KO_Humma,Beginner Kagerou&Oboro's Huuma Shuriken,Weapons,Previously omitted; valid in active Renewal DB and supplied client itemInfo.lua
Added,13343,Variant_Huuma,Abyss Huuma,Weapons,Previously omitted; valid in active Renewal DB and supplied client itemInfo.lua
Added,13401,Excalibur_C,Excalibur,Weapons,Previously omitted; valid in active Renewal DB and supplied client itemInfo.lua
Added,13402,Cutlas_C,Cutlus,Weapons,Previously omitted; valid in active Renewal DB and supplied client itemInfo.lua
Added,13403,Solar_Sword_C,Solar Sword,Weapons,Previously omitted; valid in active Renewal DB and supplied client itemInfo.lua
Added,13404,Platinum_Shotel,Platinum Shotel,Weapons,Previously omitted; valid in active Renewal DB and supplied client itemInfo.lua
Added,13405,Curved_Sword,Curved Sword,Weapons,Previously omitted; valid in active Renewal DB and supplied client itemInfo.lua
Added,13407,Nagan_C,Refined Nagan,Weapons,Previously omitted; valid in active Renewal DB and supplied client itemInfo.lua
Added,13408,Fire_Brand_C,Refined Fireblend,Weapons,Previously omitted; valid in active Renewal DB and supplied client itemInfo.lua
Added,13409,Immaterial_Sword_C,Refined Immaterial Sword,Weapons,Previously omitted; valid in active Renewal DB and supplied client itemInfo.lua
Added,13410,BF_Sword1,Valorous Gladiator Blade,Weapons,Previously omitted; valid in active Renewal DB and supplied client itemInfo.lua
Added,13411,BF_Sword2,Brave Gladiator Blade,Weapons,Previously omitted; valid in active Renewal DB and supplied client itemInfo.lua
Added,13412,Twin_Edge_B,Twin Edge of Naght Sieger,Weapons,Previously omitted; valid in active Renewal DB and supplied client itemInfo.lua
Added,13413,Twin_Edge_R,Twin Edge of Naght Sieger,Weapons,Previously omitted; valid in active Renewal DB and supplied client itemInfo.lua
Added,13414,Elemental_Sword,Elemental Sword,Weapons,Previously omitted; valid in active Renewal DB and supplied client itemInfo.lua
Added,13416,Krieger_Onehand_Sword1,Glorious Flamberge,Weapons,Previously omitted; valid in active Renewal DB and supplied client itemInfo.lua
Added,13417,Krieger_Onehand_Sword2,Glorious Rapier,Weapons,Previously omitted; valid in active Renewal DB and supplied client itemInfo.lua
Added,13418,Krieger_Onehand_Sword3,Glorious Holy Avenger,Weapons,Previously omitted; valid in active Renewal DB and supplied client itemInfo.lua
Added,13419,Holy_Saber,Holy saber,Weapons,Previously omitted; valid in active Renewal DB and supplied client itemInfo.lua
Added,13421,Ruber,Ruber,Weapons,Previously omitted; valid in active Renewal DB and supplied client itemInfo.lua
Added,13422,Flamberge_C,Flamberge,Weapons,Previously omitted; valid in active Renewal DB and supplied client itemInfo.lua
Added,13423,P_Sabre1,Eden Sabre I,Weapons,Previously omitted; valid in active Renewal DB and supplied client itemInfo.lua
Added,13424,P_Sabre2,Eden Sabre II,Weapons,Previously omitted; valid in active Renewal DB and supplied client itemInfo.lua
Added,13425,Tourist_Sword,Tourist Sword,Weapons,Previously omitted; valid in active Renewal DB and supplied client itemInfo.lua
Added,13426,F_Cutlas_C,Cutlus,Weapons,Previously omitted; valid in active Renewal DB and supplied client itemInfo.lua
Added,13427,F_Solar_Sword_C,Solar Sword,Weapons,Previously omitted; valid in active Renewal DB and supplied client itemInfo.lua
Added,13431,Chrome_Sword,Chrome Sword,Weapons,Previously omitted; valid in active Renewal DB and supplied client itemInfo.lua
Added,13434,P_Saber3,Eden Saber III,Weapons,Previously omitted; valid in active Renewal DB and supplied client itemInfo.lua
Added,13438,Magical_Blade,Magical Blade,Weapons,Previously omitted; valid in active Renewal DB and supplied client itemInfo.lua
Added,13439,TE_Woe_Sword,TE Woe Sword,Weapons,Previously omitted; valid in active Renewal DB and supplied client itemInfo.lua
Added,13442,Old_Parasol,Old Parasol,Weapons,Previously omitted; valid in active Renewal DB and supplied client itemInfo.lua
Added,13448,Magical_Blade_,Magical Blade,Weapons,Previously omitted; valid in active Renewal DB and supplied client itemInfo.lua
Added,13451,Ru_Blue_Sword,Ru Blue Sword,Weapons,Previously omitted; valid in active Renewal DB and supplied client itemInfo.lua
Added,13452,Ru_Gold_Sword,Ru Gold Sword,Weapons,Previously omitted; valid in active Renewal DB and supplied client itemInfo.lua
Added,13454,Scarlet_Saber,Crimson Saber,Weapons,Previously omitted; valid in active Renewal DB and supplied client itemInfo.lua
Added,13455,Sinister_Saber,Vicious Mind Saber,Weapons,Previously omitted; valid in active Renewal DB and supplied client itemInfo.lua
Added,13460,Sealed_Magic_Sword,Sealed Magic Sword,Weapons,Previously omitted; valid in active Renewal DB and supplied client itemInfo.lua
Added,13461,Sealed_Evil_Sword,Sealed Evil Sword,Weapons,Previously omitted; valid in active Renewal DB and supplied client itemInfo.lua
Added,13462,Sealed_Max_Sword,Sealed Maximum Sword,Weapons,Previously omitted; valid in active Renewal DB and supplied client itemInfo.lua
Added,13465,Save_The_King,Save the King,Weapons,Previously omitted; valid in active Renewal DB and supplied client itemInfo.lua
Added,13466,Diva_Blade,Diva Blade,Weapons,Previously omitted; valid in active Renewal DB and supplied client itemInfo.lua
Added,13467,Mirage_Blade,Mirage Blade,Weapons,Previously omitted; valid in active Renewal DB and supplied client itemInfo.lua
Added,13468,Sinister_Saber_J,Saber of Evil,Weapons,Previously omitted; valid in active Renewal DB and supplied client itemInfo.lua
Added,13469,Immaterial_Sword_IL,Illusion Immaterial Sword,Weapons,Previously omitted; valid in active Renewal DB and supplied client itemInfo.lua
Added,13470,Sealed_Magic_SwordJ,Sealed Magic Sword,Weapons,Previously omitted; valid in active Renewal DB and supplied client itemInfo.lua
Added,13471,Sealed_Evil_SwordJ,Sealed Evil Sword,Weapons,Previously omitted; valid in active Renewal DB and supplied client itemInfo.lua
Added,13472,Sealed_Max_SwordJ,Sealed Maximum Sword,Weapons,Previously omitted; valid in active Renewal DB and supplied client itemInfo.lua
Added,13473,Gods_Sword,God's Sword,Weapons,Previously omitted; valid in active Renewal DB and supplied client itemInfo.lua
Added,13483,Rebeginer_GN_Sword,Beginner Genetic's Sword,Weapons,Previously omitted; valid in active Renewal DB and supplied client itemInfo.lua
Added,13492,Variant_Blade,Abyss Blade,Weapons,Previously omitted; valid in active Renewal DB and supplied client itemInfo.lua
Added,13495,Evt_Bluefire_Sword,Sealed Red Lotus Sword,Weapons,Previously omitted; valid in active Renewal DB and supplied client itemInfo.lua
Added,15000,Bone_Plate,Bone Plate,Armor,Previously omitted; valid in active Renewal DB and supplied client itemInfo.lua
Added,15001,Odin's_Blessing_I,Odin's Blessing,Armor,Previously omitted; valid in active Renewal DB and supplied client itemInfo.lua
Added,15002,Rune_Plate,Rune Plate,Armor,Previously omitted; valid in active Renewal DB and supplied client itemInfo.lua
Added,15009,Para_Team_Uniform1,Eden Team Uniform I,Armor,Previously omitted; valid in active Renewal DB and supplied client itemInfo.lua
Added,15010,Para_Team_Uniform2,Eden Team Uniform II,Armor,Previously omitted; valid in active Renewal DB and supplied client itemInfo.lua
Added,15011,Para_Team_Uniform3,Eden Team Uniform III,Armor,Previously omitted; valid in active Renewal DB and supplied client itemInfo.lua
Added,15012,Puente_Robe,Puente Robe,Armor,Previously omitted; valid in active Renewal DB and supplied client itemInfo.lua
Added,15013,Claire_Suits,Claire Suits,Armor,Previously omitted; valid in active Renewal DB and supplied client itemInfo.lua
Added,15014,Ebone_Armor,Ebon Armor,Armor,Previously omitted; valid in active Renewal DB and supplied client itemInfo.lua
Added,15022,Brazil_Swimsuit,Brazil Swimsuit,Armor,Previously omitted; valid in active Renewal DB and supplied client itemInfo.lua
Added,15023,Half_Brynhild,Half Brynhild,Armor,Previously omitted; valid in active Renewal DB and supplied client itemInfo.lua
Added,15025,Golden_Rod_Robe,Golden Rod Robe,Armor,Previously omitted; valid in active Renewal DB and supplied client itemInfo.lua
Added,15026,Aqua_Robe,Aqua Robe,Armor,Previously omitted; valid in active Renewal DB and supplied client itemInfo.lua
Added,15027,Crimson_Robe,Crimson Robe,Armor,Previously omitted; valid in active Renewal DB and supplied client itemInfo.lua
Added,15028,Forest_Robe,Forest Robe,Armor,Previously omitted; valid in active Renewal DB and supplied client itemInfo.lua
Added,15029,Robe_Of_Affection,Robe Of Affection,Armor,Previously omitted; valid in active Renewal DB and supplied client itemInfo.lua
Added,15030,Robe_Of_Judgement,Robe Of Judgement,Armor,Previously omitted; valid in active Renewal DB and supplied client itemInfo.lua
Added,15031,Para_Team_Armor,Paradise Uniform IV,Armor,Previously omitted; valid in active Renewal DB and supplied client itemInfo.lua
Added,15032,Tidung,Tidung,Armor,Previously omitted; valid in active Renewal DB and supplied client itemInfo.lua
Added,15033,Tutorial_Mattle,Tutorial Mantle,Armor,Previously omitted; valid in active Renewal DB and supplied client itemInfo.lua
Added,15034,Tutorial_Mattle_,Tutorial Mantle,Armor,Previously omitted; valid in active Renewal DB and supplied client itemInfo.lua
Added,15036,Ur_Plate,Ur's Plate,Armor,Previously omitted; valid in active Renewal DB and supplied client itemInfo.lua
Added,15037,Peuz_Plate,Peuz's Plate,Armor,Previously omitted; valid in active Renewal DB and supplied client itemInfo.lua
Added,15038,Sabah_Cloth,Sapha's Cloth,Armor,Previously omitted; valid in active Renewal DB and supplied client itemInfo.lua
Added,15039,Nab_Cloth,Nab's Cloth,Armor,Previously omitted; valid in active Renewal DB and supplied client itemInfo.lua
Added,15042,White_Wing_Suits,White Wing Suits,Armor,Previously omitted; valid in active Renewal DB and supplied client itemInfo.lua
Added,15043,Black_Wing_Suits,Black Wing Suits,Armor,Previously omitted; valid in active Renewal DB and supplied client itemInfo.lua
Added,15044,Green_Operation_Coat,Green Surgical Gown,Armor,Previously omitted; valid in active Renewal DB and supplied client itemInfo.lua
Added,15046,Siege_Plate,Siege Plate,Armor,Previously omitted; valid in active Renewal DB and supplied client itemInfo.lua
Added,15047,Siege_Suits,Siege Suit,Armor,Previously omitted; valid in active Renewal DB and supplied client itemInfo.lua
Added,15048,Siege_Robe,Siege Robe,Armor,Previously omitted; valid in active Renewal DB and supplied client itemInfo.lua
Added,15051,Bakonawa_Armor,Bakunawa Scale Armor,Armor,Previously omitted; valid in active Renewal DB and supplied client itemInfo.lua
Added,15053,Special_Ninja_Suit,Special Ninja Suit,Armor,Previously omitted; valid in active Renewal DB and supplied client itemInfo.lua
Added,15061,Egir_Armor,Egir Armor,Armor,Previously omitted; valid in active Renewal DB and supplied client itemInfo.lua
Added,15062,TE_Woe_Coat,TE Woe Coat,Armor,Previously omitted; valid in active Renewal DB and supplied client itemInfo.lua
Added,15063,TE_Woe_Chain_Mail,TE Woe Chain Mail,Armor,Previously omitted; valid in active Renewal DB and supplied client itemInfo.lua
Added,15064,TE_Woe_Mage_Coat,TE Woe Mage Coat,Armor,Previously omitted; valid in active Renewal DB and supplied client itemInfo.lua
Added,15067,Rune_Suit,Rune Suit,Armor,Previously omitted; valid in active Renewal DB and supplied client itemInfo.lua
Added,15089,Lounge_Suit,Menswear,Armor,Previously omitted; valid in active Renewal DB and supplied client itemInfo.lua
Added,15100,Frozen_Breastplate,Frozen Breastplate,Armor,Previously omitted; valid in active Renewal DB and supplied client itemInfo.lua
Added,15101,Harden_Breastplate,Hardened Breastplate,Armor,Previously omitted; valid in active Renewal DB and supplied client itemInfo.lua
Added,15116,Airship_Armor,Airship's Armor,Armor,Previously omitted; valid in active Renewal DB and supplied client itemInfo.lua
Added,15117,Felock_Armor,Felrock's Armor,Armor,Previously omitted; valid in active Renewal DB and supplied client itemInfo.lua
Added,15121,Robe_Of_Sarah,Sarah's Battle Robe,Armor,Previously omitted; valid in active Renewal DB and supplied client itemInfo.lua
Added,15123,Whikebain_Suit,Whikebain Suit,Armor,Previously omitted; valid in active Renewal DB and supplied client itemInfo.lua
Added,15126,Doram_Only_Suit,Private Doram Suits,Armor,Previously omitted; valid in active Renewal DB and supplied client itemInfo.lua
Added,15129,Doram_High_Suit,Luxury Doram Suit,Armor,Previously omitted; valid in active Renewal DB and supplied client itemInfo.lua
Added,15148,Supplement_Part_Str_J,Powered Mail,Armor,Previously omitted; valid in active Renewal DB and supplied client itemInfo.lua
Added,15149,Upgrade_Part_Plate_J,Guardian Unit,Armor,Previously omitted; valid in active Renewal DB and supplied client itemInfo.lua
Added,15150,White_Shirt,White Shirt,Armor,Previously omitted; valid in active Renewal DB and supplied client itemInfo.lua
Added,15151,White_Eco_Shirt,White Eco-Shirt,Armor,Previously omitted; valid in active Renewal DB and supplied client itemInfo.lua
Added,15156,Doram_Ele_Suit,Elegant Doram Suit,Armor,Previously omitted; valid in active Renewal DB and supplied client itemInfo.lua
Added,15173,Cursed_Devils_Mail,Curse-Spell Mail,Armor,Previously omitted; valid in active Renewal DB and supplied client itemInfo.lua
Added,15187,Diva_Robe,Diva Robe,Armor,Previously omitted; valid in active Renewal DB and supplied client itemInfo.lua
Added,15188,Mirage_Robe,Mirage Robe,Armor,Previously omitted; valid in active Renewal DB and supplied client itemInfo.lua
Added,15191,Khalitzburg_Armor,Khalitzburg Knight Armor,Armor,Previously omitted; valid in active Renewal DB and supplied client itemInfo.lua
Added,15195,Puente_Robe_IL,Illusion Puente Robe,Armor,Previously omitted; valid in active Renewal DB and supplied client itemInfo.lua
Added,15205,Holy_Coat,Medical Scrubs,Armor,Previously omitted; valid in active Renewal DB and supplied client itemInfo.lua
Added,15208,Rora_Plate_Mail,Lola's Plate Mail,Armor,Previously omitted; valid in active Renewal DB and supplied client itemInfo.lua
Added,15209,Drake_Coat,Drake Coat,Armor,Previously omitted; valid in active Renewal DB and supplied client itemInfo.lua
Added,15210,Rental_SupperSwimsuit,Rental Surfer Swimsuit,Armor,Previously omitted; valid in active Renewal DB and supplied client itemInfo.lua
Added,15213,YSF01_Plate_J,Y.S.F.0.1 Plate,Armor,Previously omitted; valid in active Renewal DB and supplied client itemInfo.lua
Added,15241,Vigilante_Suits_J,Vigilante Suit,Armor,Previously omitted; valid in active Renewal DB and supplied client itemInfo.lua
Added,15242,Robe_Of_Elemental_J,Spirit Robe,Armor,Previously omitted; valid in active Renewal DB and supplied client itemInfo.lua
Added,15243,Golden_Ninja_Suit_J,Bodyguard Suit,Armor,Previously omitted; valid in active Renewal DB and supplied client itemInfo.lua
Added,15244,Mine_Worker_Vest_J,Miner's Vest,Armor,Previously omitted; valid in active Renewal DB and supplied client itemInfo.lua
Added,15245,Hippie_Cloth_J,Nature Suit,Armor,Previously omitted; valid in active Renewal DB and supplied client itemInfo.lua
Added,15247,R_Hunting_Mail,Short-term Hunting Mail,Armor,Previously omitted; valid in active Renewal DB and supplied client itemInfo.lua
Added,15249,Antonio_Coat,Antonio's Coat,Armor,Previously omitted; valid in active Renewal DB and supplied client itemInfo.lua
Added,15250,Rebeginer_Suits,Beginner's Suit,Armor,Previously omitted; valid in active Renewal DB and supplied client itemInfo.lua
Added,15273,White_Shirt_J,White T-Shirt,Armor,Previously omitted; valid in active Renewal DB and supplied client itemInfo.lua
Added,15274,White_Eco_Shirt_J,White Leaf T-Shirt,Armor,Previously omitted; valid in active Renewal DB and supplied client itemInfo.lua
Added,15275,Doram_Only_Suit_J,Doram Suit,Armor,Previously omitted; valid in active Renewal DB and supplied client itemInfo.lua
Added,15276,Doram_High_Suit_J,High-End Doram Suit,Armor,Previously omitted; valid in active Renewal DB and supplied client itemInfo.lua
Added,15277,Doram_Ele_Suit_J,Special Doram Suit,Armor,Previously omitted; valid in active Renewal DB and supplied client itemInfo.lua
Added,15283,Armor_of_Rosary,Mighty Black Threaded Armor,Armor,Previously omitted; valid in active Renewal DB and supplied client itemInfo.lua
Added,15348,Goibne_Armor_IL,Illusion Goibne Armor,Armor,Previously omitted; valid in active Renewal DB and supplied client itemInfo.lua
Added,15349,Brave_suit,Brave Suit,Armor,Previously omitted; valid in active Renewal DB and supplied client itemInfo.lua
Added,15378,Lava_Leather_Armor,Lava Leather Armor,Armor,Previously omitted; valid in active Renewal DB and supplied client itemInfo.lua
Added,15379,Lava_Leather_Suits,Lava Leather Suit,Armor,Previously omitted; valid in active Renewal DB and supplied client itemInfo.lua
Added,15380,Lava_Leather_Robe,Lava Leather Robe,Armor,Previously omitted; valid in active Renewal DB and supplied client itemInfo.lua
Added,15383,Time_Overload_Robe,Temporal Transcendent Robe,Armor,Previously omitted; valid in active Renewal DB and supplied client itemInfo.lua
Added,15384,Rite_Robe,Ritual Robe,Armor,Previously omitted; valid in active Renewal DB and supplied client itemInfo.lua
Added,15386,Kings_Mail,King's Mail,Armor,Previously omitted; valid in active Renewal DB and supplied client itemInfo.lua
Added,15387,Jirant_Dress,Witch's Dress,Armor,Previously omitted; valid in active Renewal DB and supplied client itemInfo.lua
Added,15405,Fafnir_Scale_J,Fafnir Scale,Armor,Previously omitted; valid in active Renewal DB and supplied client itemInfo.lua
Added,15407,WhiteknightArmor,Whiteknight Armor,Armor,Previously omitted; valid in active Renewal DB and supplied client itemInfo.lua
Added,15410,H_AD_Suits,High Adventurer Suit,Armor,Previously omitted; valid in active Renewal DB and supplied client itemInfo.lua
Added,15417,Armor_of_Purple_Thread,Armor of Purple Thread,Armor,Previously omitted; valid in active Renewal DB and supplied client itemInfo.lua
Added,15419,Armor_of_White_Thread,Armor of White Thread,Armor,Previously omitted; valid in active Renewal DB and supplied client itemInfo.lua
Added,15897,Rebirth_Circlet,Rebirth Crown,Headgear,Previously omitted; valid in active Renewal DB and supplied client itemInfo.lua
Added,16000,Erde,Erde,Weapons,Previously omitted; valid in active Renewal DB and supplied client itemInfo.lua
Added,16001,Red_Square_Bag,Red Square Bag,Weapons,Previously omitted; valid in active Renewal DB and supplied client itemInfo.lua
Added,16002,Stunner_C,Stunner,Weapons,Previously omitted; valid in active Renewal DB and supplied client itemInfo.lua
Added,16003,Carga_Mace,Carga Mace,Weapons,Previously omitted; valid in active Renewal DB and supplied client itemInfo.lua
Added,16004,P_Mace1,Eden Mace I,Weapons,Previously omitted; valid in active Renewal DB and supplied client itemInfo.lua
Added,16005,P_Mace2,Eden Mace II,Weapons,Previously omitted; valid in active Renewal DB and supplied client itemInfo.lua
Added,16006,Tourist_Mace,Tourist Mace,Weapons,Previously omitted; valid in active Renewal DB and supplied client itemInfo.lua
Added,16008,F_Spanner_C,Spanner,Weapons,Previously omitted; valid in active Renewal DB and supplied client itemInfo.lua
Added,16010,Red_Ether_Bag,Red Ether Bag,Weapons,Previously omitted; valid in active Renewal DB and supplied client itemInfo.lua
Added,16014,P_Mace3,Eden Mace III,Weapons,Previously omitted; valid in active Renewal DB and supplied client itemInfo.lua
Added,16016,Tuna,Tuna,Weapons,Previously omitted; valid in active Renewal DB and supplied client itemInfo.lua
Added,16018,Mace_Of_Judgement2,Empowered Mace Of Judgement,Weapons,Previously omitted; valid in active Renewal DB and supplied client itemInfo.lua
Added,16023,Metal_Mace,Metal Mace,Weapons,Previously omitted; valid in active Renewal DB and supplied client itemInfo.lua
Added,16024,Quadrille_,Quadrille,Weapons,Previously omitted; valid in active Renewal DB and supplied client itemInfo.lua
Added,16025,TE_Woe_Mace,TE Woe Mace,Weapons,Previously omitted; valid in active Renewal DB and supplied client itemInfo.lua
Added,16029,Noble_Cross,Noble Cross,Weapons,Previously omitted; valid in active Renewal DB and supplied client itemInfo.lua
Added,16031,Pilebuncker_P,Pile Bunker P,Weapons,Previously omitted; valid in active Renewal DB and supplied client itemInfo.lua
Added,16033,Robot's_Arm,Robot's Arm,Weapons,Previously omitted; valid in active Renewal DB and supplied client itemInfo.lua
Added,16036,Ru_Blue_Mace,Blue Mace,Weapons,Previously omitted; valid in active Renewal DB and supplied client itemInfo.lua
Added,16037,Ru_Gold_Mace,Ru Gold Mace,Weapons,Previously omitted; valid in active Renewal DB and supplied client itemInfo.lua
Added,16039,Spoon,Spoon,Weapons,Previously omitted; valid in active Renewal DB and supplied client itemInfo.lua
Added,16040,Scarlet_Mace,Crimson Mace,Weapons,Previously omitted; valid in active Renewal DB and supplied client itemInfo.lua
Added,16041,Sinister_Mace,Vicious Mind Mace,Weapons,Previously omitted; valid in active Renewal DB and supplied client itemInfo.lua
Added,16043,Meteor_Strike,Meteor Strike,Weapons,Previously omitted; valid in active Renewal DB and supplied client itemInfo.lua
Added,16050,Mace_of_Trust2,[Rental] Hunting Hammer,Weapons,Previously omitted; valid in active Renewal DB and supplied client itemInfo.lua
Added,16053,Lora_Iron_Ball,Lora's Iron Flail,Weapons,Previously omitted; valid in active Renewal DB and supplied client itemInfo.lua
Added,16054,Toughen_Metal_Mace,Enhanced Metal Mace,Weapons,Previously omitted; valid in active Renewal DB and supplied client itemInfo.lua
Added,16058,Diva_Mace,Diva Mace,Weapons,Previously omitted; valid in active Renewal DB and supplied client itemInfo.lua
Added,16059,Mirage_Mace,Mirage Mace,Weapons,Previously omitted; valid in active Renewal DB and supplied client itemInfo.lua
Added,16061,Sinister_Mace_J,Mace of Evil,Weapons,Previously omitted; valid in active Renewal DB and supplied client itemInfo.lua
Added,16063,Long_Mace_IL,Illusion Long Mace,Weapons,Previously omitted; valid in active Renewal DB and supplied client itemInfo.lua
Added,16064,Probation_Mace,Trial Genetic's Mace,Weapons,Previously omitted; valid in active Renewal DB and supplied client itemInfo.lua
Added,16065,Iron_Driver_IL,Illusion Iron Driver,Weapons,Previously omitted; valid in active Renewal DB and supplied client itemInfo.lua
Added,16075,Rebeginer_NC_Mace,Beginner Mechanic's Mace,Weapons,Previously omitted; valid in active Renewal DB and supplied client itemInfo.lua
Added,16076,Rebeginer_N2_Mace,Beginner Super Novice's Mace,Weapons,Previously omitted; valid in active Renewal DB and supplied client itemInfo.lua
Added,16087,Variant_Mace,Abyss Mace,Weapons,Previously omitted; valid in active Renewal DB and supplied client itemInfo.lua
Added,18100,Shooting_Star_C,Shooting Star,Weapons,Previously omitted; valid in active Renewal DB and supplied client itemInfo.lua
Added,18101,F_Bow_Of_Rudra_C,Rudra Bow,Weapons,Previously omitted; valid in active Renewal DB and supplied client itemInfo.lua
Added,18103,Mystic_Bow,Mystic Bow,Weapons,Previously omitted; valid in active Renewal DB and supplied client itemInfo.lua
Added,18106,P_Bow3,Eden Bow III,Weapons,Previously omitted; valid in active Renewal DB and supplied client itemInfo.lua
Added,18107,Malang_Snow_Crab,Malangdo Crab,Weapons,Previously omitted; valid in active Renewal DB and supplied client itemInfo.lua
Added,18108,Brindle_Eel,Zebra Eel,Weapons,Previously omitted; valid in active Renewal DB and supplied client itemInfo.lua
Added,18109,Catapult,Thief Crossbow,Weapons,Previously omitted; valid in active Renewal DB and supplied client itemInfo.lua
Added,18110,Big_CrossBow,Giant Crossbow,Weapons,Previously omitted; valid in active Renewal DB and supplied client itemInfo.lua
Added,18111,Creeper_Bow,Creeper Bow,Weapons,Previously omitted; valid in active Renewal DB and supplied client itemInfo.lua
Added,18114,Velum_CrossBow,Vellum CrossBow,Weapons,Previously omitted; valid in active Renewal DB and supplied client itemInfo.lua
Added,18115,Orc_Archer_Bow_,Orc Archer Bow,Weapons,Previously omitted; valid in active Renewal DB and supplied client itemInfo.lua
Added,18116,Metal_Bow,Metal Bow,Weapons,Previously omitted; valid in active Renewal DB and supplied client itemInfo.lua
Added,18117,Royal_Bow,Royal Bow,Weapons,Previously omitted; valid in active Renewal DB and supplied client itemInfo.lua
Added,18118,TE_Woe_Bow,TE Woe Bow,Weapons,Previously omitted; valid in active Renewal DB and supplied client itemInfo.lua
Added,18121,Sinister_Bow,Vicious Mind Bow,Weapons,Previously omitted; valid in active Renewal DB and supplied client itemInfo.lua
Added,18122,Gigantic_Bow,Giant Bow,Weapons,Previously omitted; valid in active Renewal DB and supplied client itemInfo.lua
Added,18123,Bow_Of_Storm,Bow of Storms,Weapons,Previously omitted; valid in active Renewal DB and supplied client itemInfo.lua
Added,18126,Ru_Blue_Bow,Blue Bow,Weapons,Previously omitted; valid in active Renewal DB and supplied client itemInfo.lua
Added,18127,Ru_Gold_Bow,Ru Gold Bow,Weapons,Previously omitted; valid in active Renewal DB and supplied client itemInfo.lua
Added,18130,Scarlet_Bow,Crimson Bow,Weapons,Previously omitted; valid in active Renewal DB and supplied client itemInfo.lua
Added,18141,Toughen_Metal_Bow,Enhanced Metal Bow,Weapons,Previously omitted; valid in active Renewal DB and supplied client itemInfo.lua
Added,18143,Avenger_Hunter_Bow,Avenger Hunter Bow,Weapons,Previously omitted; valid in active Renewal DB and supplied client itemInfo.lua
Added,18145,Vigilante_Bow,Vigilante Bow,Weapons,Previously omitted; valid in active Renewal DB and supplied client itemInfo.lua
Added,18146,Diva_Wing,Diva Wing,Weapons,Previously omitted; valid in active Renewal DB and supplied client itemInfo.lua
Added,18147,Mirage_Wing,Mirage Wing,Weapons,Previously omitted; valid in active Renewal DB and supplied client itemInfo.lua
Added,18148,Sinister_Bow_J,Bow of Evil,Weapons,Previously omitted; valid in active Renewal DB and supplied client itemInfo.lua
Added,18149,Balistar_IL,Illusion Ballista,Weapons,Previously omitted; valid in active Renewal DB and supplied client itemInfo.lua
Added,18150,Probation_CrossBow,Trail Ranger' Crossbow,Weapons,Previously omitted; valid in active Renewal DB and supplied client itemInfo.lua
Added,18151,Probation_Bow,Trail Wanderers & Minstrel's Bow,Weapons,Previously omitted; valid in active Renewal DB and supplied client itemInfo.lua
Added,18153,Neev_Bow_Of_Rogue,Neev Bow Of Rogue,Weapons,Previously omitted; valid in active Renewal DB and supplied client itemInfo.lua
Added,18154,Neev_Hunter_Bow,Neev Hunter Bow,Weapons,Previously omitted; valid in active Renewal DB and supplied client itemInfo.lua
Added,18155,Neev_CrossBow,Neev CrossBow,Weapons,Previously omitted; valid in active Renewal DB and supplied client itemInfo.lua
Added,18163,Vigilante_Bow_J,Vigilante Bow,Weapons,Previously omitted; valid in active Renewal DB and supplied client itemInfo.lua
Added,18165,Rebeginer_RN_Bow,Beginner Ranger's Bow,Weapons,Previously omitted; valid in active Renewal DB and supplied client itemInfo.lua
Added,18166,Rebeginer_WM_Bow,Beginner Wanderer & Minstrels' Bow,Weapons,Previously omitted; valid in active Renewal DB and supplied client itemInfo.lua
Added,18174,Hunter_Bow_IL,Illusion Hunter Bow,Weapons,Previously omitted; valid in active Renewal DB and supplied client itemInfo.lua
Added,18177,Variant_Wing,Abyss Wing,Weapons,Previously omitted; valid in active Renewal DB and supplied client itemInfo.lua
Added,18182,Evt_Royal_Bow_K,Sealed Royal Bow,Weapons,Previously omitted; valid in active Renewal DB and supplied client itemInfo.lua
Added,18183,Evt_Narcis_Bow,Sealed Narcissus Bow,Weapons,Previously omitted; valid in active Renewal DB and supplied client itemInfo.lua
Added,18500,Cheer_Scarf6,Cheer Scarf6,Headgear,Previously omitted; valid in active Renewal DB and supplied client itemInfo.lua
Added,18501,Cheer_Scarf8,Cheer Scarf8,Headgear,Previously omitted; valid in active Renewal DB and supplied client itemInfo.lua
Added,18502,Cheer_Scarf10,Cheer Scarf10,Headgear,Previously omitted; valid in active Renewal DB and supplied client itemInfo.lua
Added,18503,Small_Horn_Of_Devil,Small Devil Horns,Headgear,Previously omitted; valid in active Renewal DB and supplied client itemInfo.lua
Added,18504,Anubis_Helm_J,Anubis Helm J,Headgear,Previously omitted; valid in active Renewal DB and supplied client itemInfo.lua
Added,18505,Umbala_Spirit,Umbala Spirit,Headgear,Previously omitted; valid in active Renewal DB and supplied client itemInfo.lua
Added,18509,RWC2010_Indonesia,RWC2010 Indonesia,Headgear,Previously omitted; valid in active Renewal DB and supplied client itemInfo.lua
Added,18514,Para_Team_Hat2,Eden Team Hat II,Headgear,Previously omitted; valid in active Renewal DB and supplied client itemInfo.lua
Added,18515,RTC_Winner_Headgear,RTC Winner Hat,Headgear,Previously omitted; valid in active Renewal DB and supplied client itemInfo.lua
Added,18516,RTC_2nd_Headgear,RTC 2nd Winner Hat,Headgear,Previously omitted; valid in active Renewal DB and supplied client itemInfo.lua
Added,18517,RTC_3rd_Headgear,RTC 3rd Winner Hat,Headgear,Previously omitted; valid in active Renewal DB and supplied client itemInfo.lua
Added,18526,Yummy_Lollipop,Candy Cane In Mouth,Headgear,Previously omitted; valid in active Renewal DB and supplied client itemInfo.lua
Added,18556,Angel_Helmet,Angel Helmet,Headgear,Previously omitted; valid in active Renewal DB and supplied client itemInfo.lua
Added,18557,Devil_Helmet,Devil Helmet,Headgear,Previously omitted; valid in active Renewal DB and supplied client itemInfo.lua
Added,18566,Nut_Donut_In_Mouth,Nut Donut In Mouth,Headgear,Previously omitted; valid in active Renewal DB and supplied client itemInfo.lua
Added,18577,24_Bolt,24 Bolt,Headgear,Previously omitted; valid in active Renewal DB and supplied client itemInfo.lua
Added,18579,9th_Anni_Hat,9th Anni Hat,Headgear,Previously omitted; valid in active Renewal DB and supplied client itemInfo.lua
Added,18598,Mini_Tree_J,Mini Tree J,Headgear,Previously omitted; valid in active Renewal DB and supplied client itemInfo.lua
Added,18610,7th_Anni_Hat_B,7th Anni Hat B,Headgear,Previously omitted; valid in active Renewal DB and supplied client itemInfo.lua
Added,18680,Tw_Frog_Hat,Tw Frog Hat,Headgear,Previously omitted; valid in active Renewal DB and supplied client itemInfo.lua
Added,18728,Egir_Helm,Egir Helm,Headgear,Previously omitted; valid in active Renewal DB and supplied client itemInfo.lua
Added,18731,Valkyrie_Outing_Helm,Valkyrie Randgris Helm,Headgear,Previously omitted; valid in active Renewal DB and supplied client itemInfo.lua
Added,18732,TE_Woe_Cap,TE Woe Cap,Headgear,Previously omitted; valid in active Renewal DB and supplied client itemInfo.lua
Added,18733,TE_Woe_Bone_Helm,TE Woe Bone Helm,Headgear,Previously omitted; valid in active Renewal DB and supplied client itemInfo.lua
Added,18734,TE_Woe_Magic_Eyes,TE Woe Magic Eyes,Headgear,Previously omitted; valid in active Renewal DB and supplied client itemInfo.lua
Added,18752,Cursed_Book,Cursed Book,Headgear,Previously omitted; valid in active Renewal DB and supplied client itemInfo.lua
Added,18753,Tw_Rice_Ball,Tw Rice Ball,Headgear,Previously omitted; valid in active Renewal DB and supplied client itemInfo.lua
Added,18778,Pink_Bunny_Band_J,Rabbit Hairband (Peach),Headgear,Previously omitted; valid in active Renewal DB and supplied client itemInfo.lua
Added,18782,Butterfly_Wing_Ear_J,Butterfly Wing Ear,Headgear,Previously omitted; valid in active Renewal DB and supplied client itemInfo.lua
Added,18792,Idn_Sakkat,Indonesian Independence Sakkat,Headgear,Previously omitted; valid in active Renewal DB and supplied client itemInfo.lua
Added,18793,Sorc_Night_Cap,Sorcerer's Night Cap,Headgear,Previously omitted; valid in active Renewal DB and supplied client itemInfo.lua
Added,18809,8th_Anni_Hat_B,Bandana 8th Anniversary,Headgear,Previously omitted; valid in active Renewal DB and supplied client itemInfo.lua
Added,18811,JRO_White_Snake,White Snake,Headgear,Previously omitted; valid in active Renewal DB and supplied client itemInfo.lua
Added,18828,2012RMSCNO1,2012 RWC Winners Helmet,Headgear,Previously omitted; valid in active Renewal DB and supplied client itemInfo.lua
Added,18829,2012RMSCNO2,2012 RWC Runners-Up Helmet,Headgear,Previously omitted; valid in active Renewal DB and supplied client itemInfo.lua
Added,18830,2012RMSCNO3,2012 RWC 2nd Runner Helmet,Headgear,Previously omitted; valid in active Renewal DB and supplied client itemInfo.lua
Added,18831,2012RMSCNO4,2012 RWC Special Helmet,Headgear,Previously omitted; valid in active Renewal DB and supplied client itemInfo.lua
Added,18848,Lush_Rose,Lush Rose,Headgear,Previously omitted; valid in active Renewal DB and supplied client itemInfo.lua
Added,18849,Celines_Ribbon,Celine's Ribbon,Headgear,Previously omitted; valid in active Renewal DB and supplied client itemInfo.lua
Added,18861,Zaha_Doll_Hat_J,Zaha Doll Hat,Headgear,Previously omitted; valid in active Renewal DB and supplied client itemInfo.lua
Added,18862,Armor_Chiu_J,Chiu Armor,Armor,Previously omitted; valid in active Renewal DB and supplied client itemInfo.lua
Added,18864,Earth_Goddess_Flower_J,Earth Goddess Flower,Headgear,Previously omitted; valid in active Renewal DB and supplied client itemInfo.lua
Added,18869,Donut_In_Mouth_J,Sugar Donut,Headgear,Previously omitted; valid in active Renewal DB and supplied client itemInfo.lua
Added,18870,Event_Sweet_Candy,Very Sweet Candy Bar,Headgear,Previously omitted; valid in active Renewal DB and supplied client itemInfo.lua
Added,18871,Event_Sweet_Candy2,Very Sweet Candy,Headgear,Previously omitted; valid in active Renewal DB and supplied client itemInfo.lua
Added,18874,One_Eyed_Glass_,Monocle,Headgear,Previously omitted; valid in active Renewal DB and supplied client itemInfo.lua
Added,18940,10_Gallon_Hat_Of_Flame,10 Gallon Hat Of Flame,Headgear,Previously omitted; valid in active Renewal DB and supplied client itemInfo.lua
Added,19025,Puppy_Ears_Hat_Jp,Puppy Ears Hat,Headgear,Previously omitted; valid in active Renewal DB and supplied client itemInfo.lua
Added,19027,10_Type_Glasses,10 Type Glasses,Headgear,Previously omitted; valid in active Renewal DB and supplied client itemInfo.lua
Added,19034,37_Sculpt,307 Styles Scute,Headgear,Previously omitted; valid in active Renewal DB and supplied client itemInfo.lua
Added,19037,93_BloodyWing,93 Styles Bloody Wings,Headgear,Previously omitted; valid in active Renewal DB and supplied client itemInfo.lua
Added,19038,12th_Crown,12 Anniversary Crown of Saint,Headgear,Previously omitted; valid in active Renewal DB and supplied client itemInfo.lua
Added,19039,12th_ElvenEars,12 Anniversary Elf Ears,Headgear,Previously omitted; valid in active Renewal DB and supplied client itemInfo.lua
Added,19041,666_DevilEar,666 Styles Demon's Ears,Headgear,Previously omitted; valid in active Renewal DB and supplied client itemInfo.lua
Added,19045,14_RainbowWing,104 Styles Rainbow Feathers,Headgear,Previously omitted; valid in active Renewal DB and supplied client itemInfo.lua
Added,19052,Sigrun's_Wing_C,Rental Sigrun's Wing,Headgear,Previously omitted; valid in active Renewal DB and supplied client itemInfo.lua
Added,19103,Kings_Crown,Old King’s Crown,Headgear,Previously omitted; valid in active Renewal DB and supplied client itemInfo.lua
Added,19109,Valhalla_Idol,Valhalla Idol,Headgear,Previously omitted; valid in active Renewal DB and supplied client itemInfo.lua
Added,19111,Laser_Of_Eagle,Laser of Eagle,Headgear,Previously omitted; valid in active Renewal DB and supplied client itemInfo.lua
Added,19113,Gemini_Eyes,Gemini-S58 Eyes,Headgear,Previously omitted; valid in active Renewal DB and supplied client itemInfo.lua
Added,19140,Squirrel_Ear_Hat,Squirrel Ears Hood Hat,Headgear,Previously omitted; valid in active Renewal DB and supplied client itemInfo.lua
Added,19141,Tha_Maero_Mask_J,Maero Mask,Headgear,Previously omitted; valid in active Renewal DB and supplied client itemInfo.lua
Added,19142,Droop_Gunslinger_J,Drooping Rebellion,Headgear,Previously omitted; valid in active Renewal DB and supplied client itemInfo.lua
Added,19170,Guardian_Processor,Guardian Processor,Headgear,Previously omitted; valid in active Renewal DB and supplied client itemInfo.lua
Added,19172,PoPe_Osuwari_Head,Pope Osuwari Head,Headgear,Previously omitted; valid in active Renewal DB and supplied client itemInfo.lua
Added,19177,Elemental_Crown_K,Elemental Crown,Headgear,Previously omitted; valid in active Renewal DB and supplied client itemInfo.lua
Added,19185,Blackhand_Of_Fate,Dark Hand,Headgear,Previously omitted; valid in active Renewal DB and supplied client itemInfo.lua
Added,19209,Nurse_Cap_IL,Illusion Nurse Cap,Headgear,Previously omitted; valid in active Renewal DB and supplied client itemInfo.lua
Added,19210,Apple_Of_Archer_IL,Illusion Apple of Archer,Headgear,Previously omitted; valid in active Renewal DB and supplied client itemInfo.lua
Added,19218,Time_Keeper_Glasses,Time Keeper Glasses,Headgear,Previously omitted; valid in active Renewal DB and supplied client itemInfo.lua
Added,19219,JP_EV12,Drooping Chuni Penguin,Headgear,Previously omitted; valid in active Renewal DB and supplied client itemInfo.lua
Added,19221,Golden_Angel_Band_TH,Golden Angel Hairband,Headgear,Previously omitted; valid in active Renewal DB and supplied client itemInfo.lua
Added,19223,Cap_IL,Illusion Cap,Headgear,Previously omitted; valid in active Renewal DB and supplied client itemInfo.lua
Added,19238,PoringTownOnion,Poring Village Leek,Headgear,Previously omitted; valid in active Renewal DB and supplied client itemInfo.lua
Added,19239,PoringTownCarrot,Poring Village Carrot,Headgear,Previously omitted; valid in active Renewal DB and supplied client itemInfo.lua
Added,19247,Fancy_Flower_IL,Illusion Fancy Flower,Headgear,Previously omitted; valid in active Renewal DB and supplied client itemInfo.lua
Added,19262,Jirant_Circlet,Ancient Dragon Crown,Headgear,Previously omitted; valid in active Renewal DB and supplied client itemInfo.lua
Added,19269,Angel_Of_Happiness_J,Happy Flapping Angel Wings,Headgear,Previously omitted; valid in active Renewal DB and supplied client itemInfo.lua
Added,19272,Garden_Of_Eden,Garden of Eden,Headgear,Previously omitted; valid in active Renewal DB and supplied client itemInfo.lua
Added,19273,Gemini_RedEyes,Gemini S-58 Eyes (Red),Headgear,Previously omitted; valid in active Renewal DB and supplied client itemInfo.lua
Added,19275,Rental_Scuba_Mask,Rental Scuba Mask,Headgear,Previously omitted; valid in active Renewal DB and supplied client itemInfo.lua
Added,19281,Agenda_RobeJ,Agenda Robe,Armor,Previously omitted; valid in active Renewal DB and supplied client itemInfo.lua
Added,19282,Consultation_RobeJ,Consultation Robe,Armor,Previously omitted; valid in active Renewal DB and supplied client itemInfo.lua
Added,19285,Helmet_Of_Siegfried_J,Siegfried's Helmet,Headgear,Previously omitted; valid in active Renewal DB and supplied client itemInfo.lua
Added,19299,Tree_Of_Sprout_JP,Tree Sprout,Headgear,Previously omitted; valid in active Renewal DB and supplied client itemInfo.lua
Added,19310,Rebeginer_Cap,Beginner's Cap,Headgear,Previously omitted; valid in active Renewal DB and supplied client itemInfo.lua
Added,19311,Greater_Dracul_Horn,Greater Dracule Horn,Headgear,Previously omitted; valid in active Renewal DB and supplied client itemInfo.lua
Added,19312,Neev_Barrette,Neev Barrette,Headgear,Previously omitted; valid in active Renewal DB and supplied client itemInfo.lua
Added,19313,Neev_Barrette_,Neev Barrette,Headgear,Previously omitted; valid in active Renewal DB and supplied client itemInfo.lua
Added,19329,Hand_Of_Devil,Devil's Hand,Headgear,Previously omitted; valid in active Renewal DB and supplied client itemInfo.lua
Added,19342,Bull_Hat,Bull Hat,Headgear,Previously omitted; valid in active Renewal DB and supplied client itemInfo.lua
Added,19343,Circlet_Of_Phoenix,Circlet of Phoenix,Headgear,Previously omitted; valid in active Renewal DB and supplied client itemInfo.lua
Added,19344,Headband_Of_Power_IL,Illusion Hot-blooded Headband,Headgear,Previously omitted; valid in active Renewal DB and supplied client itemInfo.lua
Added,19349,Pizza_Hat_J,Pepperoni Pizza,Headgear,Previously omitted; valid in active Renewal DB and supplied client itemInfo.lua
Added,19350,Carrot_In_Mouth_J,Carrot In Mouth,Headgear,Previously omitted; valid in active Renewal DB and supplied client itemInfo.lua
Added,19366,Goibne_Helmet_IL,Illusion Goibne Helm,Headgear,Previously omitted; valid in active Renewal DB and supplied client itemInfo.lua
Added,19367,Burst_Flame,Burst Flame,Headgear,Previously omitted; valid in active Renewal DB and supplied client itemInfo.lua
Added,19379,Striking_hat,Striking Hat,Headgear,Previously omitted; valid in active Renewal DB and supplied client itemInfo.lua
Added,19380,Floating_Ball,Floating Ball,Headgear,Previously omitted; valid in active Renewal DB and supplied client itemInfo.lua
Added,19388,Crow_Tengu_Mask_Z,Celestial Crow Mask,Headgear,Previously omitted; valid in active Renewal DB and supplied client itemInfo.lua
Added,19389,E_Oxygen_Mask,Advanced Oxygen Mask,Headgear,Previously omitted; valid in active Renewal DB and supplied client itemInfo.lua
Added,19390,Mira_Tower_Hat,Research Team Hat,Headgear,Previously omitted; valid in active Renewal DB and supplied client itemInfo.lua
Added,19391,Eyes_Of_Illusion,Eyes Of Illusion,Headgear,Previously omitted; valid in active Renewal DB and supplied client itemInfo.lua
Added,19393,Magic_Star_TW,Magic Star,Headgear,Previously omitted; valid in active Renewal DB and supplied client itemInfo.lua
Added,19399,Grand_Peco_Band_Z,Grand Peco Hairband,Headgear,Previously omitted; valid in active Renewal DB and supplied client itemInfo.lua
Added,19400,Sleepr_Hat_Z,Sleeper Hat,Headgear,Previously omitted; valid in active Renewal DB and supplied client itemInfo.lua
Added,19401,Gothic_Heart_Wing_TW,Fallen Wing Hairpin,Headgear,Previously omitted; valid in active Renewal DB and supplied client itemInfo.lua
Added,19404,Biting_Off_Rideword,Biting Rideword,Headgear,Previously omitted; valid in active Renewal DB and supplied client itemInfo.lua
Added,19407,Work_Cap,Work Cap,Headgear,Previously omitted; valid in active Renewal DB and supplied client itemInfo.lua
Added,19409,Black_Feather,Black Feather Hat,Headgear,Previously omitted; valid in active Renewal DB and supplied client itemInfo.lua
Added,19411,Floating_Gioia,Floating Gioia,Headgear,Previously omitted; valid in active Renewal DB and supplied client itemInfo.lua
Added,19426,King_Of_Spirit_Circlet,King Of Spirit Circlet,Headgear,Previously omitted; valid in active Renewal DB and supplied client itemInfo.lua
Added,19433,ResonateTaego_TW,Ancient Resonance,Headgear,Previously omitted; valid in active Renewal DB and supplied client itemInfo.lua
Added,19436,VesperHeadGear,Vesper Headgear,Headgear,Previously omitted; valid in active Renewal DB and supplied client itemInfo.lua
Added,19437,LittleGarden,Little Garden,Headgear,Previously omitted; valid in active Renewal DB and supplied client itemInfo.lua
Added,19444,Star_Eyepatch_JP_,Star Eyepatch,Headgear,Previously omitted; valid in active Renewal DB and supplied client itemInfo.lua
Added,19446,Injured_Eyepatch_JP_,Injured Eyepatch,Headgear,Previously omitted; valid in active Renewal DB and supplied client itemInfo.lua
Added,19451,Heavenly_Order,Heavenly Order,Headgear,Previously omitted; valid in active Renewal DB and supplied client itemInfo.lua
Added,19452,Heavenly_Order_,Heavenly Order,Headgear,Previously omitted; valid in active Renewal DB and supplied client itemInfo.lua
Added,19453,Jejecap_JP,Jeje Cap,Headgear,Previously omitted; valid in active Renewal DB and supplied client itemInfo.lua
Added,19469,Crown_Of_Saint_Jp,Sacred Crown,Headgear,Previously omitted; valid in active Renewal DB and supplied client itemInfo.lua
Added,20700,Egir_Manteau,Egir Manteau,Garments,Previously omitted; valid in active Renewal DB and supplied client itemInfo.lua
Added,20702,TE_Woe_Muffler,TE Woe Muffler,Garments,Previously omitted; valid in active Renewal DB and supplied client itemInfo.lua
Added,20703,TE_Woe_Manteau,TE Woe Manteau,Garments,Previously omitted; valid in active Renewal DB and supplied client itemInfo.lua
Added,20704,TE_Woe_Magic_Manteau,TE Woe Magic Manteau,Garments,Previously omitted; valid in active Renewal DB and supplied client itemInfo.lua
Added,20709,Mana_Manteau,Mana Manteau,Garments,Previously omitted; valid in active Renewal DB and supplied client itemInfo.lua
Added,20717,FaceWorm_Skin,Gigant Snake Skin,Garments,Previously omitted; valid in active Renewal DB and supplied client itemInfo.lua
Added,20743,Airship_Cape,Airship's Cloak,Garments,Previously omitted; valid in active Renewal DB and supplied client itemInfo.lua
Added,20744,Felock_Cape,Felrock's Cloak,Garments,Previously omitted; valid in active Renewal DB and supplied client itemInfo.lua
Added,20748,Manteau_Of_Fallen,Fallen Warrior Manteau,Garments,Previously omitted; valid in active Renewal DB and supplied client itemInfo.lua
Added,20767,Bravery_Bag_J,Adventurer's Backpack,Garments,Previously omitted; valid in active Renewal DB and supplied client itemInfo.lua
Added,20768,Archangel_Wing_J,Archangel Wing,Garments,Previously omitted; valid in active Renewal DB and supplied client itemInfo.lua
Added,20770,Limnil_Cape,Andfreimnir's Manteau,Garments,Previously omitted; valid in active Renewal DB and supplied client itemInfo.lua
Added,20776,Supplement_Part_Con_J,Powered Tank,Garments,Previously omitted; valid in active Renewal DB and supplied client itemInfo.lua
Added,20777,Upgrade_Part_Engine_J,Guardian Engine,Garments,Previously omitted; valid in active Renewal DB and supplied client itemInfo.lua
Added,20784,Amistr_Bag_J,Amistr Bag,Garments,Previously omitted; valid in active Renewal DB and supplied client itemInfo.lua
Added,20788,Doram_Only_Cape,Private Doram Manteau,Garments,Previously omitted; valid in active Renewal DB and supplied client itemInfo.lua
Added,20789,Doram_High_Cape,Luxury Doram Manteau,Garments,Previously omitted; valid in active Renewal DB and supplied client itemInfo.lua
Added,20790,Doram_Ele_Cape,Elegant Doram Manteau,Garments,Previously omitted; valid in active Renewal DB and supplied client itemInfo.lua
Added,20796,Soheon_Winged_Robe,Seohyun's Robe,Armor,Previously omitted; valid in active Renewal DB and supplied client itemInfo.lua
Added,20799,Elemental_Towel,Elemental Towel,Garments,Previously omitted; valid in active Renewal DB and supplied client itemInfo.lua
Added,20800,Enforcer_cape,Enforcer Cape,Garments,Previously omitted; valid in active Renewal DB and supplied client itemInfo.lua
Added,20812,Kirin_Wing_J,Kirin Wing,Garments,Previously omitted; valid in active Renewal DB and supplied client itemInfo.lua
Added,20814,Wakwak_Manteau,Wakwak Manteau,Garments,Previously omitted; valid in active Renewal DB and supplied client itemInfo.lua
Added,20816,Yoichi_Muffler,Yoichi's Shawl,Garments,Previously omitted; valid in active Renewal DB and supplied client itemInfo.lua
Added,20818,Cursed_Devils_Manteau,Curse-Spell Manteau,Garments,Previously omitted; valid in active Renewal DB and supplied client itemInfo.lua
Added,20827,Diva_Manteau,Diva Manteau,Garments,Previously omitted; valid in active Renewal DB and supplied client itemInfo.lua
Added,20828,Mirage_Manteau,Mirage Manteau,Garments,Previously omitted; valid in active Renewal DB and supplied client itemInfo.lua
Added,20831,Elder_Spirit,Adventurer's Spirit,Garments,Previously omitted; valid in active Renewal DB and supplied client itemInfo.lua
Added,20836,Skin_Of_Lindwurm,Skin of Lindwyrm,Garments,Previously omitted; valid in active Renewal DB and supplied client itemInfo.lua
Added,20837,Skin_Of_Gwiber,Skin of Gwiber,Garments,Previously omitted; valid in active Renewal DB and supplied client itemInfo.lua
Added,20838,Muffler_IL,Illusion Muffler,Garments,Previously omitted; valid in active Renewal DB and supplied client itemInfo.lua
Added,20840,Cape_Of_Ancient_Lord_IL,Illusion Ancient Cape,Garments,Previously omitted; valid in active Renewal DB and supplied client itemInfo.lua
Added,20841,Golden_Angel_Wing_TH,Golden Angel Wing,Garments,Previously omitted; valid in active Renewal DB and supplied client itemInfo.lua
Added,20845,Skin_Of_Marraco,Skin of Malach,Garments,Previously omitted; valid in active Renewal DB and supplied client itemInfo.lua
Added,20846,Temporal_Manteau,Temporal Manteau,Garments,Previously omitted; valid in active Renewal DB and supplied client itemInfo.lua
Added,20847,Clack_Of_Servival_IL,Illusion Survivor Manteau,Garments,Previously omitted; valid in active Renewal DB and supplied client itemInfo.lua
Added,20852,Jirant_Cloak,Witch's Cloak,Garments,Previously omitted; valid in active Renewal DB and supplied client itemInfo.lua
Added,20853,Rudo_Black_Wings,Rudo's Black Wing,Garments,Previously omitted; valid in active Renewal DB and supplied client itemInfo.lua
Added,20855,Rental_Oxygen_Bomb,Costume Oxygen Tank,Garments,Previously omitted; valid in active Renewal DB and supplied client itemInfo.lua
Added,20857,VeilCoyote,Sniping Veil,Garments,Previously omitted; valid in active Renewal DB and supplied client itemInfo.lua
Added,20858,YSF01_Manteau_J,Y.S.F.0.1 Manteau,Garments,Previously omitted; valid in active Renewal DB and supplied client itemInfo.lua
Added,20859,Phreeoni_Wing,Phreeoni Wings,Garments,Previously omitted; valid in active Renewal DB and supplied client itemInfo.lua
Added,20861,SwordWing_J,Sword Wing,Garments,Previously omitted; valid in active Renewal DB and supplied client itemInfo.lua
Added,20863,MenblattWing,Menblatt Wing Manteau,Garments,Previously omitted; valid in active Renewal DB and supplied client itemInfo.lua
Added,20900,Golden_Scarf_J,Bouncer's Scarf,Garments,Previously omitted; valid in active Renewal DB and supplied client itemInfo.lua
Added,20903,R_Hunting_Manteau,Short-term Hunting Manteau,Garments,Previously omitted; valid in active Renewal DB and supplied client itemInfo.lua
Added,20906,Rebeginer_Manteau,Beginner's Cloak,Garments,Previously omitted; valid in active Renewal DB and supplied client itemInfo.lua
Added,20907,Fairy_Cloth,Fairy Cloth,Garments,Previously omitted; valid in active Renewal DB and supplied client itemInfo.lua
Added,20915,Doram_Only_Cape_J,Doram Cape,Garments,Previously omitted; valid in active Renewal DB and supplied client itemInfo.lua
Added,20916,Doram_High_Cape_J,High-End Doram Cape,Garments,Previously omitted; valid in active Renewal DB and supplied client itemInfo.lua
Added,20917,Doram_Ele_Cape_J,Special Doram Cape,Garments,Previously omitted; valid in active Renewal DB and supplied client itemInfo.lua
Added,20922,Leviathan_muffler,Leviathan Muffler,Garments,Previously omitted; valid in active Renewal DB and supplied client itemInfo.lua
Added,20923,Goibne_Shoulder_IL,Illusion Goibne Spaulders,Garments,Previously omitted; valid in active Renewal DB and supplied client itemInfo.lua
Added,20924,Brave_muffler,Brave Muffler,Garments,Previously omitted; valid in active Renewal DB and supplied client itemInfo.lua
Added,20925,Commander_manteau_J,Commander Manteau,Garments,Previously omitted; valid in active Renewal DB and supplied client itemInfo.lua
Added,20931,Rainbow_Scarf_Jp,Prism Rangers Scarf,Garments,Previously omitted; valid in active Renewal DB and supplied client itemInfo.lua
Added,20932,Old_Moc_Shawl,Old Morocc Shawl,Garments,Previously omitted; valid in active Renewal DB and supplied client itemInfo.lua
Added,20935,Lava_Leather_Manteau,Lava Leather Manteau,Garments,Previously omitted; valid in active Renewal DB and supplied client itemInfo.lua
Added,20936,Lava_Leather_Muffler,Lava Leather Muffler,Garments,Previously omitted; valid in active Renewal DB and supplied client itemInfo.lua
Added,20937,Lava_Leather_Hode,Lava Leather Hood,Garments,Previously omitted; valid in active Renewal DB and supplied client itemInfo.lua
Added,20939,Time_Overload_Hood,Temporal Transcendence Manteau,Garments,Previously omitted; valid in active Renewal DB and supplied client itemInfo.lua
Added,20941,Phoenix_Muffler,Phoenix Muffler,Garments,Previously omitted; valid in active Renewal DB and supplied client itemInfo.lua
Added,20942,Manteau_Of_Guardsman,Manteau Of Guardsman,Garments,Previously omitted; valid in active Renewal DB and supplied client itemInfo.lua
Added,20949,Skin_Of_Ladon_J,Skin of Ladon,Garments,Previously omitted; valid in active Renewal DB and supplied client itemInfo.lua
Added,20952,Anony_As_Muffler,Mysterious Muffler,Garments,Previously omitted; valid in active Renewal DB and supplied client itemInfo.lua
Added,20953,H_AD_Hood,High Adventurer Hood,Garments,Previously omitted; valid in active Renewal DB and supplied client itemInfo.lua
Added,20955,Chrismas_Tree,Christmas Guardian Tree,Garments,Previously omitted; valid in active Renewal DB and supplied client itemInfo.lua
Added,20969,Rainbow_Muffler_Jp,Rainbow Muffler,Garments,Previously omitted; valid in active Renewal DB and supplied client itemInfo.lua
Added,20991,Fairy_Of_Eden,Fairy of Eden,Garments,Previously omitted; valid in active Renewal DB and supplied client itemInfo.lua
Added,20993,Avoidance_Cape,Avoidance Cape,Garments,Previously omitted; valid in active Renewal DB and supplied client itemInfo.lua
Added,21001,Velum_Claymore,Vellum Claymore,Weapons,Previously omitted; valid in active Renewal DB and supplied client itemInfo.lua
Added,21003,Muramasa_,Muramasa,Weapons,Previously omitted; valid in active Renewal DB and supplied client itemInfo.lua
Added,21004,Alca_Bringer_,Alca Bringer,Weapons,Previously omitted; valid in active Renewal DB and supplied client itemInfo.lua
Added,21005,Metal_Two_Hand_Sword,Metal Two Hand Sword,Weapons,Previously omitted; valid in active Renewal DB and supplied client itemInfo.lua
Added,21006,TE_Woe_Two_Hand_Sword,TE Woe Two Hand Sword,Weapons,Previously omitted; valid in active Renewal DB and supplied client itemInfo.lua
Added,21011,Giant_Blade,Gigantic Blade,Weapons,Previously omitted; valid in active Renewal DB and supplied client itemInfo.lua
Added,21012,Some_Wizard_MagicSword,Magic Sword,Weapons,Previously omitted; valid in active Renewal DB and supplied client itemInfo.lua
Added,21013,Hetairoi_Sword,Hetairoi's Sword,Weapons,Previously omitted; valid in active Renewal DB and supplied client itemInfo.lua
Added,21015,Scarlet_Twohand_Sword,Crimson Two-Handed Sword,Weapons,Previously omitted; valid in active Renewal DB and supplied client itemInfo.lua
Added,21016,Sinister_Twohand_Sword,Vicious Mind Two-Handed Sword,Weapons,Previously omitted; valid in active Renewal DB and supplied client itemInfo.lua
Added,21018,Two_Hand_Spear_170,Lindy Hop,Weapons,Previously omitted; valid in active Renewal DB and supplied client itemInfo.lua
Added,21019,Onimaru,Onimaru,Weapons,Previously omitted; valid in active Renewal DB and supplied client itemInfo.lua
Added,21023,Toughen_Metal_TH_Sword,Enhanced Metal Two-Handed Sword,Weapons,Previously omitted; valid in active Renewal DB and supplied client itemInfo.lua
Added,21026,Diva_Claymore,Diva Claymore,Weapons,Previously omitted; valid in active Renewal DB and supplied client itemInfo.lua
Added,21027,Mirage_Claymore,Mirage Claymore,Weapons,Previously omitted; valid in active Renewal DB and supplied client itemInfo.lua
Added,21028,Sinister_Thand_Sword_J,Two-Handed Sword of Evil,Weapons,Previously omitted; valid in active Renewal DB and supplied client itemInfo.lua
Added,21030,Probation_TH_Sword,Trial Rune Knight's Two-Handed Sword,Weapons,Previously omitted; valid in active Renewal DB and supplied client itemInfo.lua
Added,21031,Neev_Claymore,Neev Claymore,Weapons,Previously omitted; valid in active Renewal DB and supplied client itemInfo.lua
Added,21037,Rebeginer_RK_T_Sword,Beginner Rune Knight's Two-Handed Sword,Weapons,Previously omitted; valid in active Renewal DB and supplied client itemInfo.lua
Added,21039,T_Sword_Of_Kingdom,Royal Knight's Broadsword,Weapons,Previously omitted; valid in active Renewal DB and supplied client itemInfo.lua
Added,21046,Variant_Claymore,Abyss Claymore,Weapons,Previously omitted; valid in active Renewal DB and supplied client itemInfo.lua
Added,21049,Evt_Oriental_Sword,Sealed Eastern Sword,Weapons,Previously omitted; valid in active Renewal DB and supplied client itemInfo.lua
Added,22000,Temporal_Str_Boots,Temporal Str Boots,Shoes,Previously omitted; valid in active Renewal DB and supplied client itemInfo.lua
Added,22001,Temporal_Int_Boots,Temporal Int Boots,Shoes,Previously omitted; valid in active Renewal DB and supplied client itemInfo.lua
Added,22002,Temporal_Agi_Boots,Temporal Agi Boots,Shoes,Previously omitted; valid in active Renewal DB and supplied client itemInfo.lua
Added,22003,Temporal_Vit_Boots,Temporal Vit Boots,Shoes,Previously omitted; valid in active Renewal DB and supplied client itemInfo.lua
Added,22004,Temporal_Dex_Boots,Temporal Dex Boots,Shoes,Previously omitted; valid in active Renewal DB and supplied client itemInfo.lua
Added,22005,Temporal_Luk_Boots,Temporal Luk Boots,Shoes,Previously omitted; valid in active Renewal DB and supplied client itemInfo.lua
Added,22012,Mana_Boots,Mana Boots,Shoes,Previously omitted; valid in active Renewal DB and supplied client itemInfo.lua
Added,22013,test_5,Rand Test,Shoes,Previously omitted; valid in active Renewal DB and supplied client itemInfo.lua
Added,22017,Fisherman_Shoes,Fisherman's Shoes,Shoes,Previously omitted; valid in active Renewal DB and supplied client itemInfo.lua
Added,22032,Shoes_Of_Exorcism,Exorcist's Shoes,Shoes,Previously omitted; valid in active Renewal DB and supplied client itemInfo.lua
Added,22043,Supplement_Part_Agi,Supplement Part Agi,Shoes,Previously omitted; valid in active Renewal DB and supplied client itemInfo.lua
Added,22044,Upgrade_Part_Booster,Upgrade Part - Booster,Shoes,Previously omitted; valid in active Renewal DB and supplied client itemInfo.lua
Added,22046,Airship_Boots,Airship's Boots,Shoes,Previously omitted; valid in active Renewal DB and supplied client itemInfo.lua
Added,22047,Felock_Boots,Felrock's Boots,Shoes,Previously omitted; valid in active Renewal DB and supplied client itemInfo.lua
Added,22050,Gardener_Shoes,Gardener Shoes,Shoes,Previously omitted; valid in active Renewal DB and supplied client itemInfo.lua
Added,22052,Gravekeepr_Shoes,Gravekeeper Shoes,Shoes,Previously omitted; valid in active Renewal DB and supplied client itemInfo.lua
Added,22058,DragonTrainer_Shoes,Dragon Trainer Shoes,Shoes,Previously omitted; valid in active Renewal DB and supplied client itemInfo.lua
Added,22072,Hikingboots,Climbing Shoes,Shoes,Previously omitted; valid in active Renewal DB and supplied client itemInfo.lua
Added,22073,Supplement_Part_Agi_J,Powered Boots,Shoes,Previously omitted; valid in active Renewal DB and supplied client itemInfo.lua
Added,22074,Upgrade_Part_Booster_J,Guardian Booster,Shoes,Previously omitted; valid in active Renewal DB and supplied client itemInfo.lua
Added,22076,Hardwood_Slipper,Wooden Slipper,Shoes,Previously omitted; valid in active Renewal DB and supplied client itemInfo.lua
Added,22077,Red_Eco_Boots,Red Eco-Friendly Shoes,Shoes,Previously omitted; valid in active Renewal DB and supplied client itemInfo.lua
Added,22083,Doram_Only_Shoes,Private Doram Shoes,Shoes,Previously omitted; valid in active Renewal DB and supplied client itemInfo.lua
Added,22084,Doram_High_Shoes,Luxury Doram Shoes,Shoes,Previously omitted; valid in active Renewal DB and supplied client itemInfo.lua
Added,22085,Doram_Ele_Shoes,Elegant Doram Shoes,Shoes,Previously omitted; valid in active Renewal DB and supplied client itemInfo.lua
Added,22103,Excelion_Leg,Excelion Leg,Shoes,Previously omitted; valid in active Renewal DB and supplied client itemInfo.lua
Added,22104,Pororoca_Shoes,Pororoca Shoes,Shoes,Previously omitted; valid in active Renewal DB and supplied client itemInfo.lua
Added,22107,Modify_Str_Boots,Modified Str Boots,Shoes,Previously omitted; valid in active Renewal DB and supplied client itemInfo.lua
Added,22111,Modify_Dex_Boots,Modified Dex Boots,Shoes,Previously omitted; valid in active Renewal DB and supplied client itemInfo.lua
Added,22112,Modify_Luk_Boots,Modified Luk Boots,Shoes,Previously omitted; valid in active Renewal DB and supplied client itemInfo.lua
Added,22119,Cursed_Devils_Boots,Curse-Spell Boots,Shoes,Previously omitted; valid in active Renewal DB and supplied client itemInfo.lua
Added,22120,Shoes_Of_Punishment,Shoes of Punishment,Shoes,Previously omitted; valid in active Renewal DB and supplied client itemInfo.lua
Added,22127,Diva_Shoes,Diva Shoes,Shoes,Previously omitted; valid in active Renewal DB and supplied client itemInfo.lua
Added,22128,Mirage_Shoes,Mirage Shoes,Shoes,Previously omitted; valid in active Renewal DB and supplied client itemInfo.lua
Added,22133,Shoes_IL,Illusion Shoes,Shoes,Previously omitted; valid in active Renewal DB and supplied client itemInfo.lua
Added,22134,Enforcer_Shoes,Enforcer Shoes,Shoes,Previously omitted; valid in active Renewal DB and supplied client itemInfo.lua
Added,22138,Demonist_Shoes,Devil Worshipper Shoes,Shoes,Previously omitted; valid in active Renewal DB and supplied client itemInfo.lua
Added,22140,Elvira_Boots,Elvira Boots,Shoes,Previously omitted; valid in active Renewal DB and supplied client itemInfo.lua
Added,22142,ShoesOfGuardsman,Shoes Of Guardsman,Shoes,Previously omitted; valid in active Renewal DB and supplied client itemInfo.lua
Added,22143,YSF01_Greave_J,Y.S.F.0.1 Greaves,Shoes,Previously omitted; valid in active Renewal DB and supplied client itemInfo.lua
Added,22145,TenguShoes,Tengu's Shoes,Shoes,Previously omitted; valid in active Renewal DB and supplied client itemInfo.lua
Added,22169,R_Hunting_Boots,Short-term Hunting Boots,Shoes,Previously omitted; valid in active Renewal DB and supplied client itemInfo.lua
Added,22170,Shoes_Of_Servival,Survivor's Shoes,Shoes,Previously omitted; valid in active Renewal DB and supplied client itemInfo.lua
Added,22172,Gray_Wing_Boots,Gray Wing Boots,Shoes,Previously omitted; valid in active Renewal DB and supplied client itemInfo.lua
Added,22173,Rebeginer_Boots,Beginner's Boots,Shoes,Previously omitted; valid in active Renewal DB and supplied client itemInfo.lua
Added,22185,Doram_Only_Shoes_J,Doram Shoes,Shoes,Previously omitted; valid in active Renewal DB and supplied client itemInfo.lua
Added,22186,Doram_High_Shoes_J,High-End Doram Shoes,Shoes,Previously omitted; valid in active Renewal DB and supplied client itemInfo.lua
Added,22187,Doram_Ele_Shoes_J,Special Doram Shoes,Shoes,Previously omitted; valid in active Renewal DB and supplied client itemInfo.lua
Added,22189,Shoes_Of_Pilgrim,Pilgrim Shoes,Shoes,Previously omitted; valid in active Renewal DB and supplied client itemInfo.lua
Added,22190,Boots_IL,Illusion Boots,Shoes,Previously omitted; valid in active Renewal DB and supplied client itemInfo.lua
Added,22192,Goibne_Boots_IL,Illusion Goibne's Greaves,Shoes,Previously omitted; valid in active Renewal DB and supplied client itemInfo.lua
Added,22193,Brave_shoes,Brave Shoes,Shoes,Previously omitted; valid in active Renewal DB and supplied client itemInfo.lua
Added,22195,Booster_shoes,Booster Shoes,Shoes,Previously omitted; valid in active Renewal DB and supplied client itemInfo.lua
Added,22198,Traveler_Shoes,Traveler Shoes,Shoes,Previously omitted; valid in active Renewal DB and supplied client itemInfo.lua
Added,22199,Lava_Leather_Boots,Lava Leather Boots,Shoes,Previously omitted; valid in active Renewal DB and supplied client itemInfo.lua
Added,22200,Lava_Leather_Shoes,Lava Leather Shoes,Shoes,Previously omitted; valid in active Renewal DB and supplied client itemInfo.lua
Added,22201,Lava_Leather_Sandle,Lava Leather Sandals,Shoes,Previously omitted; valid in active Renewal DB and supplied client itemInfo.lua
Added,22203,Space_shoes_JP,Special Environment Boots,Shoes,Previously omitted; valid in active Renewal DB and supplied client itemInfo.lua
Added,22204,Time_Overload_Boots,Temporal Transcendence Boots,Shoes,Previously omitted; valid in active Renewal DB and supplied client itemInfo.lua
Added,22207,Imperial_Boots,Imperial Boots,Shoes,Previously omitted; valid in active Renewal DB and supplied client itemInfo.lua
Added,22210,Fluffy_FishShoes_J,Fluffy Fish Shoes,Shoes,Previously omitted; valid in active Renewal DB and supplied client itemInfo.lua
Added,22214,Authority_Sandals,Authority Sandals,Shoes,Previously omitted; valid in active Renewal DB and supplied client itemInfo.lua
Added,22215,H_AD_Sandle,High Adventurer Sandals,Shoes,Previously omitted; valid in active Renewal DB and supplied client itemInfo.lua
Added,22234,FrontiaBoots,Frontier Boots,Shoes,Previously omitted; valid in active Renewal DB and supplied client itemInfo.lua
Added,22243,Mamaragan,Mamaragan,Shoes,Previously omitted; valid in active Renewal DB and supplied client itemInfo.lua
Added,26001,Toughen_Metal_Lance,Enhanced Metal Lance,Weapons,Previously omitted; valid in active Renewal DB and supplied client itemInfo.lua
Added,26004,Diva_Lance,Diva Lance,Weapons,Previously omitted; valid in active Renewal DB and supplied client itemInfo.lua
Added,26005,Mirage_Lance,Mirage Lance,Weapons,Previously omitted; valid in active Renewal DB and supplied client itemInfo.lua
Added,26006,Sinister_Lance_J,Lance of Evil,Weapons,Previously omitted; valid in active Renewal DB and supplied client itemInfo.lua
Added,26007,Spectral_Spear_IL,Illusion Spectral Spear,Weapons,Previously omitted; valid in active Renewal DB and supplied client itemInfo.lua
Added,26008,Neev_Glaive,Neev Glaive,Weapons,Previously omitted; valid in active Renewal DB and supplied client itemInfo.lua
Added,26015,Rebeginer_LG_Lance,Beginner Royal Guard's Lance,Weapons,Previously omitted; valid in active Renewal DB and supplied client itemInfo.lua
Added,26016,T_Lance_Of_Kingdom,Royal Knight's Lance,Weapons,Previously omitted; valid in active Renewal DB and supplied client itemInfo.lua
Added,26021,Variant_Lance,Abyss Lance,Weapons,Previously omitted; valid in active Renewal DB and supplied client itemInfo.lua
Added,26100,P_Foxtail2,Eden Group Foxtail Staff II,Weapons,Previously omitted; valid in active Renewal DB and supplied client itemInfo.lua
Added,26101,P_Foxtail3,Eden Group Foxtail Staff III,Weapons,Previously omitted; valid in active Renewal DB and supplied client itemInfo.lua
Added,26103,JP_Rod01_L,[Rental] Holy Stick,Weapons,Previously omitted; valid in active Renewal DB and supplied client itemInfo.lua
Added,26105,Diva_Wand,Diva Wand,Weapons,Previously omitted; valid in active Renewal DB and supplied client itemInfo.lua
Added,26106,Mirage_Wand,Mirage Wand,Weapons,Previously omitted; valid in active Renewal DB and supplied client itemInfo.lua
Added,26108,Sinister_Rod_J,Rod of Evil,Weapons,Previously omitted; valid in active Renewal DB and supplied client itemInfo.lua
Added,26109,Staff_Of_Bordeaux_IL,Illusion Staff of Bordeaux,Weapons,Previously omitted; valid in active Renewal DB and supplied client itemInfo.lua
Added,26110,CandyCaneRod,Candy Cane Rod,Weapons,Previously omitted; valid in active Renewal DB and supplied client itemInfo.lua
Added,26111,Metal_Foxtail,Metal Foxtail,Weapons,Previously omitted; valid in active Renewal DB and supplied client itemInfo.lua
Added,26112,Probation_Foxtail,Trial Summoner's Foxtail,Weapons,Previously omitted; valid in active Renewal DB and supplied client itemInfo.lua
Added,26119,Rebeginer_SO_Rod,Beginner Sorcerer's Staff,Weapons,Previously omitted; valid in active Renewal DB and supplied client itemInfo.lua
Added,26120,Rebeginer_DO_Rod,Beginner Summoner's Foxtail,Weapons,Previously omitted; valid in active Renewal DB and supplied client itemInfo.lua
Added,26138,Wand_Of_Flame,Hellfire Staff,Weapons,Previously omitted; valid in active Renewal DB and supplied client itemInfo.lua
Added,26139,Wand_Of_Ice,Icicle Staff,Weapons,Previously omitted; valid in active Renewal DB and supplied client itemInfo.lua
Added,26143,Diva_Foxtail,Diva Foxtail,Weapons,Previously omitted; valid in active Renewal DB and supplied client itemInfo.lua
Added,26144,Mirage_Foxtail,Mirage Foxtail,Weapons,Previously omitted; valid in active Renewal DB and supplied client itemInfo.lua
Added,26149,Variant_Wand,Abyss Wand,Weapons,Previously omitted; valid in active Renewal DB and supplied client itemInfo.lua
Added,26150,Variant_Foxtail,Abyss Foxtail,Weapons,Previously omitted; valid in active Renewal DB and supplied client itemInfo.lua
Added,26152,Staff_Of_Puffy_jp,Staff of Puffy,Weapons,Previously omitted; valid in active Renewal DB and supplied client itemInfo.lua
Added,26156,Evt_Shadow_Staff_K,Sealed Shadow Staff,Weapons,Previously omitted; valid in active Renewal DB and supplied client itemInfo.lua
Added,26163,Rainbow_Foxtail,Rainbow Foxtail,Weapons,Previously omitted; valid in active Renewal DB and supplied client itemInfo.lua
Added,26200,Hippie_Rope,Hippie Rope,Weapons,Previously omitted; valid in active Renewal DB and supplied client itemInfo.lua
Added,26201,Diva_Blade_Whip,Diva Blade Whip,Weapons,Previously omitted; valid in active Renewal DB and supplied client itemInfo.lua
Added,26202,Mirage_Blade_Whip,Mirage Blade Whip,Weapons,Previously omitted; valid in active Renewal DB and supplied client itemInfo.lua
Added,26203,Sinister_Wire_J,Wire of Evil,Weapons,Previously omitted; valid in active Renewal DB and supplied client itemInfo.lua
Added,26204,Hippie_Rope_J,Hippie Rope,Weapons,Previously omitted; valid in active Renewal DB and supplied client itemInfo.lua
Added,28005,Ru_Blue_Katar,Blue Katar,Weapons,Previously omitted; valid in active Renewal DB and supplied client itemInfo.lua
Added,28006,Ru_Gold_Katar,Ru Gold Katar,Weapons,Previously omitted; valid in active Renewal DB and supplied client itemInfo.lua
Added,28007,Scarlet_Katar,Crimson Katar,Weapons,Previously omitted; valid in active Renewal DB and supplied client itemInfo.lua
Added,28008,Sinister_Katar,Vicious Mind Katar,Weapons,Previously omitted; valid in active Renewal DB and supplied client itemInfo.lua
Added,28010,Katar_170,Juliette D. Rachel,Weapons,Previously omitted; valid in active Renewal DB and supplied client itemInfo.lua
Added,28014,Kings_Double_Edge,Old King's Double Edge,Weapons,Previously omitted; valid in active Renewal DB and supplied client itemInfo.lua
Added,28015,Toughen_Metal_Katar,Enhanced Metal Katar,Weapons,Previously omitted; valid in active Renewal DB and supplied client itemInfo.lua
Added,28018,Diva_Katar,Diva Katar,Weapons,Previously omitted; valid in active Renewal DB and supplied client itemInfo.lua
Added,28019,Mirage_Katar,Mirage Katar,Weapons,Previously omitted; valid in active Renewal DB and supplied client itemInfo.lua
Added,28020,Sinister_Katar_J,Katar of Evil,Weapons,Previously omitted; valid in active Renewal DB and supplied client itemInfo.lua
Added,28022,Infiltrator_IL,Illusion Infiltrator,Weapons,Previously omitted; valid in active Renewal DB and supplied client itemInfo.lua
Added,28023,Ghoul_Leg_IL,Illusion Sharpened Legbone of Ghoul,Weapons,Previously omitted; valid in active Renewal DB and supplied client itemInfo.lua
Added,28024,Probation_Katar,Trial Guillotine Cross's Katar,Weapons,Previously omitted; valid in active Renewal DB and supplied client itemInfo.lua
Added,28026,Neev_Various_Jur,Neev Katar,Weapons,Previously omitted; valid in active Renewal DB and supplied client itemInfo.lua
Added,28027,Rebeginer_GC_Katar,Beginner Guillotine Cross's Katar,Weapons,Previously omitted; valid in active Renewal DB and supplied client itemInfo.lua
Added,28037,Variant_Katar,Abyss Katar,Weapons,Previously omitted; valid in active Renewal DB and supplied client itemInfo.lua
Added,28040,Evt_Shiver_Katar_K,Sealed Katar of Shiver,Weapons,Previously omitted; valid in active Renewal DB and supplied client itemInfo.lua
Added,28101,Tornado_Axe,Tornado Axe,Weapons,Previously omitted; valid in active Renewal DB and supplied client itemInfo.lua
Added,28103,Ru_Blue_Axe_M,Blue Twohand Axe,Weapons,Previously omitted; valid in active Renewal DB and supplied client itemInfo.lua
Added,28104,Ru_Gold_Axe_M,Ru Gold Axe M,Weapons,Previously omitted; valid in active Renewal DB and supplied client itemInfo.lua
Added,28106,Scarlet_Twohand_Axe,Crimson Two-Handed Axe,Weapons,Previously omitted; valid in active Renewal DB and supplied client itemInfo.lua
Added,28107,Sinister_Twohand_Axe,Vicious Mind Two-Handed Axe,Weapons,Previously omitted; valid in active Renewal DB and supplied client itemInfo.lua
Added,28113,Toughen_Metal_THand_Axe,Enhanced Metal Two-Handed Axe,Weapons,Previously omitted; valid in active Renewal DB and supplied client itemInfo.lua
Added,28116,Mine_Worker_Pickax,Mine Worker's Pickaxe,Weapons,Previously omitted; valid in active Renewal DB and supplied client itemInfo.lua
Added,28117,Diva_Twohand_Axe,Diva Twohand Axe,Weapons,Previously omitted; valid in active Renewal DB and supplied client itemInfo.lua
Added,28118,Mirage_Twohand_Axe,Mirage Twohand Axe,Weapons,Previously omitted; valid in active Renewal DB and supplied client itemInfo.lua
Added,28119,Sinister_Twohand_Axe_J,Two-Handed Axe of Evil,Weapons,Previously omitted; valid in active Renewal DB and supplied client itemInfo.lua
Added,28120,Probation_TH_Axe,Trial Mechanic's Two-Handed Axe,Weapons,Previously omitted; valid in active Renewal DB and supplied client itemInfo.lua
Added,28121,Neev_Guillotine,Neev Guillotine,Weapons,Previously omitted; valid in active Renewal DB and supplied client itemInfo.lua
Added,28122,Neev_Buster,Neev Buster,Weapons,Previously omitted; valid in active Renewal DB and supplied client itemInfo.lua
Added,28127,Mine_Worker_Pickax_J,Mine Worker's Pickaxe,Weapons,Previously omitted; valid in active Renewal DB and supplied client itemInfo.lua
Added,28135,Variant_Twohand_Axe,Abyss Two Hand Axe,Weapons,Previously omitted; valid in active Renewal DB and supplied client itemInfo.lua
Added,28137,Evt_Avenger,Sealed Avenger,Weapons,Previously omitted; valid in active Renewal DB and supplied client itemInfo.lua
Added,28144,5LvBattle_Axe,Level 5 Two-Handed Axe,Weapons,Previously omitted; valid in active Renewal DB and supplied client itemInfo.lua
Added,28201,Southern_Cross_R,Southern Cross,Weapons,Previously omitted; valid in active Renewal DB and supplied client itemInfo.lua
Added,28214,EXODUS_JOKER_XIII,Exodus Joker XIII,Weapons,Previously omitted; valid in active Renewal DB and supplied client itemInfo.lua
Added,28215,Probation_Rifle,Trial Rebel's Rifle,Weapons,Previously omitted; valid in active Renewal DB and supplied client itemInfo.lua
Added,28216,Probation_Gatling_Gun,Trial Rebel's Gatling Gun,Weapons,Previously omitted; valid in active Renewal DB and supplied client itemInfo.lua
Added,28217,Probation_Launcher,Trial Rebel's Grenade Launcher,Weapons,Previously omitted; valid in active Renewal DB and supplied client itemInfo.lua
Added,28218,Probation_Shotgun,Trial Rebel's Shotgun,Weapons,Previously omitted; valid in active Renewal DB and supplied client itemInfo.lua
Added,28223,Just_Finish,Finisher,Weapons,Previously omitted; valid in active Renewal DB and supplied client itemInfo.lua
Added,28224,Dust_Fire,Dustfire,Weapons,Previously omitted; valid in active Renewal DB and supplied client itemInfo.lua
Added,28225,Burning_Rose,Burning Rose,Weapons,Previously omitted; valid in active Renewal DB and supplied client itemInfo.lua
Added,28226,Revenger,Avenger,Weapons,Previously omitted; valid in active Renewal DB and supplied client itemInfo.lua
Added,28227,Diva_Rifle,Diva Rifle,Weapons,Previously omitted; valid in active Renewal DB and supplied client itemInfo.lua
Added,28228,Mirage_Rifle,Mirage Rifle,Weapons,Previously omitted; valid in active Renewal DB and supplied client itemInfo.lua
Added,28229,Diva_Gatling_Gun,Diva Gatling Gun,Weapons,Previously omitted; valid in active Renewal DB and supplied client itemInfo.lua
Added,28230,Mirage_Gatling_Gun,Mirage Gatling Gun,Weapons,Previously omitted; valid in active Renewal DB and supplied client itemInfo.lua
Added,28231,Diva_Launcher,Diva Launcher,Weapons,Previously omitted; valid in active Renewal DB and supplied client itemInfo.lua
Added,28232,Mirage_Launcher,Mirage Launcher,Weapons,Previously omitted; valid in active Renewal DB and supplied client itemInfo.lua
Added,28233,Diva_Shotgun,Diva Shotgun,Weapons,Previously omitted; valid in active Renewal DB and supplied client itemInfo.lua
Added,28234,Mirage_Shotgun,Mirage Shotgun,Weapons,Previously omitted; valid in active Renewal DB and supplied client itemInfo.lua
Added,28235,Neev_Rifle,Neev Rifle,Weapons,Previously omitted; valid in active Renewal DB and supplied client itemInfo.lua
Added,28240,Calf_Kingcobra,Calf Kingcobra,Weapons,Previously omitted; valid in active Renewal DB and supplied client itemInfo.lua
Added,28241,Calf_Diamondback,Calf Diamondback,Weapons,Previously omitted; valid in active Renewal DB and supplied client itemInfo.lua
Added,28242,Calf_Anaconda,Calf Anaconda,Weapons,Previously omitted; valid in active Renewal DB and supplied client itemInfo.lua
Added,28243,Calf_Python,Calf Python,Weapons,Previously omitted; valid in active Renewal DB and supplied client itemInfo.lua
Added,28244,Gate_KeeperDD_IL,Illusion Gate Keeper DD,Weapons,Previously omitted; valid in active Renewal DB and supplied client itemInfo.lua
Added,28249,Variant_Rifle,Abyss Rifle,Weapons,Previously omitted; valid in active Renewal DB and supplied client itemInfo.lua
Added,28250,Variant_Gatling_Gun,Abyss Gatling Gun,Weapons,Previously omitted; valid in active Renewal DB and supplied client itemInfo.lua
Added,28251,Variant_Shotgun,Abyss Shotgun,Weapons,Previously omitted; valid in active Renewal DB and supplied client itemInfo.lua
Added,28252,Variant_Launcher,Abyss Grenade Gun,Weapons,Previously omitted; valid in active Renewal DB and supplied client itemInfo.lua
Added,28358,Cursed_Lucky_Clover,Cursed Lucky Clover,Accessories,Previously omitted; valid in active Renewal DB and supplied client itemInfo.lua
Added,28368,Supplement_Part_Dex_J,Powered Arm,Accessories,Previously omitted; valid in active Renewal DB and supplied client itemInfo.lua
Added,28369,Upgrade_Part_Gun_B_J,Guardian Barrel,Accessories,Previously omitted; valid in active Renewal DB and supplied client itemInfo.lua
Added,28370,Broken_Chip_1_J,Broken Chip (Green),Accessories,Previously omitted; valid in active Renewal DB and supplied client itemInfo.lua
Added,28371,Broken_Chip_2_J,Broken Chip (Red),Accessories,Previously omitted; valid in active Renewal DB and supplied client itemInfo.lua
Added,28380,Fresh_G_Necklace,Fresh Grass Necklace,Accessories,Previously omitted; valid in active Renewal DB and supplied client itemInfo.lua
Added,28381,Pretty_G_Necklace,Cute Grass Necklace,Accessories,Previously omitted; valid in active Renewal DB and supplied client itemInfo.lua
Added,28382,Charm_G_Necklace,Charm Grass Necklace,Accessories,Previously omitted; valid in active Renewal DB and supplied client itemInfo.lua
Added,28387,Bishop_Necklace,Bishop Necklace,Accessories,Previously omitted; valid in active Renewal DB and supplied client itemInfo.lua
Added,28412,The_One_Apple_Ring,Green Apple Ring,Accessories,Previously omitted; valid in active Renewal DB and supplied client itemInfo.lua
Added,28427,Blue_4leaf_Necklace,Blue Clover Necklace,Accessories,Previously omitted; valid in active Renewal DB and supplied client itemInfo.lua
Added,28428,4SeasonsClover,Four Seasons Clover Necklace,Accessories,Previously omitted; valid in active Renewal DB and supplied client itemInfo.lua
Added,28435,Secret_Scroll_Of_Ninja,Shinobi Secret Scroll,Accessories,Previously omitted; valid in active Renewal DB and supplied client itemInfo.lua
Added,28436,Elvira_Pendant,Elvira Pendant,Accessories,Previously omitted; valid in active Renewal DB and supplied client itemInfo.lua
Added,28483,ProtectRingofKing,Royal Guardian Ring,Accessories,Previously omitted; valid in active Renewal DB and supplied client itemInfo.lua
Added,28484,Scarf_Of_Rebellion,Rebellion's Scarf,Accessories,Previously omitted; valid in active Renewal DB and supplied client itemInfo.lua
Added,28485,Shinobi's_Sash_H,Shinobi Sash H,Accessories,Previously omitted; valid in active Renewal DB and supplied client itemInfo.lua
Added,28492,Tip_Of_Thief_Vol1,Thieve's Guide Vol.1,Accessories,Previously omitted; valid in active Renewal DB and supplied client itemInfo.lua
Added,28499,BadgeOfProntera__J,Proof of Glory,Accessories,Previously omitted; valid in active Renewal DB and supplied client itemInfo.lua
Added,28500,Fanatic_Necklace,Zealous Necklace,Accessories,Previously omitted; valid in active Renewal DB and supplied client itemInfo.lua
Added,28502,Mob_Scarf,Mob Scarf,Headgear,Previously omitted; valid in active Renewal DB and supplied client itemInfo.lua
Added,28503,Keraunos,Keraunos,Accessories,Previously omitted; valid in active Renewal DB and supplied client itemInfo.lua
Added,28505,RingOfDevil,Demon God's Ring,Accessories,Previously omitted; valid in active Renewal DB and supplied client itemInfo.lua
Added,28508,Skul_Ring_IL,Illusion Skull Ring,Accessories,Previously omitted; valid in active Renewal DB and supplied client itemInfo.lua
Added,28509,Ring_IL,Illusion Ring,Accessories,Previously omitted; valid in active Renewal DB and supplied client itemInfo.lua
Added,28510,Vampire's_Servant,A Vampire's Servant,Accessories,Previously omitted; valid in active Renewal DB and supplied client itemInfo.lua
Added,28511,Time_Keeper_Ring,Time Keeper Ring,Accessories,Previously omitted; valid in active Renewal DB and supplied client itemInfo.lua
Added,28513,Celine_Brooch,Celine's Brooch,Accessories,Previously omitted; valid in active Renewal DB and supplied client itemInfo.lua
Added,28517,Ring_Of_The_Abyss_King,Abyss King Ring,Accessories,Previously omitted; valid in active Renewal DB and supplied client itemInfo.lua
Added,28518,Cursed_Demon_Ring,Curse-Spell Ring,Accessories,Previously omitted; valid in active Renewal DB and supplied client itemInfo.lua
Added,28519,So_Heon_Saber,Seohyun's Small Sword,Accessories,Previously omitted; valid in active Renewal DB and supplied client itemInfo.lua
Added,28520,EgirRing,Egir Ring,Accessories,Previously omitted; valid in active Renewal DB and supplied client itemInfo.lua
Added,28551,Imperial_Glove,Imperial Glove,Accessories,Previously omitted; valid in active Renewal DB and supplied client itemInfo.lua
Added,28552,Two_Dragon_Ring,Ring of Mad Flame & White Magic,Accessories,Previously omitted; valid in active Renewal DB and supplied client itemInfo.lua
Added,28561,Ring_Of_Brave,Ring of Hero,Accessories,Previously omitted; valid in active Renewal DB and supplied client itemInfo.lua
Added,28564,Valkyrie_Drop,Valkyrie Drop,Accessories,Previously omitted; valid in active Renewal DB and supplied client itemInfo.lua
Added,28566,Rebeginer_Ring,Beginner's Ring,Accessories,Previously omitted; valid in active Renewal DB and supplied client itemInfo.lua
Added,28573,Emerald_Ring,Emerald Ring,Accessories,Previously omitted; valid in active Renewal DB and supplied client itemInfo.lua
Added,28577,Fresh_G_Necklace_J,Fresh Grass Necklace,Accessories,Previously omitted; valid in active Renewal DB and supplied client itemInfo.lua
Added,28578,Pretty_G_Necklace_J,Cute Grass Necklace,Accessories,Previously omitted; valid in active Renewal DB and supplied client itemInfo.lua
Added,28579,Charm_G_Necklace_J,Magic Grass Necklace,Accessories,Previously omitted; valid in active Renewal DB and supplied client itemInfo.lua
Added,28580,LowSaurelCharm_J,Horse Mackerel Amulet,Accessories,Previously omitted; valid in active Renewal DB and supplied client itemInfo.lua
Added,28581,MiddleSaurelCharm_J,High Grade Horse Mackerel Amulet,Accessories,Previously omitted; valid in active Renewal DB and supplied client itemInfo.lua
Added,28582,HigherSaurelCharm_J,Special Horse Mackerel Amulet,Accessories,Previously omitted; valid in active Renewal DB and supplied client itemInfo.lua
Added,28583,LowLeafCharm_J,Leaf Amulet,Accessories,Previously omitted; valid in active Renewal DB and supplied client itemInfo.lua
Added,28584,MiddleLeafCharm_J,High Grade Leaf Amulet,Accessories,Previously omitted; valid in active Renewal DB and supplied client itemInfo.lua
Added,28585,HigherLeafCharm_J,Special Leaf Amulet,Accessories,Previously omitted; valid in active Renewal DB and supplied client itemInfo.lua
Added,28586,LowRabbitCharm_J,Rabbit Amulet,Accessories,Previously omitted; valid in active Renewal DB and supplied client itemInfo.lua
Added,28587,MiddleRabbitCharm_J,High Grade Rabbit Amulet,Accessories,Previously omitted; valid in active Renewal DB and supplied client itemInfo.lua
Added,28588,HigherRabbitCharm_J,Special Rabbit Amulet,Accessories,Previously omitted; valid in active Renewal DB and supplied client itemInfo.lua
Added,28589,ShiningTwigCharm_J,Shining Branch Amulet,Accessories,Previously omitted; valid in active Renewal DB and supplied client itemInfo.lua
Added,28590,FreshTunaCharm_J,Fresh Tuna Amulet,Accessories,Previously omitted; valid in active Renewal DB and supplied client itemInfo.lua
Added,28591,PlumpyWormCharm_J,Chubby Earthworm Amulet,Accessories,Previously omitted; valid in active Renewal DB and supplied client itemInfo.lua
Added,28594,Temporal_Ring,Temporal Ring,Accessories,Previously omitted; valid in active Renewal DB and supplied client itemInfo.lua
Added,28595,BlueDragonRing_TW,Ring of the Blue Dragon,Accessories,Previously omitted; valid in active Renewal DB and supplied client itemInfo.lua
Added,28596,Toy_Ring,Toy Ring,Accessories,Previously omitted; valid in active Renewal DB and supplied client itemInfo.lua
Added,28598,Supplement_Part_Chip,Supplemental Chip,Accessories,Previously omitted; valid in active Renewal DB and supplied client itemInfo.lua
Added,28600,Ru_Blue_Book,Blue Book,Weapons,Previously omitted; valid in active Renewal DB and supplied client itemInfo.lua
Added,28601,Ru_Gold_Book,Ru Gold Book,Weapons,Previously omitted; valid in active Renewal DB and supplied client itemInfo.lua
Added,28602,Demon_Hunting_Bible,Demon Hunting Bible,Weapons,Previously omitted; valid in active Renewal DB and supplied client itemInfo.lua
Added,28604,Scarlet_Bible,Crimson Bible,Weapons,Previously omitted; valid in active Renewal DB and supplied client itemInfo.lua
Added,28605,Sinister_Book,Vicious Mind Book,Weapons,Previously omitted; valid in active Renewal DB and supplied client itemInfo.lua
Added,28607,Toughen_Metal_Book,Enhanced Metal Book,Weapons,Previously omitted; valid in active Renewal DB and supplied client itemInfo.lua
Added,28608,Origin_Of_Elemental,Elemental Origin,Weapons,Previously omitted; valid in active Renewal DB and supplied client itemInfo.lua
Added,28609,Diva_Book,Diva Book,Weapons,Previously omitted; valid in active Renewal DB and supplied client itemInfo.lua
Added,28610,Mirage_Book,Mirage Book,Weapons,Previously omitted; valid in active Renewal DB and supplied client itemInfo.lua
Added,28611,Sinister_Book_J,Book of Evil,Weapons,Previously omitted; valid in active Renewal DB and supplied client itemInfo.lua
Added,28612,Book_Of_The_Apo_IL,Illusion Book of the Apocalypse,Weapons,Previously omitted; valid in active Renewal DB and supplied client itemInfo.lua
Added,28613,Probation_Magicbook,Trial Sorcerer's Magic Book,Weapons,Previously omitted; valid in active Renewal DB and supplied client itemInfo.lua
Added,28614,Probation_Bible,Trial Archbishop's Bible,Weapons,Previously omitted; valid in active Renewal DB and supplied client itemInfo.lua
Added,28615,Origin_Of_Elemental_J,Elemental Origin,Weapons,Previously omitted; valid in active Renewal DB and supplied client itemInfo.lua
Added,28616,Rebeginer_AB_Bible,Beginner Archbishop's Bible,Weapons,Previously omitted; valid in active Renewal DB and supplied client itemInfo.lua
Added,28618,Time_Kamiji,Book of the Sun God,Weapons,Previously omitted; valid in active Renewal DB and supplied client itemInfo.lua
Added,28619,Prisoner_Dairy,Prisoner's Diary,Weapons,Previously omitted; valid in active Renewal DB and supplied client itemInfo.lua
Added,28626,Tablet_IL,Illusion Tablet,Weapons,Previously omitted; valid in active Renewal DB and supplied client itemInfo.lua
Added,28627,Variant_Book,Abyss Book,Weapons,Previously omitted; valid in active Renewal DB and supplied client itemInfo.lua
Added,28632,Evt_D_H_Bible_K,Sealed Exorcism Bible,Weapons,Previously omitted; valid in active Renewal DB and supplied client itemInfo.lua
Added,28700,Ru_Gold_Dagger,Ru Gold Dagger,Weapons,Previously omitted; valid in active Renewal DB and supplied client itemInfo.lua
Added,28701,Ru_Gold_Knife,Ru Gold Knife,Weapons,Previously omitted; valid in active Renewal DB and supplied client itemInfo.lua
Added,28702,Ru_Gold_Ashura,Ru Gold Ashura,Weapons,Previously omitted; valid in active Renewal DB and supplied client itemInfo.lua
Added,28705,Scarlet_Dagger,Crimson Dagger,Weapons,Previously omitted; valid in active Renewal DB and supplied client itemInfo.lua
Added,28706,Sinister_Dagger,Vicious Mind Dagger,Weapons,Previously omitted; valid in active Renewal DB and supplied client itemInfo.lua
Added,28712,Kings_Eager,Sword of Ruin,Weapons,Previously omitted; valid in active Renewal DB and supplied client itemInfo.lua
Added,28713,Kings_Bless,Glory King Sword,Weapons,Previously omitted; valid in active Renewal DB and supplied client itemInfo.lua
Added,28714,Toughen_Metal_Dagger,Enhanced Metal Dagger,Weapons,Previously omitted; valid in active Renewal DB and supplied client itemInfo.lua
Added,28721,Monokage,Monokage,Weapons,Previously omitted; valid in active Renewal DB and supplied client itemInfo.lua
Added,28722,Diva_Dagger,Diva Dagger,Weapons,Previously omitted; valid in active Renewal DB and supplied client itemInfo.lua
Added,28723,Mirage_Dagger,Mirage Dagger,Weapons,Previously omitted; valid in active Renewal DB and supplied client itemInfo.lua
Added,28724,Sinister_Dagger_J,Dagger of Evil,Weapons,Previously omitted; valid in active Renewal DB and supplied client itemInfo.lua
Added,28725,Moonlight_Sword_IL,Illusion Moonlight Dagger,Weapons,Previously omitted; valid in active Renewal DB and supplied client itemInfo.lua
Added,28726,Probation_Dagger,Trial Shadow Chaser's Dagger,Weapons,Previously omitted; valid in active Renewal DB and supplied client itemInfo.lua
Added,28737,Mist_Sword,Mist Sword,Weapons,Previously omitted; valid in active Renewal DB and supplied client itemInfo.lua
Added,28738,Monokage_J,Monokage,Weapons,Previously omitted; valid in active Renewal DB and supplied client itemInfo.lua
Added,28740,Rebeginer_SC_Dagger,Beginner Shadow Chaser's Dagger,Weapons,Previously omitted; valid in active Renewal DB and supplied client itemInfo.lua
Added,28745,Counter_Dagger_IL,Illusion Counter Dagger,Weapons,Previously omitted; valid in active Renewal DB and supplied client itemInfo.lua
Added,28753,Variant_Dagger,Abyss Dagger,Weapons,Previously omitted; valid in active Renewal DB and supplied client itemInfo.lua
Added,28759,Evt_Magic_Sword,Sealed Mado Sword,Weapons,Previously omitted; valid in active Renewal DB and supplied client itemInfo.lua
Added,28761,Scarlet_Athame,Scarlet Athame,Weapons,Previously omitted; valid in active Renewal DB and supplied client itemInfo.lua
Added,28910,Imuke_Upper_Shield,Imuke Upper Shield,Shields,Previously omitted; valid in active Renewal DB and supplied client itemInfo.lua
Added,28912,Rudo_Heart_Roll,Rudo's Rollpaper,Shields,Previously omitted; valid in active Renewal DB and supplied client itemInfo.lua
Added,28913,Ultra_Light_MShield,Ultralight Magic Shield,Shields,Previously omitted; valid in active Renewal DB and supplied client itemInfo.lua
Added,28917,JP_Shield01_L,[Rental] Gaia Shield,Shields,Previously omitted; valid in active Renewal DB and supplied client itemInfo.lua
Added,28920,ShieldOfGuardsman_J,Diamond Shield,Shields,Previously omitted; valid in active Renewal DB and supplied client itemInfo.lua
Added,28922,Herald_Of_GOD_IL,Illusion Sacred Mission,Shields,Previously omitted; valid in active Renewal DB and supplied client itemInfo.lua
Added,28927,Kings_Guard,King's Guard,Shields,Previously omitted; valid in active Renewal DB and supplied client itemInfo.lua
Added,28941,Excelion_Shield,Excelion Shield,Shields,Previously omitted; valid in active Renewal DB and supplied client itemInfo.lua
Added,28943,Forbidden_Grimoire,Forbidden Spellbook,Shields,Previously omitted; valid in active Renewal DB and supplied client itemInfo.lua
Added,28950,Variant_Shield,Abyss Shield,Shields,Previously omitted; valid in active Renewal DB and supplied client itemInfo.lua
Added,28953,Poring_B_Shield,Poring Battle Shield,Shields,Previously omitted; valid in active Renewal DB and supplied client itemInfo.lua
Added,28982,Shield_Of_Angel_TH,Shield of Angel,Shields,Previously omitted; valid in active Renewal DB and supplied client itemInfo.lua
Added,28984,Forbidden_Grimoire_TH,Forbidden Grimoire,Shields,Previously omitted; valid in active Renewal DB and supplied client itemInfo.lua
Added,32001,Diva_Spear,Diva Spear,Weapons,Previously omitted; valid in active Renewal DB and supplied client itemInfo.lua
Added,32002,Mirage_Spear,Mirage Spear,Weapons,Previously omitted; valid in active Renewal DB and supplied client itemInfo.lua
Added,32003,Sinister_Spear_J,Spear of Evil,Weapons,Previously omitted; valid in active Renewal DB and supplied client itemInfo.lua
Added,32004,Probation_Lance,Trial Royal Guard's Lance,Weapons,Previously omitted; valid in active Renewal DB and supplied client itemInfo.lua
Added,32005,Pole_Axe_IL,Illusion Pole Axe,Weapons,Previously omitted; valid in active Renewal DB and supplied client itemInfo.lua
Added,32007,Jirant_Spear,God Eater Dragon Spear,Weapons,Previously omitted; valid in active Renewal DB and supplied client itemInfo.lua
Added,32012,Metal_Stick_J,Metal Stick,Weapons,Previously omitted; valid in active Renewal DB and supplied client itemInfo.lua
Added,32013,Metal_Stick,Metal Stick,Weapons,Previously omitted; valid in active Renewal DB and supplied client itemInfo.lua
Added,32014,Blut_Spear,Brute Spear,Weapons,Previously omitted; valid in active Renewal DB and supplied client itemInfo.lua
Added,32017,Variant_Spear,Abyss Spear,Weapons,Previously omitted; valid in active Renewal DB and supplied client itemInfo.lua
Added,32021,Evt_Undine_Spear_K,Sealed Aquatic Spear,Weapons,Previously omitted; valid in active Renewal DB and supplied client itemInfo.lua
Added,32105,Variant_Viollin,Abyss Violin,Weapons,Previously omitted; valid in active Renewal DB and supplied client itemInfo.lua
Added,32106,Variant_Blade_Whip,Abyss Blade Whip,Weapons,Previously omitted; valid in active Renewal DB and supplied client itemInfo.lua
Added,32202,Comp_All_In_One_Ring,Ring of Apology,Accessories,Previously omitted; valid in active Renewal DB and supplied client itemInfo.lua
Added,32203,Accelerator_Chip,Accelerator Chip,Accessories,Previously omitted; valid in active Renewal DB and supplied client itemInfo.lua
Added,32204,Immortal_Dog_Tag,Immortal Dog Tag,Accessories,Previously omitted; valid in active Renewal DB and supplied client itemInfo.lua
Added,32206,Prta_Mil_Glove,Prontera Militia Glove,Accessories,Previously omitted; valid in active Renewal DB and supplied client itemInfo.lua
Added,32221,Time_Overload_Ring,Temporal Transcendence Ring,Accessories,Previously omitted; valid in active Renewal DB and supplied client itemInfo.lua
Added,32222,Brooch_Of_Hero,Brooch of Hero,Accessories,Previously omitted; valid in active Renewal DB and supplied client itemInfo.lua
Added,32227,Fenrir_Chain,Fenrir Chain,Accessories,Previously omitted; valid in active Renewal DB and supplied client itemInfo.lua
Added,32234,UnrivaledRing,Unrivaled Ring,Accessories,Previously omitted; valid in active Renewal DB and supplied client itemInfo.lua
Added,32237,Celine_Brooch_K,Celine's Brooch,Accessories,Previously omitted; valid in active Renewal DB and supplied client itemInfo.lua
Added,32242,Old_DetachmentsRing_J,Old Detachment Ring,Accessories,Previously omitted; valid in active Renewal DB and supplied client itemInfo.lua
Added,32243,Star_Force_Ring_TW,Magic Star Ring,Accessories,Previously omitted; valid in active Renewal DB and supplied client itemInfo.lua
Added,32246,Main_Memory_JP,Main Memory,Accessories,Previously omitted; valid in active Renewal DB and supplied client itemInfo.lua
Added,32247,Leo_Ring_J,Leo Ring,Accessories,Previously omitted; valid in active Renewal DB and supplied client itemInfo.lua
Added,32252,H_AD_Clip,High Adventurer Clip,Accessories,Previously omitted; valid in active Renewal DB and supplied client itemInfo.lua
Added,32253,Cancer_Ring_J,Cancer Ring,Accessories,Previously omitted; valid in active Renewal DB and supplied client itemInfo.lua
Added,32258,RingofJupiter,Ring of Jupiter,Accessories,Previously omitted; valid in active Renewal DB and supplied client itemInfo.lua
Added,32262,Ball_Of_RasenHuuma,Rasen Fuma's Orb,Accessories,Previously omitted; valid in active Renewal DB and supplied client itemInfo.lua
Added,32263,Shield_Ring,Shield Ring,Accessories,Previously omitted; valid in active Renewal DB and supplied client itemInfo.lua
Added,32264,Taurus_Ring_J,Taurus Ring,Accessories,Previously omitted; valid in active Renewal DB and supplied client itemInfo.lua
Added,32266,Aquarius_Ring_J,Aquarius Ring,Accessories,Previously omitted; valid in active Renewal DB and supplied client itemInfo.lua
Added,32295,Crystal_Blade_Necklace,Crystal Blade Necklace,Accessories,Previously omitted; valid in active Renewal DB and supplied client itemInfo.lua
Added,32296,Crystal_Blade_Necklace_,Crystal Blade Necklace,Accessories,Previously omitted; valid in active Renewal DB and supplied client itemInfo.lua
Added,32300,Variant_Handgun,Abyss Hand Gun,Weapons,Previously omitted; valid in active Renewal DB and supplied client itemInfo.lua
Added,400048,Gift_of_Panagia,Gift of Panagia,Headgear,Previously omitted; valid in active Renewal DB and supplied client itemInfo.lua
Added,400053,Morrigane_Helm_IL,Illusion Morrigane's Helm,Headgear,Previously omitted; valid in active Renewal DB and supplied client itemInfo.lua
Added,400079,BioWeapon_Helm_LG,Trial Diadem,Headgear,Previously omitted; valid in active Renewal DB and supplied client itemInfo.lua
Added,400113,Victory_Ear_JP,Victory Wing Ear,Headgear,Previously omitted; valid in active Renewal DB and supplied client itemInfo.lua
Added,400127,Ep18_Mini_Elly,Mini Elly,Headgear,Previously omitted; valid in active Renewal DB and supplied client itemInfo.lua
Added,400137,1Para_Cap_A,Paradise Cap,Headgear,Previously omitted; valid in active Renewal DB and supplied client itemInfo.lua
Added,400138,1Para_Cap_B,Paradise Hat,Headgear,Previously omitted; valid in active Renewal DB and supplied client itemInfo.lua
Added,400139,2Para_Cap_A,Advanced Paradise Luxury Cap,Headgear,Previously omitted; valid in active Renewal DB and supplied client itemInfo.lua
Added,400140,2Para_Cap_B,Advanced Paradise Hat,Headgear,Previously omitted; valid in active Renewal DB and supplied client itemInfo.lua
Added,400177,Fafnir_Helm,Fafnir Helm,Headgear,Previously omitted; valid in active Renewal DB and supplied client itemInfo.lua
Added,400194,NostalgiaCherryBlossom,Nostalgia Cherry Blossom,Headgear,Previously omitted; valid in active Renewal DB and supplied client itemInfo.lua
Added,400203,Wolf_Officer_Hat,Wolf Officer Hat,Headgear,Previously omitted; valid in active Renewal DB and supplied client itemInfo.lua
Added,400359,1LvHat,1Lv Hat,Headgear,Previously omitted; valid in active Renewal DB and supplied client itemInfo.lua
Added,400360,2LvHat,Level 2 Hat,Headgear,Previously omitted; valid in active Renewal DB and supplied client itemInfo.lua
Added,400396,Ghost_Whisper,Ghost Whisper,Headgear,Previously omitted; valid in active Renewal DB and supplied client itemInfo.lua
Added,400400,Red_Baby_Dragon_LT,Baby Red Dragon Hat-LT,Headgear,Previously omitted; valid in active Renewal DB and supplied client itemInfo.lua
Added,400408,Clockwise,Clockwise,Headgear,Previously omitted; valid in active Renewal DB and supplied client itemInfo.lua
Added,400506,Altair_Hat,Altair Hat,Headgear,Previously omitted; valid in active Renewal DB and supplied client itemInfo.lua
Added,410000,Resonate_Taego_J,Ancient Resonance,Headgear,Previously omitted; valid in active Renewal DB and supplied client itemInfo.lua
Added,410018,Booster_Mask_A,Booster Mask A-type,Headgear,Previously omitted; valid in active Renewal DB and supplied client itemInfo.lua
Added,410019,Booster_Mask_B,Booster Mask B-type,Headgear,Previously omitted; valid in active Renewal DB and supplied client itemInfo.lua
Added,410020,Booster_Mask_C,Booster Mask C-type,Headgear,Previously omitted; valid in active Renewal DB and supplied client itemInfo.lua
Added,410064,Diving_Goggles,Diving Goggles,Headgear,Previously omitted; valid in active Renewal DB and supplied client itemInfo.lua
Added,410066,Professor_MiniGlass,Professor's Mini Glasses,Headgear,Previously omitted; valid in active Renewal DB and supplied client itemInfo.lua
Added,410071,Demons_Familiar_,Demons Familiar,Headgear,Previously omitted; valid in active Renewal DB and supplied client itemInfo.lua
Added,410088,Supplement_P_Income,Powered Income,Headgear,Previously omitted; valid in active Renewal DB and supplied client itemInfo.lua
Added,410119,Guardian_Helm,Guardian Helm,Headgear,Previously omitted; valid in active Renewal DB and supplied client itemInfo.lua
Added,410120,Guardian_Helm_,Guardian Helm,Headgear,Previously omitted; valid in active Renewal DB and supplied client itemInfo.lua
Added,410129,Phantom_Ear,Phantom Ears,Headgear,Previously omitted; valid in active Renewal DB and supplied client itemInfo.lua
Added,410130,Phantom_Ear_,Phantom Ears,Headgear,Previously omitted; valid in active Renewal DB and supplied client itemInfo.lua
Added,410139,Hairband_Of_Asmodeus,Wings of Asmodeus,Headgear,Previously omitted; valid in active Renewal DB and supplied client itemInfo.lua
Added,410140,Hairband_Of_Asmodeus_,Wings of Asmodeus,Headgear,Previously omitted; valid in active Renewal DB and supplied client itemInfo.lua
Added,410185,Rebel_Pocket_Watch,Rebellion Pocket Watch,Headgear,Previously omitted; valid in active Renewal DB and supplied client itemInfo.lua
Added,410208,1LvGlass,1Lv Glasses,Headgear,Previously omitted; valid in active Renewal DB and supplied client itemInfo.lua
Added,410209,2LvGlass,Level 2 Glasses,Headgear,Previously omitted; valid in active Renewal DB and supplied client itemInfo.lua
Added,410232,Gambler_Seal_KR,Gambler's Seal,Headgear,Previously omitted; valid in active Renewal DB and supplied client itemInfo.lua
Added,410333,Karasu_TenguMask_,Karasu Tengu Mask,Headgear,Previously omitted; valid in active Renewal DB and supplied client itemInfo.lua
Added,410342,Purified_Pigeon_US,Purified Pigeon,Headgear,Previously omitted; valid in active Renewal DB and supplied client itemInfo.lua
Added,420055,Cherryblossom_Fan,Cherry Blossom Fan,Headgear,Previously omitted; valid in active Renewal DB and supplied client itemInfo.lua
Added,420074,Limesoda_In_Mouth,Lime Soda in Mouth,Headgear,Previously omitted; valid in active Renewal DB and supplied client itemInfo.lua
Added,420153,Booster_Scarf_A,Booster Scarf A-type,Headgear,Previously omitted; valid in active Renewal DB and supplied client itemInfo.lua
Added,420154,Booster_Scarf_B,Booster Scarf B-type,Headgear,Previously omitted; valid in active Renewal DB and supplied client itemInfo.lua
Added,420155,Booster_Scarf_C,Booster Scarf C-type,Headgear,Previously omitted; valid in active Renewal DB and supplied client itemInfo.lua
Added,420160,Cons_Of_Earth_J,Tyrant of Earth,Headgear,Previously omitted; valid in active Renewal DB and supplied client itemInfo.lua
Added,420164,Sleep_RedSheep,Dreaming Red Sheep,Headgear,Previously omitted; valid in active Renewal DB and supplied client itemInfo.lua
Added,420178,1LvMask,1Lv Mask,Headgear,Previously omitted; valid in active Renewal DB and supplied client itemInfo.lua
Added,420179,2LvMask,2Lv Mask,Headgear,Previously omitted; valid in active Renewal DB and supplied client itemInfo.lua
Added,420182,Book_of_Sorcery,Book of Sorcery,Headgear,Previously omitted; valid in active Renewal DB and supplied client itemInfo.lua
Added,420187,Sacred_Lapel,Sacred Lapel,Headgear,Previously omitted; valid in active Renewal DB and supplied client itemInfo.lua
Added,420231,MD_Hol_Protection,Constellation's Protection,Headgear,Previously omitted; valid in active Renewal DB and supplied client itemInfo.lua
Added,420236,Moroc_Slave_TW,Loyal Servant of the Demon Lord Morroc,Headgear,Previously omitted; valid in active Renewal DB and supplied client itemInfo.lua
Added,420246,Arbitrator_Shawl_US,Arbitrator Shawl,Headgear,Previously omitted; valid in active Renewal DB and supplied client itemInfo.lua
Added,420310,Frozen_Flower_US,Plastic Blue Rose,Headgear,Previously omitted; valid in active Renewal DB and supplied client itemInfo.lua
Added,420312,Faisca_US,Sparkling Stick,Headgear,Previously omitted; valid in active Renewal DB and supplied client itemInfo.lua
Added,420313,Pires_US,Mysterious Red Plate,Headgear,Previously omitted; valid in active Renewal DB and supplied client itemInfo.lua
Added,420314,White_Fox_US,Calming White Fox,Headgear,Previously omitted; valid in active Renewal DB and supplied client itemInfo.lua
Added,420315,Morcegos_US,Naughty Bats,Headgear,Previously omitted; valid in active Renewal DB and supplied client itemInfo.lua
Added,436000,Tha_Maero_MaskK,Thanatos's Maero Mask,Headgear,Previously omitted; valid in active Renewal DB and supplied client itemInfo.lua
Added,436001,Tha_Despero_MaskK,Thanatos's Despero Mask,Headgear,Previously omitted; valid in active Renewal DB and supplied client itemInfo.lua
Added,436002,Thanatos_Mal_MaskK,Thanatos's Odium Mask,Headgear,Previously omitted; valid in active Renewal DB and supplied client itemInfo.lua
Added,450000,IDTest_armor,IDTest armor,Armor,Previously omitted; valid in active Renewal DB and supplied client itemInfo.lua
Added,450001,Atker_Plate,Attacker Booster Plate,Armor,Previously omitted; valid in active Renewal DB and supplied client itemInfo.lua
Added,450002,Ele_Robe,Elemental Booster Robe,Armor,Previously omitted; valid in active Renewal DB and supplied client itemInfo.lua
Added,450003,Defn_Robe,Defender Booster Robe,Armor,Previously omitted; valid in active Renewal DB and supplied client itemInfo.lua
Added,450004,Ran_Suits,Ranger Booster Suits,Armor,Previously omitted; valid in active Renewal DB and supplied client itemInfo.lua
Added,450018,Noblesse_Breath_Armor,Noblesse Breath Armor,Armor,Previously omitted; valid in active Renewal DB and supplied client itemInfo.lua
Added,450019,Noblesse_Knight_Armor,Noblesse Knight Armor,Armor,Previously omitted; valid in active Renewal DB and supplied client itemInfo.lua
Added,450020,Noblesse_Spear_Armor,Noblesse Spear Armor,Armor,Previously omitted; valid in active Renewal DB and supplied client itemInfo.lua
Added,450021,Noblesse_Genesis_Armor,Noblesse Genesis Armor,Armor,Previously omitted; valid in active Renewal DB and supplied client itemInfo.lua
Added,450022,Noblesse_Sharp_Suit,Noblesse Sharp Suit,Armor,Previously omitted; valid in active Renewal DB and supplied client itemInfo.lua
Added,450023,Noblesse_Aim_Suit,Noblesse Aimed suit,Armor,Previously omitted; valid in active Renewal DB and supplied client itemInfo.lua
Added,450024,Noblesse_Severe_Suit,Noblesse Severe Suit,Armor,Previously omitted; valid in active Renewal DB and supplied client itemInfo.lua
Added,450025,Noblesse_Reverb_Suit,Noblesse Reverb Suit,Armor,Previously omitted; valid in active Renewal DB and supplied client itemInfo.lua
Added,450026,Noblesse_Adora_Robe,Noblesse Adora Robe,Armor,Previously omitted; valid in active Renewal DB and supplied client itemInfo.lua
Added,450027,Noblesse_Duple_Robe,Noblesse Duple Robe,Armor,Previously omitted; valid in active Renewal DB and supplied client itemInfo.lua
Added,450028,Noblesse_Tonado_Armor,Noblesse Tornado Armor,Armor,Previously omitted; valid in active Renewal DB and supplied client itemInfo.lua
Added,450029,Noblesse_Vulcan_Armor,Noblesse Vulcan Armor,Armor,Previously omitted; valid in active Renewal DB and supplied client itemInfo.lua
Added,450030,Noblesse_Kart_Suit,Noblesse Cart Cannon Suit,Armor,Previously omitted; valid in active Renewal DB and supplied client itemInfo.lua
Added,450031,Noblesse_Kart_Suit2,Noblesse Cart Tornado Suit,Armor,Previously omitted; valid in active Renewal DB and supplied client itemInfo.lua
Added,450032,Noblesse_Rolling_Suit,Noblesse Rolling Suit,Armor,Previously omitted; valid in active Renewal DB and supplied client itemInfo.lua
Added,450033,Noblesse_Assasin_Suit,Noblesse Assassin Suit,Armor,Previously omitted; valid in active Renewal DB and supplied client itemInfo.lua
Added,450034,Noblesse_Fatal_Suit,Noblesse Fatal Suit,Armor,Previously omitted; valid in active Renewal DB and supplied client itemInfo.lua
Added,450035,Noblesse_Stalker_Suit,Noblesse Stalker Suit,Armor,Previously omitted; valid in active Renewal DB and supplied client itemInfo.lua
Added,450036,Noblesse_Picky_Robe,Noblesse Picky Robe,Armor,Previously omitted; valid in active Renewal DB and supplied client itemInfo.lua
Added,450037,Noblesse_Carrot_Robe,Noblesse Catnip Robe,Armor,Previously omitted; valid in active Renewal DB and supplied client itemInfo.lua
Added,450038,Noblesse_Trip_Suit,Noblesse Trip Suit,Armor,Previously omitted; valid in active Renewal DB and supplied client itemInfo.lua
Added,450039,Noblesse_Firerain_Suit,Noblesse Fire Rain Suit,Armor,Previously omitted; valid in active Renewal DB and supplied client itemInfo.lua
Added,450040,Noblesse_Crimson_Robe,Noblesse Crimson Robe,Armor,Previously omitted; valid in active Renewal DB and supplied client itemInfo.lua
Added,450041,Noblesse_Frost_Robe,Noblesse Frost Robe,Armor,Previously omitted; valid in active Renewal DB and supplied client itemInfo.lua
Added,450042,Noblesse_Psychic_Robe,Noblesse Psychic Robe,Armor,Previously omitted; valid in active Renewal DB and supplied client itemInfo.lua
Added,450043,Noblesse_Dust_Robe,Noblesse Dust Robe,Armor,Previously omitted; valid in active Renewal DB and supplied client itemInfo.lua
Added,450044,Noblesse_Sun_Suit,Noblesse Sun Suit,Armor,Previously omitted; valid in active Renewal DB and supplied client itemInfo.lua
Added,450045,Noblesse_Moon_Suit,Noblesse Moon Suit,Armor,Previously omitted; valid in active Renewal DB and supplied client itemInfo.lua
Added,450046,Noblesse_Ninja_Suit,Noblesse Ninja Suit,Armor,Previously omitted; valid in active Renewal DB and supplied client itemInfo.lua
Added,450047,Noblesse_Kunai_Suit,Noblesse Kunai Suit,Armor,Previously omitted; valid in active Renewal DB and supplied client itemInfo.lua
Added,450048,Noblesse_Swhoo_Robe,Noblesse Eswhoo Robe,Armor,Previously omitted; valid in active Renewal DB and supplied client itemInfo.lua
Added,450049,Noblesse_Explosion_Robe,Noblesse Explosion Robe,Armor,Previously omitted; valid in active Renewal DB and supplied client itemInfo.lua
Added,450050,Noblesse_Knuckle_Suit,Noblesse Knuckle Suit,Armor,Previously omitted; valid in active Renewal DB and supplied client itemInfo.lua
Added,450051,Noblesse_Tiger_Suit,Noblesse Tiger Suit,Armor,Previously omitted; valid in active Renewal DB and supplied client itemInfo.lua
Added,450052,Imperial_Breath_Armor,Imperial Breath Armor,Armor,Previously omitted; valid in active Renewal DB and supplied client itemInfo.lua
Added,450053,Imperial_Knight_Armor,Imperial Knight Armor,Armor,Previously omitted; valid in active Renewal DB and supplied client itemInfo.lua
Added,450054,Imperial_Spear_Armor,Imperial Spear Armor,Armor,Previously omitted; valid in active Renewal DB and supplied client itemInfo.lua
Added,450055,Imperial_Genesis_Armor,Imperial Genesis Armor,Armor,Previously omitted; valid in active Renewal DB and supplied client itemInfo.lua
Added,450056,Imperial_Sharp_Suit,Imperial Sharp Suit,Armor,Previously omitted; valid in active Renewal DB and supplied client itemInfo.lua
Added,450057,Imperial_Aim_Suit,Imperial Aimed Suit,Armor,Previously omitted; valid in active Renewal DB and supplied client itemInfo.lua
Added,450058,Imperial_Severe_Suit,Imperial Severe Suit,Armor,Previously omitted; valid in active Renewal DB and supplied client itemInfo.lua
Added,450059,Imperial_Reverb_Suit,Imperial Reverb Suit,Armor,Previously omitted; valid in active Renewal DB and supplied client itemInfo.lua
Added,450060,Imperial_Adora_Robe,Imperial Adora Robe,Armor,Previously omitted; valid in active Renewal DB and supplied client itemInfo.lua
Added,450061,Imperial_Duple_Robe,Imperial Duple Robe,Armor,Previously omitted; valid in active Renewal DB and supplied client itemInfo.lua
Added,450062,Imperial_Knuckle_Suit,Imperial Knuckle Suit,Armor,Previously omitted; valid in active Renewal DB and supplied client itemInfo.lua
Added,450063,Imperial_Tiger_Suit,Imperial Tiger Suit,Armor,Previously omitted; valid in active Renewal DB and supplied client itemInfo.lua
Added,450064,Imperial_Tonado_Armor,Imperial Tornado Armor,Armor,Previously omitted; valid in active Renewal DB and supplied client itemInfo.lua
Added,450065,Imperial_Vulcan_Armor,Imperial Vulcan Armor,Armor,Previously omitted; valid in active Renewal DB and supplied client itemInfo.lua
Added,450066,Imperial_Kart_Suit,Imperial Cart Cannon Suit,Armor,Previously omitted; valid in active Renewal DB and supplied client itemInfo.lua
Added,450067,Imperial_Kart_Suit2,Imperial Cart Tornado Suit,Armor,Previously omitted; valid in active Renewal DB and supplied client itemInfo.lua
Added,450068,Imperial_Rolling_Suit,Imperial Rolling Suit,Armor,Previously omitted; valid in active Renewal DB and supplied client itemInfo.lua
Added,450069,Imperial_Assasin_Suit,Imperial Assassin Suit,Armor,Previously omitted; valid in active Renewal DB and supplied client itemInfo.lua
Added,450070,Imperial_Fatal_Suit,Imperial Fatal Suit,Armor,Previously omitted; valid in active Renewal DB and supplied client itemInfo.lua
Added,450071,Imperial_Stalker_Suit,Imperial Stalker Suit,Armor,Previously omitted; valid in active Renewal DB and supplied client itemInfo.lua
Added,450072,Imperial_Picky_Robe,Imperial Picky Robe,Armor,Previously omitted; valid in active Renewal DB and supplied client itemInfo.lua
Added,450073,Imperial_Carrot_Robe,Imperial Catnip Robe,Armor,Previously omitted; valid in active Renewal DB and supplied client itemInfo.lua
Added,450074,Imperial_Trip_Suit,Imperial Trip Suit,Armor,Previously omitted; valid in active Renewal DB and supplied client itemInfo.lua
Added,450075,Imperial_Firerain_Suit,Imperial Fire Rain Suit,Armor,Previously omitted; valid in active Renewal DB and supplied client itemInfo.lua
Added,450076,Imperial_Crimson_Robe,Imperial Crimson Robe,Armor,Previously omitted; valid in active Renewal DB and supplied client itemInfo.lua
Added,450077,Imperial_Frost_Robe,Imperial Frost Robe,Armor,Previously omitted; valid in active Renewal DB and supplied client itemInfo.lua
Added,450078,Imperial_Psychic_Robe,Imperial Psychic Robe,Armor,Previously omitted; valid in active Renewal DB and supplied client itemInfo.lua
Added,450079,Imperial_Dust_Robe,Imperial Dust Robe,Armor,Previously omitted; valid in active Renewal DB and supplied client itemInfo.lua
Added,450080,Imperial_Sun_Suit,Imperial Sun Suit,Armor,Previously omitted; valid in active Renewal DB and supplied client itemInfo.lua
Added,450081,Imperial_Moon_Suit,Imperial Moon Suit,Armor,Previously omitted; valid in active Renewal DB and supplied client itemInfo.lua
Added,450082,Imperial_Ninja_Suit,Imperial Ninja Suit,Armor,Previously omitted; valid in active Renewal DB and supplied client itemInfo.lua
Added,450083,Imperial_Kunai_Suit,Imperial Kunai Suit,Armor,Previously omitted; valid in active Renewal DB and supplied client itemInfo.lua
Added,450084,Imperial_Swhoo_Robe,Imperial Eswhoo Robe,Armor,Previously omitted; valid in active Renewal DB and supplied client itemInfo.lua
Added,450085,Imperial_Explosion_Robe,Imperial Explosion Robe,Armor,Previously omitted; valid in active Renewal DB and supplied client itemInfo.lua
Added,450086,Grace_Breath_Armor,Grace Breath Armor,Armor,Previously omitted; valid in active Renewal DB and supplied client itemInfo.lua
Added,450087,Grace_Knight_Armor,Grace Knight Armor,Armor,Previously omitted; valid in active Renewal DB and supplied client itemInfo.lua
Added,450088,Grace_Spear_Armor,Grace Spear Armor,Armor,Previously omitted; valid in active Renewal DB and supplied client itemInfo.lua
Added,450089,Grace_Genesis_Armor,Grace Genesis Armor,Armor,Previously omitted; valid in active Renewal DB and supplied client itemInfo.lua
Added,450090,Grace_Sharp_Suit,Grace Sharp Suit,Armor,Previously omitted; valid in active Renewal DB and supplied client itemInfo.lua
Added,450091,Grace_Aim_Suit,Grace Aimed Suit,Armor,Previously omitted; valid in active Renewal DB and supplied client itemInfo.lua
Added,450092,Grace_Severe_Suit,Grace Severe Suit,Armor,Previously omitted; valid in active Renewal DB and supplied client itemInfo.lua
Added,450093,Grace_Reverb_Suit,Grace Reverb Suit,Armor,Previously omitted; valid in active Renewal DB and supplied client itemInfo.lua
Added,450094,Grace_Adora_Robe,Grace Adora Robe,Armor,Previously omitted; valid in active Renewal DB and supplied client itemInfo.lua
Added,450095,Grace_Duple_Robe,Grace Duple Robe,Armor,Previously omitted; valid in active Renewal DB and supplied client itemInfo.lua
Added,450096,Grace_Knuckle_Suit,Grace Knuckle Suit,Armor,Previously omitted; valid in active Renewal DB and supplied client itemInfo.lua
Added,450097,Grace_Tiger_Suit,Grace Tiger Suit,Armor,Previously omitted; valid in active Renewal DB and supplied client itemInfo.lua
Added,450098,Grace_Tonado_Armor,Grace Tornado Armor,Armor,Previously omitted; valid in active Renewal DB and supplied client itemInfo.lua
Added,450099,Grace_Vulcan_Armor,Grace Vulcan Armor,Armor,Previously omitted; valid in active Renewal DB and supplied client itemInfo.lua
Added,450100,Grace_Kart_Suit,Grace Cart Cannon Suit,Armor,Previously omitted; valid in active Renewal DB and supplied client itemInfo.lua
Added,450101,Grace_Kart_Suit2,Grace Cart Tornado Suit,Armor,Previously omitted; valid in active Renewal DB and supplied client itemInfo.lua
Added,450102,Grace_Rolling_Suit,Grace Rolling Suit,Armor,Previously omitted; valid in active Renewal DB and supplied client itemInfo.lua
Added,450103,Grace_Assasin_Suit,Grace Assassin Suit,Armor,Previously omitted; valid in active Renewal DB and supplied client itemInfo.lua
Added,450104,Grace_Fatal_Suit,Grace Fatal Suit,Armor,Previously omitted; valid in active Renewal DB and supplied client itemInfo.lua
Added,450105,Grace_Stalker_Suit,Grace Stalker Suit,Armor,Previously omitted; valid in active Renewal DB and supplied client itemInfo.lua
Added,450106,Grace_Picky_Robe,Grace Picky Robe,Armor,Previously omitted; valid in active Renewal DB and supplied client itemInfo.lua
Added,450107,Grace_Carrot_Robe,Grace Catnip Robe,Armor,Previously omitted; valid in active Renewal DB and supplied client itemInfo.lua
Added,450108,Grace_Trip_Suit,Grace Trip Suit,Armor,Previously omitted; valid in active Renewal DB and supplied client itemInfo.lua
Added,450109,Grace_Firerain_Suit,Grace Fire Rain Suit,Armor,Previously omitted; valid in active Renewal DB and supplied client itemInfo.lua
Added,450110,Grace_Crimson_Robe,Grace Crimson Robe,Armor,Previously omitted; valid in active Renewal DB and supplied client itemInfo.lua
Added,450111,Grace_Frost_Robe,Grace Frost Robe,Armor,Previously omitted; valid in active Renewal DB and supplied client itemInfo.lua
Added,450112,Grace_Psychic_Robe,Grace Psychic Robe,Armor,Previously omitted; valid in active Renewal DB and supplied client itemInfo.lua
Added,450113,Grace_Dust_Robe,Grace Dust Robe,Armor,Previously omitted; valid in active Renewal DB and supplied client itemInfo.lua
Added,450114,Grace_Sun_Suit,Grace Sun Suit,Armor,Previously omitted; valid in active Renewal DB and supplied client itemInfo.lua
Added,450115,Grace_Moon_Suit,Grace Moon Suit,Armor,Previously omitted; valid in active Renewal DB and supplied client itemInfo.lua
Added,450116,Grace_Ninja_Suit,Grace Ninja Suit,Armor,Previously omitted; valid in active Renewal DB and supplied client itemInfo.lua
Added,450117,Grace_Kunai_Suit,Grace Kunai Suit,Armor,Previously omitted; valid in active Renewal DB and supplied client itemInfo.lua
Added,450118,Grace_Swhoo_Robe,Grace Eswhoo Robe,Armor,Previously omitted; valid in active Renewal DB and supplied client itemInfo.lua
Added,450119,Grace_Explosion_Robe,Grace Explosion Robe,Armor,Previously omitted; valid in active Renewal DB and supplied client itemInfo.lua
Added,450121,Noblesse_Snovice_Suit,Noblesse Super Novice Suit,Armor,Previously omitted; valid in active Renewal DB and supplied client itemInfo.lua
Added,450122,Noblesse_Snovice_Robe,Noblesse Super Novice Robe,Armor,Previously omitted; valid in active Renewal DB and supplied client itemInfo.lua
Added,450123,Imperial_Snovice_Suit,Imperial Super Novice Suit,Armor,Previously omitted; valid in active Renewal DB and supplied client itemInfo.lua
Added,450124,Imperial_Snovice_Robe,Imperial Super Novice Robe,Armor,Previously omitted; valid in active Renewal DB and supplied client itemInfo.lua
Added,450125,Grace_Snovice_Suit,Grace Super Novice Suit,Armor,Previously omitted; valid in active Renewal DB and supplied client itemInfo.lua
Added,450126,Grace_Snovice_Robe,Grace Super Novice Robe,Armor,Previously omitted; valid in active Renewal DB and supplied client itemInfo.lua
Added,450132,Magical_Cloth,Magical Cloth,Armor,Previously omitted; valid in active Renewal DB and supplied client itemInfo.lua
Added,450144,Saint_Robe_IL,Illusion Saint Robe,Armor,Previously omitted; valid in active Renewal DB and supplied client itemInfo.lua
Added,450145,Water_Sprits_Armor_IL,Illusion Saphien's Armor of Ocean,Armor,Previously omitted; valid in active Renewal DB and supplied client itemInfo.lua
Added,450146,Chain_Mail_IL,Illusion Chain Mail,Armor,Previously omitted; valid in active Renewal DB and supplied client itemInfo.lua
Added,450147,E_Illusion_Armor_A,Illusion Armor Type A (Bound),Armor,Previously omitted; valid in active Renewal DB and supplied client itemInfo.lua
Added,450148,E_Illusion_Armor_B,Illusion Armor Type B (Bound),Armor,Previously omitted; valid in active Renewal DB and supplied client itemInfo.lua
Added,450165,Striking_Mail,Striking Mail,Armor,Previously omitted; valid in active Renewal DB and supplied client itemInfo.lua
Added,450176,Supplement_Part_Wing,Powered Wing,Garments,Previously omitted; valid in active Renewal DB and supplied client itemInfo.lua
Added,450179,Celine_Dress,Celine's Dress,Armor,Previously omitted; valid in active Renewal DB and supplied client itemInfo.lua
Added,450180,Cute_Frog_Raincoat,Cute Frog Raincoat,Armor,Previously omitted; valid in active Renewal DB and supplied client itemInfo.lua
Added,450182,Sprint_Mail_IL,Illusion Sprint Mail,Armor,Previously omitted; valid in active Renewal DB and supplied client itemInfo.lua
Added,450183,1Para_Armor_A,Paradise Suit,Armor,Previously omitted; valid in active Renewal DB and supplied client itemInfo.lua
Added,450184,1Para_Armor_B,Paradise Robe,Armor,Previously omitted; valid in active Renewal DB and supplied client itemInfo.lua
Added,450185,2Para_Armor_A,Paradise Luxury Suit,Armor,Previously omitted; valid in active Renewal DB and supplied client itemInfo.lua
Added,450186,2Para_Armor_B,Advanced Paradise Robe,Armor,Previously omitted; valid in active Renewal DB and supplied client itemInfo.lua
Added,450198,Evt_RagFes_Shirts,Ragfest Cotton Shirt for Refining,Armor,Previously omitted; valid in active Renewal DB and supplied client itemInfo.lua
Added,450208,Paracelsus_Coat,Paracelsus Coat,Armor,Previously omitted; valid in active Renewal DB and supplied client itemInfo.lua
Added,450209,Imp_Powered_Suit,Imp Powered Suit,Armor,Previously omitted; valid in active Renewal DB and supplied client itemInfo.lua
Added,450210,Fluffy_Shark_Pajama,Fluffy Shark Pajama,Armor,Previously omitted; valid in active Renewal DB and supplied client itemInfo.lua
Added,450216,Twinhead_dragon_Mail_J,Twinhead Dragon Mail,Armor,Previously omitted; valid in active Renewal DB and supplied client itemInfo.lua
Added,450218,E_Auto_Armor_A,Automatic Armor A-type (Bound),Armor,Previously omitted; valid in active Renewal DB and supplied client itemInfo.lua
Added,450219,E_Auto_Armor_B,Automatic Armor B-type (Bound),Armor,Previously omitted; valid in active Renewal DB and supplied client itemInfo.lua
Added,450242,Elemental_Possession,Elemental Possession,Armor,Previously omitted; valid in active Renewal DB and supplied client itemInfo.lua
Added,450249,1Lv_Shirt,1Lv Shirts,Armor,Previously omitted; valid in active Renewal DB and supplied client itemInfo.lua
Added,450250,2Lv_Shirt,Level 2 Shirt,Armor,Previously omitted; valid in active Renewal DB and supplied client itemInfo.lua
Added,450251,Assault_Suit,Assault Suits,Armor,Previously omitted; valid in active Renewal DB and supplied client itemInfo.lua
Added,450257,Platinum_Arbitrator,Platinum Arbitrator,Armor,Previously omitted; valid in active Renewal DB and supplied client itemInfo.lua
Added,450258,Loud_Park,Loud Park,Armor,Previously omitted; valid in active Renewal DB and supplied client itemInfo.lua
Added,450272,B_Celine_D_LT_TW,Celine's Dress-LT,Armor,Previously omitted; valid in active Renewal DB and supplied client itemInfo.lua
Added,450282,Flame_E_R_Armor2,Engraved Fiery Earth Rune Armor,Armor,Previously omitted; valid in active Renewal DB and supplied client itemInfo.lua
Added,450283,Ice_S_R_Suits2,Engraved Icy Storm Rune Suit,Armor,Previously omitted; valid in active Renewal DB and supplied client itemInfo.lua
Added,450284,Soul_P_R_Robe2,Engraved Soul Purifying Rune Robe,Armor,Previously omitted; valid in active Renewal DB and supplied client itemInfo.lua
Added,450285,Corrupt_P_R_Cloth2,Engraved Corrupted Poison Rune Cloth,Armor,Previously omitted; valid in active Renewal DB and supplied client itemInfo.lua
Added,450299,Temporal_Armor_TW_LT,Exotic Temporal Armor-LT,Armor,Previously omitted; valid in active Renewal DB and supplied client itemInfo.lua
Added,460010,Witchslayer_Greatshield,Witch Hunt Shield,Shields,Previously omitted; valid in active Renewal DB and supplied client itemInfo.lua
Added,460017,Guard_IL,Illusion Guard,Shields,Previously omitted; valid in active Renewal DB and supplied client itemInfo.lua
Added,460018,Siver_Guard_IL,Illusion Silver Guard,Shields,Previously omitted; valid in active Renewal DB and supplied client itemInfo.lua
Added,460023,Shield_Of_Phoenix,Shield of Phoenix,Shields,Previously omitted; valid in active Renewal DB and supplied client itemInfo.lua
Added,460048,1LvGuard,1Lv Shield,Shields,Previously omitted; valid in active Renewal DB and supplied client itemInfo.lua
Added,460049,2LvGuard,Level 2 Shield,Shields,Previously omitted; valid in active Renewal DB and supplied client itemInfo.lua
Added,460052,Striking_Armguard,Striking Gauntlet,Shields,Previously omitted; valid in active Renewal DB and supplied client itemInfo.lua
Added,460057,Spenta_Armaiti,Spenta Armaiti,Shields,Previously omitted; valid in active Renewal DB and supplied client itemInfo.lua
Added,470000,Atker_Greave,Attacker Booster Greaves,Shoes,Previously omitted; valid in active Renewal DB and supplied client itemInfo.lua
Added,470001,Ele_Shoes,Elemental Booster Shoes,Shoes,Previously omitted; valid in active Renewal DB and supplied client itemInfo.lua
Added,470002,Defn_Shoes,Defender Booster Shoes,Shoes,Previously omitted; valid in active Renewal DB and supplied client itemInfo.lua
Added,470003,Ran_Boots,Ranger Booster Boots,Shoes,Previously omitted; valid in active Renewal DB and supplied client itemInfo.lua
Added,470006,Sniping_Shoes_J,Sniping Shoes,Shoes,Previously omitted; valid in active Renewal DB and supplied client itemInfo.lua
Added,470008,Fluffy_DandelionShoes_J,Fluffy Dandelion Shoes,Shoes,Previously omitted; valid in active Renewal DB and supplied client itemInfo.lua
Added,470016,Noblesse_Attack_Boots,Noblesse Attack Boots,Shoes,Previously omitted; valid in active Renewal DB and supplied client itemInfo.lua
Added,470017,Noblesse_Magic_Boots,Noblesse Magic Boots,Shoes,Previously omitted; valid in active Renewal DB and supplied client itemInfo.lua
Added,470018,Imperial_Attack_Boots,Imperial Attack Boots,Shoes,Previously omitted; valid in active Renewal DB and supplied client itemInfo.lua
Added,470019,Imperial_Magic_Boots,Imperial Magic Boots,Shoes,Previously omitted; valid in active Renewal DB and supplied client itemInfo.lua
Added,470020,Grace_Attack_Boots,Grace Attack Boots,Shoes,Previously omitted; valid in active Renewal DB and supplied client itemInfo.lua
Added,470021,Grace_Magic_Boots,Grace Magic Boots,Shoes,Previously omitted; valid in active Renewal DB and supplied client itemInfo.lua
Added,470025,Pretty_PigShoes,Cute Little Boar Shoes,Shoes,Previously omitted; valid in active Renewal DB and supplied client itemInfo.lua
Added,470026,Pretty_PigShoes_,Cute Little Boar Shoes,Shoes,Previously omitted; valid in active Renewal DB and supplied client itemInfo.lua
Added,470027,Juggernaut,Juggernaut,Shoes,Previously omitted; valid in active Renewal DB and supplied client itemInfo.lua
Added,470036,Military_Boots_IL,Illusion Military Boots,Shoes,Previously omitted; valid in active Renewal DB and supplied client itemInfo.lua
Added,470048,Striking_Shoes,Striking Shoes,Shoes,Previously omitted; valid in active Renewal DB and supplied client itemInfo.lua
Added,470054,E_Illusion_Leg_A,Illusion Leg Type A (Bound),Shoes,Previously omitted; valid in active Renewal DB and supplied client itemInfo.lua
Added,470055,E_Illusion_Leg_B,Illusion Leg Type B (Bound),Shoes,Previously omitted; valid in active Renewal DB and supplied client itemInfo.lua
Added,470056,Chaser_Shoes,Chaser's Shoes,Shoes,Previously omitted; valid in active Renewal DB and supplied client itemInfo.lua
Added,470057,Chaser_Shoes_,Pursuiter Shoes,Shoes,Previously omitted; valid in active Renewal DB and supplied client itemInfo.lua
Added,470060,Cylinder_Boots,Cylinder Boots,Shoes,Previously omitted; valid in active Renewal DB and supplied client itemInfo.lua
Added,470061,Cylinder_Boots_,Cylinder Boots,Shoes,Previously omitted; valid in active Renewal DB and supplied client itemInfo.lua
Added,470062,Lethargy_P_Shoes,Lethargy Thoughtform Shoes,Shoes,Previously omitted; valid in active Renewal DB and supplied client itemInfo.lua
Added,470066,Sprint_Shoes_IL,Illusion Sprint Shoes,Shoes,Previously omitted; valid in active Renewal DB and supplied client itemInfo.lua
Added,470067,1Para_Boots_A,Paradise Boots,Shoes,Previously omitted; valid in active Renewal DB and supplied client itemInfo.lua
Added,470068,1Para_Boots_B,Paradise Shoes,Shoes,Previously omitted; valid in active Renewal DB and supplied client itemInfo.lua
Added,470069,2Para_Boots_A,Paradise Luxury Boots,Shoes,Previously omitted; valid in active Renewal DB and supplied client itemInfo.lua
Added,470084,Rune_Greave_JP,Rune Greaves,Shoes,Previously omitted; valid in active Renewal DB and supplied client itemInfo.lua
Added,470093,2Para_Boots_B,Advanced Paradise Shoes,Shoes,Previously omitted; valid in active Renewal DB and supplied client itemInfo.lua
Added,470097,HalfBloodPrincess_Shoes,Demon Hunting Shoes,Shoes,Previously omitted; valid in active Renewal DB and supplied client itemInfo.lua
Added,470105,Shoes_Of_Judex,Purge Shoes,Shoes,Previously omitted; valid in active Renewal DB and supplied client itemInfo.lua
Added,470106,Shoes_Of_Judex_,Shoes of Purge,Shoes,Previously omitted; valid in active Renewal DB and supplied client itemInfo.lua
Added,470125,E_Auto_Leg_A,Automatic Leg A-type (Bound),Shoes,Previously omitted; valid in active Renewal DB and supplied client itemInfo.lua
Added,470126,E_Auto_Leg_B,Automatic Leg B-type (Bound),Shoes,Previously omitted; valid in active Renewal DB and supplied client itemInfo.lua
Added,470130,End_of_the_World,End of the World,Shoes,Previously omitted; valid in active Renewal DB and supplied client itemInfo.lua
Added,470178,1LvSandals,1Lv Sandals,Shoes,Previously omitted; valid in active Renewal DB and supplied client itemInfo.lua
Added,470179,2LvSandals,Level 2 Sandals,Shoes,Previously omitted; valid in active Renewal DB and supplied client itemInfo.lua
Added,470183,Temporal_Boots_LT_TW,Exotic Temporal Boots-LT,Shoes,Previously omitted; valid in active Renewal DB and supplied client itemInfo.lua
Added,470192,Fifth_Element,Fifth Element,Shoes,Previously omitted; valid in active Renewal DB and supplied client itemInfo.lua
Added,470247,Mid_Knight_Shoes,Knight's Boots of Midgard,Shoes,Previously omitted; valid in active Renewal DB and supplied client itemInfo.lua
Added,470254,KenZen_Ichinyo,Will of Sword and Zen,Shoes,Previously omitted; valid in active Renewal DB and supplied client itemInfo.lua
Added,470255,Zodiac_Boots_SM,Zodiac Boots (Swordsman),Shoes,Previously omitted; valid in active Renewal DB and supplied client itemInfo.lua
Added,470266,Mythical_Moonlight_US,Mythical Moonlight Paw,Shoes,Previously omitted; valid in active Renewal DB and supplied client itemInfo.lua
Added,480000,Atker_Manteau,Attacker Booster Manteau,Garments,Previously omitted; valid in active Renewal DB and supplied client itemInfo.lua
Added,480001,Ele_Muffler,Elemental Booster Muffler,Garments,Previously omitted; valid in active Renewal DB and supplied client itemInfo.lua
Added,480002,Defn_Muffler,Defender Booster Muffler,Garments,Previously omitted; valid in active Renewal DB and supplied client itemInfo.lua
Added,480003,Ran_Manteau,Ranger Booster Manteau,Garments,Previously omitted; valid in active Renewal DB and supplied client itemInfo.lua
Added,480012,Noblesse_Attack_Manteau,Noblesse Attack Manteau,Garments,Previously omitted; valid in active Renewal DB and supplied client itemInfo.lua
Added,480014,Noblesse_Magic_Manteau,Noblesse Magic Manteau,Garments,Previously omitted; valid in active Renewal DB and supplied client itemInfo.lua
Added,480016,Imperial_Attack_Manteau,Imperial Attack Manteau,Garments,Previously omitted; valid in active Renewal DB and supplied client itemInfo.lua
Added,480017,Imperial_Magic_Manteau,Imperial Magic Manteau,Garments,Previously omitted; valid in active Renewal DB and supplied client itemInfo.lua
Added,480018,Grace_Attack_Manteau,Grace Attack Manteau,Garments,Previously omitted; valid in active Renewal DB and supplied client itemInfo.lua
Added,480019,Grace_Magic_Manteau,Grace Magic Manteau,Garments,Previously omitted; valid in active Renewal DB and supplied client itemInfo.lua
Added,480023,Arabian_Manteau,Arabian Manteau,Garments,Previously omitted; valid in active Renewal DB and supplied client itemInfo.lua
Added,480045,Guardian_Soul,Guardian Soul,Garments,Previously omitted; valid in active Renewal DB and supplied client itemInfo.lua
Added,480054,Morrigane_Manyeau_IL,Illusion Morrigane's Manteau,Garments,Previously omitted; valid in active Renewal DB and supplied client itemInfo.lua
Added,480062,E_Illusion_Engine_A,Illusion Engine Wing Type A (Bound),Garments,Previously omitted; valid in active Renewal DB and supplied client itemInfo.lua
Added,480063,E_Illusion_Engine_B,Illusion Engine Wing Type A (Bound),Garments,Previously omitted; valid in active Renewal DB and supplied client itemInfo.lua
Added,480064,Storm_Muffler,Storm Muffler,Garments,Previously omitted; valid in active Renewal DB and supplied client itemInfo.lua
Added,480075,Baby_Boar_Bib,Baby Boar Bib,Garments,Previously omitted; valid in active Renewal DB and supplied client itemInfo.lua
Added,480081,Glotoneria,Glotoneria,Garments,Previously omitted; valid in active Renewal DB and supplied client itemInfo.lua
Added,480084,Fafnir_Manteau,Fafnir Breath,Garments,Previously omitted; valid in active Renewal DB and supplied client itemInfo.lua
Added,480094,ErymanthianSkin,Erymanthian Skin,Garments,Previously omitted; valid in active Renewal DB and supplied client itemInfo.lua
Added,480103,1Para_Manteau_A,Paradise Manteau,Garments,Previously omitted; valid in active Renewal DB and supplied client itemInfo.lua
Added,480104,1Para_Manteau_B,Paradise Muffler,Garments,Previously omitted; valid in active Renewal DB and supplied client itemInfo.lua
Added,480105,2Para_Manteau_A,Advanced Paradise Manteau,Garments,Previously omitted; valid in active Renewal DB and supplied client itemInfo.lua
Added,480106,2Para_Manteau_B,Advanced Paradise Muffler,Garments,Previously omitted; valid in active Renewal DB and supplied client itemInfo.lua
Added,480114,Striking_Mikoshi,Striking Mikoshi,Garments,Previously omitted; valid in active Renewal DB and supplied client itemInfo.lua
Added,480134,Avareco,Avareco,Garments,Previously omitted; valid in active Renewal DB and supplied client itemInfo.lua
Added,480149,Battle_Aura_Manteau_TW,Battle Aura Manteau,Garments,Previously omitted; valid in active Renewal DB and supplied client itemInfo.lua
Added,480185,E_Auto_Engine_A,Automatic Engine wing A-type (Bound),Garments,Previously omitted; valid in active Renewal DB and supplied client itemInfo.lua
Added,480186,E_Auto_Engine_B,Automatic Engine wing B-type (Bound),Garments,Previously omitted; valid in active Renewal DB and supplied client itemInfo.lua
Added,480228,Day_of_the_Dead,Dia de Muertos,Garments,Previously omitted; valid in active Renewal DB and supplied client itemInfo.lua
Added,480245,JP_EV17,Crowned Cinnamon Backpack,Garments,Previously omitted; valid in active Renewal DB and supplied client itemInfo.lua
Added,480249,1LvHood,1Lv Hood,Garments,Previously omitted; valid in active Renewal DB and supplied client itemInfo.lua
Added,480250,2LvHood,Level 2 Hood,Garments,Previously omitted; valid in active Renewal DB and supplied client itemInfo.lua
Added,480306,Dual_SW_Cape,Dual Shadow World Cloak,Garments,Previously omitted; valid in active Renewal DB and supplied client itemInfo.lua
Added,480312,Temporal_Cape_TW_LT,Exotic Temporal Manteau-LT,Garments,Previously omitted; valid in active Renewal DB and supplied client itemInfo.lua
Added,480365,Fallen_Protect_Manteau,Fallen Protect Manteau,Garments,Previously omitted; valid in active Renewal DB and supplied client itemInfo.lua
Added,480479,Royal_Prontera_US,Royal Prontera Cape,Garments,Previously omitted; valid in active Renewal DB and supplied client itemInfo.lua
Added,480504,Royal_Payon_US,Royal Payon Cape,Garments,Previously omitted; valid in active Renewal DB and supplied client itemInfo.lua
Added,480520,Royal_Geffen_US,Royal Geffen Cape,Garments,Previously omitted; valid in active Renewal DB and supplied client itemInfo.lua
Added,480539,Royal_Nightwatch_US,Royal Nightwatch Cape,Garments,Previously omitted; valid in active Renewal DB and supplied client itemInfo.lua
Added,480540,Royal_Alberta_US,Royal Alberta Cape,Garments,Previously omitted; valid in active Renewal DB and supplied client itemInfo.lua
Added,490004,Atker_Ring,Attacker Booster Ring,Accessories,Previously omitted; valid in active Renewal DB and supplied client itemInfo.lua
Added,490005,Ele_Earing,Elemental Booster Earrings,Accessories,Previously omitted; valid in active Renewal DB and supplied client itemInfo.lua
Added,490006,Defn_Earing,Defender Booster Earrings,Accessories,Previously omitted; valid in active Renewal DB and supplied client itemInfo.lua
Added,490007,Ran_Brooch,Range Booster Brooches,Accessories,Previously omitted; valid in active Renewal DB and supplied client itemInfo.lua
Added,490010,Virgo_Ring_J,Virgo Ring,Accessories,Previously omitted; valid in active Renewal DB and supplied client itemInfo.lua
Added,490013,Devil_Ring,Devil Ring,Accessories,Previously omitted; valid in active Renewal DB and supplied client itemInfo.lua
Added,490014,Noblesse_Attack_Ring,Noblesse Attack Ring,Accessories,Previously omitted; valid in active Renewal DB and supplied client itemInfo.lua
Added,490015,Noblesse_Magic_Ring,Noblesse Magic Ring,Accessories,Previously omitted; valid in active Renewal DB and supplied client itemInfo.lua
Added,490016,Bracelet_Of_Puppet,Puppet Bracelet,Accessories,Previously omitted; valid in active Renewal DB and supplied client itemInfo.lua
Added,490017,Imperial_Attack_Ring,Imperial Attack Ring,Accessories,Previously omitted; valid in active Renewal DB and supplied client itemInfo.lua
Added,490018,Imperial_Magic_Ring,Imperial Magic Ring,Accessories,Previously omitted; valid in active Renewal DB and supplied client itemInfo.lua
Added,490019,Grace_Attack_Ring,Grace Attack Ring,Accessories,Previously omitted; valid in active Renewal DB and supplied client itemInfo.lua
Added,490020,Grace_Magic_Ring,Grace Magic Ring,Accessories,Previously omitted; valid in active Renewal DB and supplied client itemInfo.lua
Added,490022,TrustRing,Thunder Ring,Accessories,Previously omitted; valid in active Renewal DB and supplied client itemInfo.lua
Added,490029,Geffenia_Magictool_Ice,Geffenia Ice Magic Tool,Accessories,Previously omitted; valid in active Renewal DB and supplied client itemInfo.lua
Added,490035,Pendant_of_Solomon,Solomon's Pendant,Accessories,Previously omitted; valid in active Renewal DB and supplied client itemInfo.lua
Added,490036,Pendant_of_Solomon_,Solomon's Pendant,Accessories,Previously omitted; valid in active Renewal DB and supplied client itemInfo.lua
Added,490037,Dark_Ring,Dark Ring,Accessories,Previously omitted; valid in active Renewal DB and supplied client itemInfo.lua
Added,490038,Sixth_Sense_Ring,Sixth Sense Ring,Accessories,Previously omitted; valid in active Renewal DB and supplied client itemInfo.lua
Added,490041,Sagittarius_Ring_J,Sagittarius Ring,Accessories,Previously omitted; valid in active Renewal DB and supplied client itemInfo.lua
Added,490043,HalfBlood_Princess_Ring,Half Blood Princess Ring,Accessories,Previously omitted; valid in active Renewal DB and supplied client itemInfo.lua
Added,490068,RingofVenus,Ring of Venus,Accessories,Previously omitted; valid in active Renewal DB and supplied client itemInfo.lua
Added,490069,Morrigane_Belt_IL,Illusion Morrigane's Belt,Accessories,Previously omitted; valid in active Renewal DB and supplied client itemInfo.lua
Added,490070,Morrigane_Pendant_IL,Illusion Morrigane's Pendant,Accessories,Previously omitted; valid in active Renewal DB and supplied client itemInfo.lua
Added,490072,E_Illusion_B_R,Illusion Booster R(Bound),Accessories,Previously omitted; valid in active Renewal DB and supplied client itemInfo.lua
Added,490073,E_Illusion_B_L,Illusion Booster L(Bound),Accessories,Previously omitted; valid in active Renewal DB and supplied client itemInfo.lua
Added,490074,E_Illusion_BC_R,Illusion Battle Chip R(Bound),Accessories,Previously omitted; valid in active Renewal DB and supplied client itemInfo.lua
Added,490075,E_Illusion_BC_L,Illusion Battle Chip L(Bound),Accessories,Previously omitted; valid in active Renewal DB and supplied client itemInfo.lua
Added,490076,Ring_Of_Nature,Ring of Nature,Accessories,Previously omitted; valid in active Renewal DB and supplied client itemInfo.lua
Added,490079,SoulExpansionRing,Soul Expansion Ring,Accessories,Previously omitted; valid in active Renewal DB and supplied client itemInfo.lua
Added,490083,Themis_Balance,Themis Balance,Accessories,Previously omitted; valid in active Renewal DB and supplied client itemInfo.lua
Added,490087,4th_Q_Necklace,Hourglass Necklace,Accessories,Previously omitted; valid in active Renewal DB and supplied client itemInfo.lua
Added,490096,Ring_Of_Hunter,Ring of Hunter,Accessories,Previously omitted; valid in active Renewal DB and supplied client itemInfo.lua
Added,490098,Ring_of_Pazuzu,Ring of Pazuzu,Accessories,Previously omitted; valid in active Renewal DB and supplied client itemInfo.lua
Added,490102,Skull_Ring,Skull Ring,Accessories,Previously omitted; valid in active Renewal DB and supplied client itemInfo.lua
Added,490104,Ring_Of_Phoenix,Ring of Phoenix,Accessories,Previously omitted; valid in active Renewal DB and supplied client itemInfo.lua
Added,490110,Anulus_Ira,Anulus Ira,Accessories,Previously omitted; valid in active Renewal DB and supplied client itemInfo.lua
Added,490113,Jasper_Ring,Jasper Ring,Accessories,Previously omitted; valid in active Renewal DB and supplied client itemInfo.lua
Added,490118,RingOfAdoramus,Ring of Adoramus,Accessories,Previously omitted; valid in active Renewal DB and supplied client itemInfo.lua
Added,490120,Sprint_Ring_IL,Illusion Sprint Ring,Accessories,Previously omitted; valid in active Renewal DB and supplied client itemInfo.lua
Added,490121,Sprint_Glove_IL,Illusion Sprint Glove,Accessories,Previously omitted; valid in active Renewal DB and supplied client itemInfo.lua
Added,490122,1Para_Acc_L_A,Paradise Ring,Accessories,Previously omitted; valid in active Renewal DB and supplied client itemInfo.lua
Added,490123,1Para_Acc_R_A,Paradise Gloves,Accessories,Previously omitted; valid in active Renewal DB and supplied client itemInfo.lua
Added,490124,1Para_Acc_L_B,Paradise Magic Ring,Accessories,Previously omitted; valid in active Renewal DB and supplied client itemInfo.lua
Added,490125,1Para_Acc_R_B,Paradise Necklace,Accessories,Previously omitted; valid in active Renewal DB and supplied client itemInfo.lua
Added,490126,2Para_Acc_L_A,Advanced Paradise Ring,Accessories,Previously omitted; valid in active Renewal DB and supplied client itemInfo.lua
Added,490127,2Para_Acc_R_A,Advanced Paradise Gloves,Accessories,Previously omitted; valid in active Renewal DB and supplied client itemInfo.lua
Added,490128,2Para_Acc_L_B,Advanced Paradise Magic Ring,Accessories,Previously omitted; valid in active Renewal DB and supplied client itemInfo.lua
Added,490129,2Para_Acc_R_B,Advanced Paradise Necklace,Accessories,Previously omitted; valid in active Renewal DB and supplied client itemInfo.lua
Added,490130,SkynetBlowRing,Sky Blow Ring,Accessories,Previously omitted; valid in active Renewal DB and supplied client itemInfo.lua
Added,490141,Metal_Pick,Metal Pick,Accessories,Previously omitted; valid in active Renewal DB and supplied client itemInfo.lua
Added,490145,Ring_Of_Ceryneian,Ring of Ceryneian,Accessories,Previously omitted; valid in active Renewal DB and supplied client itemInfo.lua
Added,490146,Paracelsus_Glove,Paracelsus Glove,Accessories,Previously omitted; valid in active Renewal DB and supplied client itemInfo.lua
Added,490149,Glittering_Cat_Choker,Glittering Cat Choker,Accessories,Previously omitted; valid in active Renewal DB and supplied client itemInfo.lua
Added,490183,Military_Glove,Military Glove,Accessories,Previously omitted; valid in active Renewal DB and supplied client itemInfo.lua
Added,490193,Traveler_Ring,Traveler Ring,Accessories,Previously omitted; valid in active Renewal DB and supplied client itemInfo.lua
Added,490207,Memento_Mori,Memento Mori,Accessories,Previously omitted; valid in active Renewal DB and supplied client itemInfo.lua
Added,490214,E_Auto_B_R,Automatic Booster R (Bound),Accessories,Previously omitted; valid in active Renewal DB and supplied client itemInfo.lua
Added,490215,E_Auto_B_L,Automatic Booster L (Bound),Accessories,Previously omitted; valid in active Renewal DB and supplied client itemInfo.lua
Added,490216,E_Auto_BC_R,Automatic Battle Chip R (Bound),Accessories,Previously omitted; valid in active Renewal DB and supplied client itemInfo.lua
Added,490217,E_Auto_BC_L,Automatic Battle chip L (Bound),Accessories,Previously omitted; valid in active Renewal DB and supplied client itemInfo.lua
Added,490221,Record_Swordsman_TH,Record of Swordsman,Accessories,Previously omitted; valid in active Renewal DB and supplied client itemInfo.lua
Added,490229,Record_Thief_TH,Record of Thief,Accessories,Previously omitted; valid in active Renewal DB and supplied client itemInfo.lua
Added,490239,Record_Merchant_TH,Record of Merchant,Accessories,Previously omitted; valid in active Renewal DB and supplied client itemInfo.lua
Added,490243,Ring_of_SilverClaw,Ring of Silver Claw,Accessories,Previously omitted; valid in active Renewal DB and supplied client itemInfo.lua
Added,490244,Cardinal_Ring,Cardinal Ring,Accessories,Previously omitted; valid in active Renewal DB and supplied client itemInfo.lua
Added,490258,Time_Thief_Earring,Time Thief Crystal Earrings,Accessories,Previously omitted; valid in active Renewal DB and supplied client itemInfo.lua
Added,490286,1LvClip,1Lv Clip,Accessories,Previously omitted; valid in active Renewal DB and supplied client itemInfo.lua
Added,490287,2LvClip,Level 2 Clip,Accessories,Previously omitted; valid in active Renewal DB and supplied client itemInfo.lua
Added,490288,Record_Mage_TH,Record of Mage,Accessories,Previously omitted; valid in active Renewal DB and supplied client itemInfo.lua
Added,490319,YSF01_Ring,Y.S.F. Ring,Accessories,Previously omitted; valid in active Renewal DB and supplied client itemInfo.lua
Added,490334,Record_Acol_TH,Record of Acolyte,Accessories,Previously omitted; valid in active Renewal DB and supplied client itemInfo.lua
Added,490359,Lord_of_Elemental,Lord of Elemental,Accessories,Previously omitted; valid in active Renewal DB and supplied client itemInfo.lua
Added,490376,Record_Swordsman2_TH,Record of Swordsman 2,Accessories,Previously omitted; valid in active Renewal DB and supplied client itemInfo.lua
Added,490381,Majesty_of_Yggdrasil_,Majesty of Yggdrasil,Accessories,Previously omitted; valid in active Renewal DB and supplied client itemInfo.lua
Added,490394,Record_Thief2_TH,Record of Thief 2,Accessories,Previously omitted; valid in active Renewal DB and supplied client itemInfo.lua
Added,490396,Establish,Establish,Accessories,Previously omitted; valid in active Renewal DB and supplied client itemInfo.lua
Added,490400,Record_Archer_TH,Record of Archer,Accessories,Previously omitted; valid in active Renewal DB and supplied client itemInfo.lua
Added,490404,Temporal_Ring_TW_LT,Temporal Ring-LT,Accessories,Previously omitted; valid in active Renewal DB and supplied client itemInfo.lua
Added,490410,Into_The_Abyss,Intuiabis,Accessories,Previously omitted; valid in active Renewal DB and supplied client itemInfo.lua
Added,490411,Record_Merchant2_TH,Record of Merchant 2,Accessories,Previously omitted; valid in active Renewal DB and supplied client itemInfo.lua
Added,490413,Twin_Dragon_Ring_TH,Twin Head Dragon Ring,Accessories,Previously omitted; valid in active Renewal DB and supplied client itemInfo.lua
Added,490418,Record_Mage2_TH,Record of Mage 2,Accessories,Previously omitted; valid in active Renewal DB and supplied client itemInfo.lua
Added,490427,Ring_Of_Storm,Ring of Storm,Accessories,Previously omitted; valid in active Renewal DB and supplied client itemInfo.lua
Added,490429,Petal_Tail_W,Petal's Tail (Albino),Accessories,Previously omitted; valid in active Renewal DB and supplied client itemInfo.lua
Added,490430,Record_Archer2_TH,Record of Archer 2,Accessories,Previously omitted; valid in active Renewal DB and supplied client itemInfo.lua
Added,490436,Record_Acol2_TH,Record of Acolyte 2,Accessories,Previously omitted; valid in active Renewal DB and supplied client itemInfo.lua
Added,490452,2023Seppay_01,Ring of Despair-LT,Accessories,Previously omitted; valid in active Renewal DB and supplied client itemInfo.lua
Added,490466,Fallen_Seraphim_ring,Fallen Seraphim Ring,Accessories,Previously omitted; valid in active Renewal DB and supplied client itemInfo.lua
Added,490471,Ring_of_Artemis,Ring of Artemis,Accessories,Previously omitted; valid in active Renewal DB and supplied client itemInfo.lua
Added,490570,4Element_magic_ring,Elemental Ring,Accessories,Previously omitted; valid in active Renewal DB and supplied client itemInfo.lua
Added,500000,IDTest_weapon,IDTest weapon,Weapons,Previously omitted; valid in active Renewal DB and supplied client itemInfo.lua
Added,500001,Boost_Sword,Booster Sword,Weapons,Previously omitted; valid in active Renewal DB and supplied client itemInfo.lua
Added,500007,Ep172_1h_Sword,Hypocrisy Machine,Weapons,Previously omitted; valid in active Renewal DB and supplied client itemInfo.lua
Added,500008,Ep172_1h_Sword2,Invidia Bundle,Weapons,Previously omitted; valid in active Renewal DB and supplied client itemInfo.lua
Added,500015,PG_B_Sword,Pressure Genesis Booster Sword,Weapons,Previously omitted; valid in active Renewal DB and supplied client itemInfo.lua
Added,500016,HS_T_Sword,Hell Tornado Booster Sword,Weapons,Previously omitted; valid in active Renewal DB and supplied client itemInfo.lua
Added,500018,Fourth_1h_Sword,Relapse Blade,Weapons,Previously omitted; valid in active Renewal DB and supplied client itemInfo.lua
Added,500025,Adulter_F_G_Sword,Adulter Fides Guardian Sword,Weapons,Previously omitted; valid in active Renewal DB and supplied client itemInfo.lua
Added,500026,Adulter_F_Lapier,Adulter Fides Rapier,Weapons,Previously omitted; valid in active Renewal DB and supplied client itemInfo.lua
Added,500027,Vivatus_F_G_Sword,Vivatus Fides Guardian Sword,Weapons,Previously omitted; valid in active Renewal DB and supplied client itemInfo.lua
Added,500028,Vivatus_F_Lapier,Vivatus Fides Rapier,Weapons,Previously omitted; valid in active Renewal DB and supplied client itemInfo.lua
Added,500030,Excalibur_IL,Illusion Excalibur,Weapons,Previously omitted; valid in active Renewal DB and supplied client itemInfo.lua
Added,500032,1Para_Sword,Paradise Sword,Weapons,Previously omitted; valid in active Renewal DB and supplied client itemInfo.lua
Added,500033,2Para_Sword_CR,Paradise Crusader Sword,Weapons,Previously omitted; valid in active Renewal DB and supplied client itemInfo.lua
Added,500034,2Para_Sword_AM,Paradise Alchemist Sword,Weapons,Previously omitted; valid in active Renewal DB and supplied client itemInfo.lua
Added,500035,2Para_Sword_NV,Paradise Super Novice Sword,Weapons,Previously omitted; valid in active Renewal DB and supplied client itemInfo.lua
Added,500036,3Para_Sword_LG,Paradise Royal Guard Sword,Weapons,Previously omitted; valid in active Renewal DB and supplied client itemInfo.lua
Added,500037,3Para_Sword_GN,Paradise Genetic Sword,Weapons,Previously omitted; valid in active Renewal DB and supplied client itemInfo.lua
Added,500042,SP_B_Saber,Super Psychic Booster Saber,Weapons,Previously omitted; valid in active Renewal DB and supplied client itemInfo.lua
Added,500043,SI_B_Saber,Super Ignition Booster Saber,Weapons,Previously omitted; valid in active Renewal DB and supplied client itemInfo.lua
Added,500067,1LvSword,1Lv One-handed Swords,Weapons,Previously omitted; valid in active Renewal DB and supplied client itemInfo.lua
Added,500068,2LvSword,2Lv One-handed Swords,Weapons,Previously omitted; valid in active Renewal DB and supplied client itemInfo.lua
Added,500069,3LvSword,3Lv One-handed Swords,Weapons,Previously omitted; valid in active Renewal DB and supplied client itemInfo.lua
Added,500070,4LvSword,4Lv One-handed Swords,Weapons,Previously omitted; valid in active Renewal DB and supplied client itemInfo.lua
Added,500071,5LvSword,Level 5 One-Handed Sword,Weapons,Previously omitted; valid in active Renewal DB and supplied client itemInfo.lua
Added,510001,Boost_Dagger,Booster Dagger,Weapons,Previously omitted; valid in active Renewal DB and supplied client itemInfo.lua
Added,510002,Boost_Nindo,Booster Nindo,Weapons,Previously omitted; valid in active Renewal DB and supplied client itemInfo.lua
Added,510008,Ep172_1h_Dagger,Wrath Rack,Weapons,Previously omitted; valid in active Renewal DB and supplied client itemInfo.lua
Added,510009,Ep172_1h_Dagger2,Gula Teeth,Weapons,Previously omitted; valid in active Renewal DB and supplied client itemInfo.lua
Added,510017,CA_B_Dagger,Counter Assault Booster Dagger,Weapons,Previously omitted; valid in active Renewal DB and supplied client itemInfo.lua
Added,510018,MF_B_Dagger,Magic Fatal Booster Dagger,Weapons,Previously omitted; valid in active Renewal DB and supplied client itemInfo.lua
Added,510026,Fourth_1h_Dagger,Relapse Dagger,Weapons,Previously omitted; valid in active Renewal DB and supplied client itemInfo.lua
Added,510032,Adulter_F_Dagger,Adulter Fides Dagger,Weapons,Previously omitted; valid in active Renewal DB and supplied client itemInfo.lua
Added,510033,Vivatus_F_Dagger,Vivatus Fides Dagger,Weapons,Previously omitted; valid in active Renewal DB and supplied client itemInfo.lua
Added,510034,Ancient_Dagger_IL,Illusion Ancient Dagger,Weapons,Previously omitted; valid in active Renewal DB and supplied client itemInfo.lua
Added,510035,1Para_Dagger,Paradise Dagger,Weapons,Previously omitted; valid in active Renewal DB and supplied client itemInfo.lua
Added,510036,2Para_Dagger_RG,Paradise Rogue Dagger,Weapons,Previously omitted; valid in active Renewal DB and supplied client itemInfo.lua
Added,510037,2Para_Dagger_SL,Paradise Soul Linker Dagger,Weapons,Previously omitted; valid in active Renewal DB and supplied client itemInfo.lua
Added,510038,3Para_Dagger_SC,Paradise Shadow Chaser Dagger,Weapons,Previously omitted; valid in active Renewal DB and supplied client itemInfo.lua
Added,510039,3Para_Dagger_NV,Paradise Super Novice Dagger,Weapons,Previously omitted; valid in active Renewal DB and supplied client itemInfo.lua
Added,510053,Fourth_1h_Nindo,Fortified Dagger,Weapons,Previously omitted; valid in active Renewal DB and supplied client itemInfo.lua
Added,510054,Fourth_1h_Edge,Fortified Edge,Weapons,Previously omitted; valid in active Renewal DB and supplied client itemInfo.lua
Added,510055,Fourth_1h_Nindo2,Relapse Edge,Weapons,Previously omitted; valid in active Renewal DB and supplied client itemInfo.lua
Added,510069,SN_B_Dagger,Super Novice Booster Dagger,Weapons,Previously omitted; valid in active Renewal DB and supplied client itemInfo.lua
Added,510096,1LvKnife,1Lv Dagger,Weapons,Previously omitted; valid in active Renewal DB and supplied client itemInfo.lua
Added,510097,2LvKnife,2Lv Dagger,Weapons,Previously omitted; valid in active Renewal DB and supplied client itemInfo.lua
Added,510098,3LvKnife,3Lv Dagger,Weapons,Previously omitted; valid in active Renewal DB and supplied client itemInfo.lua
Added,510099,4LvKnife,4Lv Dagger,Weapons,Previously omitted; valid in active Renewal DB and supplied client itemInfo.lua
Added,510100,5LvKnife,Level 5 Dagger,Weapons,Previously omitted; valid in active Renewal DB and supplied client itemInfo.lua
Added,520000,Boost_Axe,Booster Axe,Weapons,Previously omitted; valid in active Renewal DB and supplied client itemInfo.lua
Added,520002,Ep172_1h_Axe,Pride Steel,Weapons,Previously omitted; valid in active Renewal DB and supplied client itemInfo.lua
Added,520003,Scythe_Of_Ice_Flame,Scythe of Ice Flame,Weapons,Previously omitted; valid in active Renewal DB and supplied client itemInfo.lua
Added,520008,Adulter_F_Axe,Adulter Fides Axe,Weapons,Previously omitted; valid in active Renewal DB and supplied client itemInfo.lua
Added,520009,Vivatus_F_Axe,Vivatus Fides Axe,Weapons,Previously omitted; valid in active Renewal DB and supplied client itemInfo.lua
Added,520010,1Para_Axe,Paradise Axe,Weapons,Previously omitted; valid in active Renewal DB and supplied client itemInfo.lua
Added,520011,2Para_Axe_BS,Paradise Blacksmith Axe,Weapons,Previously omitted; valid in active Renewal DB and supplied client itemInfo.lua
Added,520012,3Para_Axe_NC,Paradise Mechanic Axe,Weapons,Previously omitted; valid in active Renewal DB and supplied client itemInfo.lua
Added,520024,1LvAxe,1Lv One-handed Axe.,Weapons,Previously omitted; valid in active Renewal DB and supplied client itemInfo.lua
Added,520027,2LvAxe,2Lv One-handed Axe.,Weapons,Previously omitted; valid in active Renewal DB and supplied client itemInfo.lua
Added,520028,3LvAxe,3Lv One-handed Axe.,Weapons,Previously omitted; valid in active Renewal DB and supplied client itemInfo.lua
Added,520029,4LvAxe,4Lv One-handed Axe.,Weapons,Previously omitted; valid in active Renewal DB and supplied client itemInfo.lua
Added,520030,5LvAxe,Level 5 Axe,Weapons,Previously omitted; valid in active Renewal DB and supplied client itemInfo.lua
Added,530000,Boost_Spear,Booster Spear,Weapons,Previously omitted; valid in active Renewal DB and supplied client itemInfo.lua
Added,530002,Ep172_1h_Spear,Gluttony Stick,Weapons,Previously omitted; valid in active Renewal DB and supplied client itemInfo.lua
Added,530005,BC_B_Spear,Vanishing Cannon Booster Spear,Weapons,Previously omitted; valid in active Renewal DB and supplied client itemInfo.lua
Added,530009,Fourth_1h_Spear,Fortified Spear,Weapons,Previously omitted; valid in active Renewal DB and supplied client itemInfo.lua
Added,530013,Adulter_F_G_Spear,Adulter Fides Guardian Spear,Weapons,Previously omitted; valid in active Renewal DB and supplied client itemInfo.lua
Added,530014,Vivatus_F_G_Spear,Vivatus Fides Guardian Spear,Weapons,Previously omitted; valid in active Renewal DB and supplied client itemInfo.lua
Added,530015,Gelerdria_IL,Illusion Gelerdria,Weapons,Previously omitted; valid in active Renewal DB and supplied client itemInfo.lua
Added,530017,2Para_Spear_CR,Paradise Crusader Spear,Weapons,Previously omitted; valid in active Renewal DB and supplied client itemInfo.lua
Added,530018,3Para_Spear_LG,Paradise Royal Guard Spear,Weapons,Previously omitted; valid in active Renewal DB and supplied client itemInfo.lua
Added,530040,1LvJavelin,1Lv One-handed Spear,Weapons,Previously omitted; valid in active Renewal DB and supplied client itemInfo.lua
Added,530041,2LvJavelin,2Lv One-handed Spear,Weapons,Previously omitted; valid in active Renewal DB and supplied client itemInfo.lua
Added,530042,3LvJavelin,3Lv One-handed Spear,Weapons,Previously omitted; valid in active Renewal DB and supplied client itemInfo.lua
Added,530043,4LvJavelin,4Lv One-handed Spear,Weapons,Previously omitted; valid in active Renewal DB and supplied client itemInfo.lua
Added,530044,5LvJavelin,Level 5 One-Handed Spear,Weapons,Previously omitted; valid in active Renewal DB and supplied client itemInfo.lua
Added,540000,Boost_Spl_Book,Booster Spellbook,Weapons,Previously omitted; valid in active Renewal DB and supplied client itemInfo.lua
Added,540001,Boost_Text,Booster Book,Weapons,Previously omitted; valid in active Renewal DB and supplied client itemInfo.lua
Added,540004,Ep172_1h_Book,Sloth Text,Weapons,Previously omitted; valid in active Renewal DB and supplied client itemInfo.lua
Added,540005,Ep172_1h_Book2,Sloth Bible,Weapons,Previously omitted; valid in active Renewal DB and supplied client itemInfo.lua
Added,540009,SB_B_Book,Spell Bolt Booster Book,Weapons,Previously omitted; valid in active Renewal DB and supplied client itemInfo.lua
Added,540013,Fourth_1h_Book,Fortified Book,Weapons,Previously omitted; valid in active Renewal DB and supplied client itemInfo.lua
Added,540019,Adulter_F_M_Book,Adulter Fides Magic Book,Weapons,Previously omitted; valid in active Renewal DB and supplied client itemInfo.lua
Added,540020,Adulter_F_P_Book,Adulter Fides Poison Book,Weapons,Previously omitted; valid in active Renewal DB and supplied client itemInfo.lua
Added,540021,Adulter_F_Bible,Adulter Fides Bible,Weapons,Previously omitted; valid in active Renewal DB and supplied client itemInfo.lua
Added,540022,Adulter_F_Moon_B,Adulter Fides Moon Book,Weapons,Previously omitted; valid in active Renewal DB and supplied client itemInfo.lua
Added,540023,Adulter_F_Star_B,Adulter Fides Stardust Book,Weapons,Previously omitted; valid in active Renewal DB and supplied client itemInfo.lua
Added,540024,Vivatus_F_M_Book,Vivatus Fides Magic Book,Weapons,Previously omitted; valid in active Renewal DB and supplied client itemInfo.lua
Added,540025,Vivatus_F_P_Book,Vivatus Fides Poison Book,Weapons,Previously omitted; valid in active Renewal DB and supplied client itemInfo.lua
Added,540026,Vivatus_F_Bible,Vivatus Fides Bible,Weapons,Previously omitted; valid in active Renewal DB and supplied client itemInfo.lua
Added,540027,2Para_Book1_SA,Paradise Sage Magic Book,Weapons,Previously omitted; valid in active Renewal DB and supplied client itemInfo.lua
Added,540028,2Para_Book2_SA,Paradise Sage Spellbook,Weapons,Previously omitted; valid in active Renewal DB and supplied client itemInfo.lua
Added,540029,2Para_Book1_SG,Paradise Taekwon Martial Arts Book,Weapons,Previously omitted; valid in active Renewal DB and supplied client itemInfo.lua
Added,540030,2Para_Book2_SG,Paradise Taekwon Power Book,Weapons,Previously omitted; valid in active Renewal DB and supplied client itemInfo.lua
Added,540031,3Para_Book1_SO,Paradise Sorcerer Magic Book,Weapons,Previously omitted; valid in active Renewal DB and supplied client itemInfo.lua
Added,540032,3Para_Book2_SO,Paradise Sorcerer Spell Book,Weapons,Previously omitted; valid in active Renewal DB and supplied client itemInfo.lua
Added,540033,3Para_Book1_SJ,Paradise Star Emperor Book of the Sun,Weapons,Previously omitted; valid in active Renewal DB and supplied client itemInfo.lua
Added,540034,3Para_Book2_SJ,Paradise Star Emperor Book of the Moon,Weapons,Previously omitted; valid in active Renewal DB and supplied client itemInfo.lua
Added,540039,ML_B_Book,Moon Starlight Booster Book,Weapons,Previously omitted; valid in active Renewal DB and supplied client itemInfo.lua
Added,540040,SS_B_Book,Sunshine Booster Book,Weapons,Previously omitted; valid in active Renewal DB and supplied client itemInfo.lua
Added,540043,Fourth_1h_Manual,Relapse Book,Weapons,Previously omitted; valid in active Renewal DB and supplied client itemInfo.lua
Added,540045,Vivatus_F_Star_B,Vivatus Fides Stardust Book,Weapons,Previously omitted; valid in active Renewal DB and supplied client itemInfo.lua
Added,540046,Vivatus_F_Moon_B,Vivatus Fides Moon Book,Weapons,Previously omitted; valid in active Renewal DB and supplied client itemInfo.lua
Added,540068,1LvBook,1Lv Book,Weapons,Previously omitted; valid in active Renewal DB and supplied client itemInfo.lua
Added,540069,2LvBook,2Lv Book,Weapons,Previously omitted; valid in active Renewal DB and supplied client itemInfo.lua
Added,540071,3LvBook,3Lv Book,Weapons,Previously omitted; valid in active Renewal DB and supplied client itemInfo.lua
Added,540072,4LvBook,4Lv Book,Weapons,Previously omitted; valid in active Renewal DB and supplied client itemInfo.lua
Added,540073,5LvBook,Level 5 Book,Weapons,Previously omitted; valid in active Renewal DB and supplied client itemInfo.lua
Added,550001,Boost_Soul_Rod,Booster Rod,Weapons,Previously omitted; valid in active Renewal DB and supplied client itemInfo.lua
Added,550002,Boost_Foxtail,Booster Foxtail,Weapons,Previously omitted; valid in active Renewal DB and supplied client itemInfo.lua
Added,550008,Ep172_1h_Wand,Greed Wand,Weapons,Previously omitted; valid in active Renewal DB and supplied client itemInfo.lua
Added,550009,Ep172_1h_Foxtail,Addiction Wand,Weapons,Previously omitted; valid in active Renewal DB and supplied client itemInfo.lua
Added,550010,ES_B_Stick,Elemental Spell Booster Stick,Weapons,Previously omitted; valid in active Renewal DB and supplied client itemInfo.lua
Added,550011,AN_B_Wand,Adonus Booster Wand,Weapons,Previously omitted; valid in active Renewal DB and supplied client itemInfo.lua
Added,550021,Deus_Ex_Machina_JP,Deus Ex Machina,Weapons,Previously omitted; valid in active Renewal DB and supplied client itemInfo.lua
Added,550024,Adulter_F_Wand,Adulter Fides Wand,Weapons,Previously omitted; valid in active Renewal DB and supplied client itemInfo.lua
Added,550025,Adulter_F_S_Stick,Adulter Fides Soul Stick,Weapons,Previously omitted; valid in active Renewal DB and supplied client itemInfo.lua
Added,550026,Adulter_F_D_Wand,Adulter Fides Dark Wand,Weapons,Previously omitted; valid in active Renewal DB and supplied client itemInfo.lua
Added,550027,Adulter_F_F_Wand,Adulter Fides Foxtail Wand,Weapons,Previously omitted; valid in active Renewal DB and supplied client itemInfo.lua
Added,550028,Adulter_F_F_model,Adulter Fides Foxtail Model,Weapons,Previously omitted; valid in active Renewal DB and supplied client itemInfo.lua
Added,550029,Vivatus_F_Wand,Vivatus Fides Wand,Weapons,Previously omitted; valid in active Renewal DB and supplied client itemInfo.lua
Added,550030,Thorn_Staff_IL,Illusion Thorn Staff of Darkness,Weapons,Previously omitted; valid in active Renewal DB and supplied client itemInfo.lua
Added,550031,Dea_Staff_IL,Illusion Dea Staff,Weapons,Previously omitted; valid in active Renewal DB and supplied client itemInfo.lua
Added,550032,1Para_Rod,Paradise Staff,Weapons,Previously omitted; valid in active Renewal DB and supplied client itemInfo.lua
Added,550033,1Para_Foxtail,Paradise Foxtail,Weapons,Previously omitted; valid in active Renewal DB and supplied client itemInfo.lua
Added,550034,2Para_Staff_WZ,Paradise Wizard Staff,Weapons,Previously omitted; valid in active Renewal DB and supplied client itemInfo.lua
Added,550035,2Para_Wand_WZ,Paradise Wizard Wand,Weapons,Previously omitted; valid in active Renewal DB and supplied client itemInfo.lua
Added,550036,2Para_Rod_PR,Paradise Priest Staff,Weapons,Previously omitted; valid in active Renewal DB and supplied client itemInfo.lua
Added,550037,2Para_Rod_SL,Paradise Soul Linker Staff,Weapons,Previously omitted; valid in active Renewal DB and supplied client itemInfo.lua
Added,550038,2Para_Foxtail1_SU,Paradise Doram Foxtail,Weapons,Previously omitted; valid in active Renewal DB and supplied client itemInfo.lua
Added,550039,2Para_Foxtail2_SU,Paradise Doram Foxtail Model,Weapons,Previously omitted; valid in active Renewal DB and supplied client itemInfo.lua
Added,550040,2Para_Rod_NV,Paradise Super Novice Staff,Weapons,Previously omitted; valid in active Renewal DB and supplied client itemInfo.lua
Added,550041,3Para_Rod_AB,Paradise Arch Bishop Staff,Weapons,Previously omitted; valid in active Renewal DB and supplied client itemInfo.lua
Added,550042,3Para_Foxtail1_SU,Paradise Summoner Foxtail,Weapons,Previously omitted; valid in active Renewal DB and supplied client itemInfo.lua
Added,550043,3Para_Foxtail2_SU,Paradise Summoner Foxtail Model,Weapons,Previously omitted; valid in active Renewal DB and supplied client itemInfo.lua
Added,550044,3Para_Wand_NV,Paradise Super Novice Wand,Weapons,Previously omitted; valid in active Renewal DB and supplied client itemInfo.lua
Added,550050,SP_B_Fox,Lunatic Picky Booster Foxtail,Weapons,Previously omitted; valid in active Renewal DB and supplied client itemInfo.lua
Added,550051,GB_B_Fox,Catnip Booster Foxtail Model,Weapons,Previously omitted; valid in active Renewal DB and supplied client itemInfo.lua
Added,550052,ES_B_Staff,Es Booster Staff,Weapons,Previously omitted; valid in active Renewal DB and supplied client itemInfo.lua
Added,550053,EC_B_Staff,Evil Curse Booster Staff,Weapons,Previously omitted; valid in active Renewal DB and supplied client itemInfo.lua
Added,550057,Fourth_1h_Rod,Fortified Rod,Weapons,Previously omitted; valid in active Renewal DB and supplied client itemInfo.lua
Added,550058,Fourth_1h_Plant,Relapse Plant,Weapons,Previously omitted; valid in active Renewal DB and supplied client itemInfo.lua
Added,550059,Fourth_1h_Wand,Fortified Wand,Weapons,Previously omitted; valid in active Renewal DB and supplied client itemInfo.lua
Added,550063,Vivatus_F_D_Wand,Vivatus Fides Dark Wand,Weapons,Previously omitted; valid in active Renewal DB and supplied client itemInfo.lua
Added,550064,Vivatus_F_S_Stick,Vivatus Fides Soul Stick,Weapons,Previously omitted; valid in active Renewal DB and supplied client itemInfo.lua
Added,550065,Vivatus_F_F_Wand,Vivatus Fides Foxtail Wand,Weapons,Previously omitted; valid in active Renewal DB and supplied client itemInfo.lua
Added,550066,Vivatus_F_F_model,Vivatus Fides Foxtail Model,Weapons,Previously omitted; valid in active Renewal DB and supplied client itemInfo.lua
Added,550079,SN_B_Wand,Super Novice Booster Wand,Weapons,Previously omitted; valid in active Renewal DB and supplied client itemInfo.lua
Added,550108,1LvRod,1Lv One-handed Staff,Weapons,Previously omitted; valid in active Renewal DB and supplied client itemInfo.lua
Added,550110,2LvRod,2Lv One-handed Staff,Weapons,Previously omitted; valid in active Renewal DB and supplied client itemInfo.lua
Added,550111,3LvRod,3Lv One-handed Staff,Weapons,Previously omitted; valid in active Renewal DB and supplied client itemInfo.lua
Added,550112,4LvRod,4Lv One-handed Staff,Weapons,Previously omitted; valid in active Renewal DB and supplied client itemInfo.lua
Added,550113,5LvRod,Level 5 Staff,Weapons,Previously omitted; valid in active Renewal DB and supplied client itemInfo.lua
Added,560000,Boost_Knuckle,Booster Knuckles,Weapons,Previously omitted; valid in active Renewal DB and supplied client itemInfo.lua
Added,560004,Ep172_Bh_Knuck,Ira Fist,Weapons,Previously omitted; valid in active Renewal DB and supplied client itemInfo.lua
Added,560006,PS_B_Knuckle,Rampage Arrow Booster Knuckle,Weapons,Previously omitted; valid in active Renewal DB and supplied client itemInfo.lua
Added,560007,CP_B_Knuckle,Sky Cannon Booster Knuckle,Weapons,Previously omitted; valid in active Renewal DB and supplied client itemInfo.lua
Added,560011,Fourth_1h_Knuckle,Scrap Fist,Weapons,Previously omitted; valid in active Renewal DB and supplied client itemInfo.lua
Added,560018,Adulter_F_Knuckle,Adulter Fides Knuckle,Weapons,Previously omitted; valid in active Renewal DB and supplied client itemInfo.lua
Added,560019,Adulter_F_Claw,Adulter Fides Claw,Weapons,Previously omitted; valid in active Renewal DB and supplied client itemInfo.lua
Added,560020,Vivatus_F_Knuckle,Vivatus Fides Knuckle,Weapons,Previously omitted; valid in active Renewal DB and supplied client itemInfo.lua
Added,560021,Vivatus_F_Claw,Vivatus Fides Claw,Weapons,Previously omitted; valid in active Renewal DB and supplied client itemInfo.lua
Added,560022,2Para_Knuckle_MO,Paradise Monk Knuckles,Weapons,Previously omitted; valid in active Renewal DB and supplied client itemInfo.lua
Added,560023,2Para_Claw_MO,Paradise Monk Claws,Weapons,Previously omitted; valid in active Renewal DB and supplied client itemInfo.lua
Added,560024,3Para_Knuckle_SR,Paradise Sura Knuckle,Weapons,Previously omitted; valid in active Renewal DB and supplied client itemInfo.lua
Added,560025,3Para_Claw_SR,Paradise Sura Claw,Weapons,Previously omitted; valid in active Renewal DB and supplied client itemInfo.lua
Added,560043,1LvWaghnakh,1Lv Knuckle,Weapons,Previously omitted; valid in active Renewal DB and supplied client itemInfo.lua
Added,560044,2LvWaghnakh,2Lv Knuckle,Weapons,Previously omitted; valid in active Renewal DB and supplied client itemInfo.lua
Added,560045,3LvWaghnakh,3Lv Knuckle,Weapons,Previously omitted; valid in active Renewal DB and supplied client itemInfo.lua
Added,560046,4LvWaghnakh,4Lv Knuckle,Weapons,Previously omitted; valid in active Renewal DB and supplied client itemInfo.lua
Added,560047,5LvWaghnakh,Level 5 Knuckle,Weapons,Previously omitted; valid in active Renewal DB and supplied client itemInfo.lua
Added,570000,Boost_Guitar,Booster Guitar,Weapons,Previously omitted; valid in active Renewal DB and supplied client itemInfo.lua
Added,570005,Ep172_1h_Inst,Pigritia Wave,Weapons,Previously omitted; valid in active Renewal DB and supplied client itemInfo.lua
Added,570008,Electronic_Guitar_IL,Illusion Electric Guitar,Weapons,Previously omitted; valid in active Renewal DB and supplied client itemInfo.lua
Added,570010,MV_B_Violin,Metallic Vibration Booster Violin,Weapons,Previously omitted; valid in active Renewal DB and supplied client itemInfo.lua
Added,570012,Fourth_Bh_Lute,Scrap Lute,Weapons,Previously omitted; valid in active Renewal DB and supplied client itemInfo.lua
Added,570017,Adulter_F_Violin,Adulter Fides Violin,Weapons,Previously omitted; valid in active Renewal DB and supplied client itemInfo.lua
Added,570018,Adulter_F_Harp,Adulter Fides Harp,Weapons,Previously omitted; valid in active Renewal DB and supplied client itemInfo.lua
Added,570019,Vivatus_F_Violin,Vivatus Fides Violin,Weapons,Previously omitted; valid in active Renewal DB and supplied client itemInfo.lua
Added,570020,Vivatus_F_Harp,Vivatus Fides Harp,Weapons,Previously omitted; valid in active Renewal DB and supplied client itemInfo.lua
Added,570021,2Para_Violin_BA,Paradise Bard Violin,Weapons,Previously omitted; valid in active Renewal DB and supplied client itemInfo.lua
Added,570022,3Para_Violin_MI,Paradise Minstrel Violin,Weapons,Previously omitted; valid in active Renewal DB and supplied client itemInfo.lua
Added,570023,3Para_Harp_MI,Paradise Minstrel Harp,Weapons,Previously omitted; valid in active Renewal DB and supplied client itemInfo.lua
Added,570024,RS_B_Violin,Rainstorm Booster Violin,Weapons,Previously omitted; valid in active Renewal DB and supplied client itemInfo.lua
Added,570040,1LvViolin,1Lv Instrument,Weapons,Previously omitted; valid in active Renewal DB and supplied client itemInfo.lua
Added,570041,2LvViolin,2Lv Instrument,Weapons,Previously omitted; valid in active Renewal DB and supplied client itemInfo.lua
Added,570042,3LvViolin,3Lv Instrument,Weapons,Previously omitted; valid in active Renewal DB and supplied client itemInfo.lua
Added,570043,4LvViolin,4Lv Instrument,Weapons,Previously omitted; valid in active Renewal DB and supplied client itemInfo.lua
Added,570044,5LvViolin,Level 5 Instrument,Weapons,Previously omitted; valid in active Renewal DB and supplied client itemInfo.lua
Added,580000,Boost_Whip,Booster Whip,Weapons,Previously omitted; valid in active Renewal DB and supplied client itemInfo.lua
Added,580005,Ep172_1h_Whip,Pigritia Spark,Weapons,Previously omitted; valid in active Renewal DB and supplied client itemInfo.lua
Added,580008,Electric_Eel_IL,Illusion Electric Eel,Weapons,Previously omitted; valid in active Renewal DB and supplied client itemInfo.lua
Added,580010,MV_B_Whip,Metallic Vibration Booster Whip,Weapons,Previously omitted; valid in active Renewal DB and supplied client itemInfo.lua
Added,580012,Fourth_1h_Whip,Scrap Whip,Weapons,Previously omitted; valid in active Renewal DB and supplied client itemInfo.lua
Added,580017,Adulter_F_C_Rope,Adulter Fides Chain Rope,Weapons,Previously omitted; valid in active Renewal DB and supplied client itemInfo.lua
Added,580018,Adulter_F_Ribbon,Adulter Fides Ribbon,Weapons,Previously omitted; valid in active Renewal DB and supplied client itemInfo.lua
Added,580019,Vivatus_F_C_Rope,Vivatus Fides Chain Rope,Weapons,Previously omitted; valid in active Renewal DB and supplied client itemInfo.lua
Added,580020,Vivatus_F_Ribbon,Vivatus Fides Ribbon,Weapons,Previously omitted; valid in active Renewal DB and supplied client itemInfo.lua
Added,580021,2Para_Rope_DC,Paradise Dancer Rope,Weapons,Previously omitted; valid in active Renewal DB and supplied client itemInfo.lua
Added,580022,3Para_Whip_WA,Paradise Wanderer Whip,Weapons,Previously omitted; valid in active Renewal DB and supplied client itemInfo.lua
Added,580023,3Para_Rope_WA,Paradise Wanderer Rope,Weapons,Previously omitted; valid in active Renewal DB and supplied client itemInfo.lua
Added,580024,RS_B_Whip,Rainstorm Booster Whip,Weapons,Previously omitted; valid in active Renewal DB and supplied client itemInfo.lua
Added,580041,1LvRope,1Lv Whip,Weapons,Previously omitted; valid in active Renewal DB and supplied client itemInfo.lua
Added,580042,2LvRope,2Lv Whip,Weapons,Previously omitted; valid in active Renewal DB and supplied client itemInfo.lua
Added,580043,3LvRope,3Lv Whip,Weapons,Previously omitted; valid in active Renewal DB and supplied client itemInfo.lua
Added,580044,4LvRope,4Lv Whip,Weapons,Previously omitted; valid in active Renewal DB and supplied client itemInfo.lua
Added,580045,5LvRope,Level 5 Whip,Weapons,Previously omitted; valid in active Renewal DB and supplied client itemInfo.lua
Added,590000,Boost_Hall,Booster Mace,Weapons,Previously omitted; valid in active Renewal DB and supplied client itemInfo.lua
Added,590006,Ep172_1h_Hammer,Envy Blunt,Weapons,Previously omitted; valid in active Renewal DB and supplied client itemInfo.lua
Added,590008,AK_B_Mace,Arm Knuckle Booster Mace,Weapons,Previously omitted; valid in active Renewal DB and supplied client itemInfo.lua
Added,590009,AC_B_Club,Acid Cannon Booster Club,Weapons,Previously omitted; valid in active Renewal DB and supplied client itemInfo.lua
Added,590010,DD_B_Mace,Dupledex Booster Mace,Weapons,Previously omitted; valid in active Renewal DB and supplied client itemInfo.lua
Added,590015,Fourth_1h_Mace,Relapse Cross,Weapons,Previously omitted; valid in active Renewal DB and supplied client itemInfo.lua
Added,590021,Adulter_F_Mace,Adulter Fides Mace,Weapons,Previously omitted; valid in active Renewal DB and supplied client itemInfo.lua
Added,590022,Adulter_F_Hall,Adulter Fides Hall,Weapons,Previously omitted; valid in active Renewal DB and supplied client itemInfo.lua
Added,590023,Vivatus_F_Mace,Vivatus Fides Mace,Weapons,Previously omitted; valid in active Renewal DB and supplied client itemInfo.lua
Added,590024,Vivatus_F_Hall,Vivatus Fides Scepter,Weapons,Previously omitted; valid in active Renewal DB and supplied client itemInfo.lua
Added,590025,1Para_Mace,Paradise Mace,Weapons,Previously omitted; valid in active Renewal DB and supplied client itemInfo.lua
Added,590026,2Para_Mace_AM,Paradise Alchemist Mace,Weapons,Previously omitted; valid in active Renewal DB and supplied client itemInfo.lua
Added,590027,2Para_Mace_PR,Paradise Priest Mace,Weapons,Previously omitted; valid in active Renewal DB and supplied client itemInfo.lua
Added,590028,3Para_Mace_GN,Paradise Genetic Mace,Weapons,Previously omitted; valid in active Renewal DB and supplied client itemInfo.lua
Added,590029,3Para_Mace_AB,Paradise Arch Bishop Mace,Weapons,Previously omitted; valid in active Renewal DB and supplied client itemInfo.lua
Added,590056,1LvClub,1Lv One-handed Macee,Weapons,Previously omitted; valid in active Renewal DB and supplied client itemInfo.lua
Added,590057,2LvClub,2Lv One-handed Macee,Weapons,Previously omitted; valid in active Renewal DB and supplied client itemInfo.lua
Added,590058,3LvClub,3Lv One-handed Macee,Weapons,Previously omitted; valid in active Renewal DB and supplied client itemInfo.lua
Added,590059,4LvClub,4Lv One-handed Macee,Weapons,Previously omitted; valid in active Renewal DB and supplied client itemInfo.lua
Added,590060,5LvClub,Blunt weapon level 5,Weapons,Previously omitted; valid in active Renewal DB and supplied client itemInfo.lua
Added,600000,IDTest_bothhand,IDTest bothhand,Weapons,Previously omitted; valid in active Renewal DB and supplied client itemInfo.lua
Added,600001,Boost_TH_Sword,Booster Two-handed Sword,Weapons,Previously omitted; valid in active Renewal DB and supplied client itemInfo.lua
Added,600008,Ep172_Bh_Sword,Hypocrisy Edge,Weapons,Previously omitted; valid in active Renewal DB and supplied client itemInfo.lua
Added,600011,Death_Guidance_IL,Illusion Death Guidance,Weapons,Previously omitted; valid in active Renewal DB and supplied client itemInfo.lua
Added,600012,IW_B_T_Sword,Ignition Wave Booster Two-handed Sword,Weapons,Previously omitted; valid in active Renewal DB and supplied client itemInfo.lua
Added,600013,Fourth_Bh_Sword,Fortified Claymore,Weapons,Previously omitted; valid in active Renewal DB and supplied client itemInfo.lua
Added,600017,Adulter_F_T_Sword,Adulter Fides Two-Handed Sword,Weapons,Previously omitted; valid in active Renewal DB and supplied client itemInfo.lua
Added,600018,Vivatus_F_T_Sword,Vivatus Fides Two-handed Sword,Weapons,Previously omitted; valid in active Renewal DB and supplied client itemInfo.lua
Added,600020,2Para_T_Sword_KN,Paradise Knight Two-Handed Sword,Weapons,Previously omitted; valid in active Renewal DB and supplied client itemInfo.lua
Added,600021,3Para_T_Sword_RK,Paradise Rune Knight Two-Handed Sword,Weapons,Previously omitted; valid in active Renewal DB and supplied client itemInfo.lua
Added,600035,1LvKanata,1Lv Two-handed Swords,Weapons,Previously omitted; valid in active Renewal DB and supplied client itemInfo.lua
Added,600036,2LvKanata,2Lv Two-handed Swords,Weapons,Previously omitted; valid in active Renewal DB and supplied client itemInfo.lua
Added,600037,3LvKanata,3Lv Two-handed Swords,Weapons,Previously omitted; valid in active Renewal DB and supplied client itemInfo.lua
Added,600038,4LvKanata,4Lv Two-handed Swords,Weapons,Previously omitted; valid in active Renewal DB and supplied client itemInfo.lua
Added,600039,5LvKanata,Level 5 Two-Handed Sword,Weapons,Previously omitted; valid in active Renewal DB and supplied client itemInfo.lua
Added,610000,Boost_Katar,Booster Katar,Weapons,Previously omitted; valid in active Renewal DB and supplied client itemInfo.lua
Added,610006,Ep172_Bh_Katar,Avaritia Metal,Weapons,Previously omitted; valid in active Renewal DB and supplied client itemInfo.lua
Added,610012,KatarOfCold_Icicle_IL,Illusion Katar of Frozen Icicle,Weapons,Previously omitted; valid in active Renewal DB and supplied client itemInfo.lua
Added,610013,RC_B_Katar,Rolling Cross Booster Katar,Weapons,Previously omitted; valid in active Renewal DB and supplied client itemInfo.lua
Added,610015,Fourth_Bh_Katar,Relapse Katar,Weapons,Previously omitted; valid in active Renewal DB and supplied client itemInfo.lua
Added,610020,Adulter_F_Cakram,Adulter Fides Chakram,Weapons,Previously omitted; valid in active Renewal DB and supplied client itemInfo.lua
Added,610021,Adulter_F_Katar,Adulter Fides Katar,Weapons,Previously omitted; valid in active Renewal DB and supplied client itemInfo.lua
Added,610022,Vivatus_F_Cakram,Vivatus Fides Chakram,Weapons,Previously omitted; valid in active Renewal DB and supplied client itemInfo.lua
Added,610023,Vivatus_F_Katar,Vivatus Fides Katar,Weapons,Previously omitted; valid in active Renewal DB and supplied client itemInfo.lua
Added,610024,2Para_Katar1_AS,Paradise Assassin Chakram,Weapons,Previously omitted; valid in active Renewal DB and supplied client itemInfo.lua
Added,610025,2Para_Katar2_AS,Paradise Assassin Katar,Weapons,Previously omitted; valid in active Renewal DB and supplied client itemInfo.lua
Added,610026,3Para_Katar1_GC,Paradise Guillotine Cross Chakram,Weapons,Previously omitted; valid in active Renewal DB and supplied client itemInfo.lua
Added,610027,3Para_Katar2_GC,Paradise Guillotine Cross Katar,Weapons,Previously omitted; valid in active Renewal DB and supplied client itemInfo.lua
Added,610028,CA_B_Katar,Counter Assault Booster Katar,Weapons,Previously omitted; valid in active Renewal DB and supplied client itemInfo.lua
Added,610047,1LvJur,1Lv Katar,Weapons,Previously omitted; valid in active Renewal DB and supplied client itemInfo.lua
Added,610049,2LvJur,2Lv Katar,Weapons,Previously omitted; valid in active Renewal DB and supplied client itemInfo.lua
Added,610050,3LvJur,3Lv Katar,Weapons,Previously omitted; valid in active Renewal DB and supplied client itemInfo.lua
Added,610051,4LvJur,4Lv Katar,Weapons,Previously omitted; valid in active Renewal DB and supplied client itemInfo.lua
Added,610052,5LvJur,Level 5 Katar,Weapons,Previously omitted; valid in active Renewal DB and supplied client itemInfo.lua
Added,620003,PT_B_Axe,Power Swing Booster Axe,Weapons,Previously omitted; valid in active Renewal DB and supplied client itemInfo.lua
Added,620005,Fourth_Bh_Axe,Relapse Axe,Weapons,Previously omitted; valid in active Renewal DB and supplied client itemInfo.lua
Added,620010,Doom_Slayer_IL,Illusion Doom Slayer,Weapons,Previously omitted; valid in active Renewal DB and supplied client itemInfo.lua
Added,620011,2Para_T_Axe_BS,Paradise Blacksmith Two-Handed Axe,Weapons,Previously omitted; valid in active Renewal DB and supplied client itemInfo.lua
Added,620012,3Para_T_Axe_NC,Paradise Mechanic Two-Handed Axe,Weapons,Previously omitted; valid in active Renewal DB and supplied client itemInfo.lua
Added,620023,1LvBattle_Axe,1Lv Two-handed Axe,Weapons,Previously omitted; valid in active Renewal DB and supplied client itemInfo.lua
Added,620024,2LvBattle_Axe,2Lv Two-handed Axe,Weapons,Previously omitted; valid in active Renewal DB and supplied client itemInfo.lua
Added,620025,3LvBattle_Axe,3Lv Two-handed Axe,Weapons,Previously omitted; valid in active Renewal DB and supplied client itemInfo.lua
Added,620026,4LvBattle_Axe,4Lv Two-handed Axe,Weapons,Previously omitted; valid in active Renewal DB and supplied client itemInfo.lua
Added,630003,Ep172_Bh_Spear,Luxuria Pierce,Weapons,Previously omitted; valid in active Renewal DB and supplied client itemInfo.lua
Added,630006,Brionac_IL,Illusion Brionac,Weapons,Previously omitted; valid in active Renewal DB and supplied client itemInfo.lua
Added,630007,Zephyrus_IL,Illusion Zephyrus,Weapons,Previously omitted; valid in active Renewal DB and supplied client itemInfo.lua
Added,630008,HB_B_T_Spear,Hundred Breath Booster Spear,Weapons,Previously omitted; valid in active Renewal DB and supplied client itemInfo.lua
Added,630012,Adulter_F_Lance,Adulter Fides Lance,Weapons,Previously omitted; valid in active Renewal DB and supplied client itemInfo.lua
Added,630013,Vivatus_F_Lance,Vivatus Fides Lance,Weapons,Previously omitted; valid in active Renewal DB and supplied client itemInfo.lua
Added,630014,2Para_Lance_KN,Paradise Knight Lance,Weapons,Previously omitted; valid in active Renewal DB and supplied client itemInfo.lua
Added,630015,3Para_Lance_RK,Paradise Rune Knight Lance,Weapons,Previously omitted; valid in active Renewal DB and supplied client itemInfo.lua
Added,630021,1LvGuisarme,1Lv Two-handed Spear,Weapons,Previously omitted; valid in active Renewal DB and supplied client itemInfo.lua
Added,630022,2LvGuisarme,2Lv Two-handed Spear,Weapons,Previously omitted; valid in active Renewal DB and supplied client itemInfo.lua
Added,630023,3LvGuisarme,3Lv Two-handed Spear,Weapons,Previously omitted; valid in active Renewal DB and supplied client itemInfo.lua
Added,630024,4LvGuisarme,4Lv Two-handed Spear,Weapons,Previously omitted; valid in active Renewal DB and supplied client itemInfo.lua
Added,630025,5LvGuisarme,Level 5 Two-Handed Spear,Weapons,Previously omitted; valid in active Renewal DB and supplied client itemInfo.lua
Added,640000,Boost_Staff,Booster Staff,Weapons,Previously omitted; valid in active Renewal DB and supplied client itemInfo.lua
Added,640005,Ep172_Bh_Staff,Pride Stone,Weapons,Previously omitted; valid in active Renewal DB and supplied client itemInfo.lua
Added,640009,CS_B_Staff,Crimson Strain Booster Staff,Weapons,Previously omitted; valid in active Renewal DB and supplied client itemInfo.lua
Added,640010,CJ_B_Staff,Chain Jack Booster Staff,Weapons,Previously omitted; valid in active Renewal DB and supplied client itemInfo.lua
Added,640013,Fourth_Bh_Staff,Fortified Staff,Weapons,Previously omitted; valid in active Renewal DB and supplied client itemInfo.lua
Added,640019,Adulter_F_T_Staff,Adulter Fides Two-Handed Staff,Weapons,Previously omitted; valid in active Renewal DB and supplied client itemInfo.lua
Added,640020,Adulter_F_Rod,Adulter Fides Rod,Weapons,Previously omitted; valid in active Renewal DB and supplied client itemInfo.lua
Added,640021,Vivatus_F_T_Staff,Vivatus Fides Two-handed Staff,Weapons,Previously omitted; valid in active Renewal DB and supplied client itemInfo.lua
Added,640022,Vivatus_F_Rod,Vivatus Fides Rod,Weapons,Previously omitted; valid in active Renewal DB and supplied client itemInfo.lua
Added,640023,3Para_Staff_WL,Paradise Warlock Staff,Weapons,Previously omitted; valid in active Renewal DB and supplied client itemInfo.lua
Added,640024,3Para_Wand_WL,Paradise Warlock Wand,Weapons,Previously omitted; valid in active Renewal DB and supplied client itemInfo.lua
Added,640025,3Para_Staff_SP,Paradise Soul Reaper Staff,Weapons,Previously omitted; valid in active Renewal DB and supplied client itemInfo.lua
Added,640026,3Para_Rod_SP,Paradise Soul Reaper Soulstick,Weapons,Previously omitted; valid in active Renewal DB and supplied client itemInfo.lua
Added,640041,1LvStaff,1Lv Two-handed Staff,Weapons,Previously omitted; valid in active Renewal DB and supplied client itemInfo.lua
Added,640042,2LvStaff,2Lv Two-handed Staff,Weapons,Previously omitted; valid in active Renewal DB and supplied client itemInfo.lua
Added,640043,3LvStaff,3Lv Two-handed Staff,Weapons,Previously omitted; valid in active Renewal DB and supplied client itemInfo.lua
Added,640044,4LvStaff,4Lv Two-handed Staff,Weapons,Previously omitted; valid in active Renewal DB and supplied client itemInfo.lua
Added,640045,5LvStaff,Level 5 Two-Handed Staff,Weapons,Previously omitted; valid in active Renewal DB and supplied client itemInfo.lua
Added,650003,Ep172_Bh_Huuma,Wrath Wheel,Weapons,Previously omitted; valid in active Renewal DB and supplied client itemInfo.lua
Added,650008,Adulter_F_Humma,Adulter Fides Huuma Shuriken,Weapons,Previously omitted; valid in active Renewal DB and supplied client itemInfo.lua
Added,650009,Adulter_F_C_Humma,Adulter Fides Cross-Shaped Huuma Shuriken,Weapons,Previously omitted; valid in active Renewal DB and supplied client itemInfo.lua
Added,650010,2Para_Humma1_NJ,Paradise Ninja Punishment Shuriken,Weapons,Previously omitted; valid in active Renewal DB and supplied client itemInfo.lua
Added,650011,2Para_Humma2_NJ,Paradise Ninja Crucifixion Shuriken,Weapons,Previously omitted; valid in active Renewal DB and supplied client itemInfo.lua
Added,650012,3Para_Humma1_KO,Paradise Kagerou&Oboro Fuuma Shuriken,Weapons,Previously omitted; valid in active Renewal DB and supplied client itemInfo.lua
Added,650013,3Para_Humma2_KO,Paradise Kagerou&Oboro Cross Fuuma Shuriken,Weapons,Previously omitted; valid in active Renewal DB and supplied client itemInfo.lua
Added,650017,FCH_B_Huuma,Wind Spear Petal Booster Huuma Shuriken,Weapons,Previously omitted; valid in active Renewal DB and supplied client itemInfo.lua
Added,650018,SN_B_Huuma,Cross Petal Booster Huuma Shuriken,Weapons,Previously omitted; valid in active Renewal DB and supplied client itemInfo.lua
Added,650020,Fourth_Bh_Fuuma,Scrap Slasher,Weapons,Previously omitted; valid in active Renewal DB and supplied client itemInfo.lua
Added,650021,Vivatus_F_C_Humma,Vivatus Fides Cross Huuma Shuriken,Weapons,Previously omitted; valid in active Renewal DB and supplied client itemInfo.lua
Added,650022,Vivatus_F_Humma,Vivatus Fides Huuma Shuriken,Weapons,Previously omitted; valid in active Renewal DB and supplied client itemInfo.lua
Added,650035,1LvHuuma,1Lv Fuuma Shuriken,Weapons,Previously omitted; valid in active Renewal DB and supplied client itemInfo.lua
Added,650036,2LvHuuma,2Lv Fuuma Shuriken,Weapons,Previously omitted; valid in active Renewal DB and supplied client itemInfo.lua
Added,650037,3LvHuuma,3Lv Fuuma Shuriken,Weapons,Previously omitted; valid in active Renewal DB and supplied client itemInfo.lua
Added,650038,4LvHuuma,4Lv Fuuma Shuriken,Weapons,Previously omitted; valid in active Renewal DB and supplied client itemInfo.lua
Added,650039,5LvHuuma,Level 5 Wind Magic Shuriken,Weapons,Previously omitted; valid in active Renewal DB and supplied client itemInfo.lua
Added,700000,IDTest_bow,IDTest bow,Weapons,Previously omitted; valid in active Renewal DB and supplied client itemInfo.lua
Added,700001,Boost_Bow,Booster Bow,Weapons,Previously omitted; valid in active Renewal DB and supplied client itemInfo.lua
Added,700007,Ep172_Bh_Bow,Superbia String,Weapons,Previously omitted; valid in active Renewal DB and supplied client itemInfo.lua
Added,700008,Ep172_Bh_Bow2,Gula Gun,Weapons,Previously omitted; valid in active Renewal DB and supplied client itemInfo.lua
Added,700009,Ep172_Bh_Bow3,Pigritia Rhythm,Weapons,Previously omitted; valid in active Renewal DB and supplied client itemInfo.lua
Added,700014,TB_B_Bow,Triangle Bomb Booster Bow,Weapons,Previously omitted; valid in active Renewal DB and supplied client itemInfo.lua
Added,700015,AS_B_Bow,Arrow Booster Bow,Weapons,Previously omitted; valid in active Renewal DB and supplied client itemInfo.lua
Added,700016,SB_B_Bow,Sharpbolt Booster Bow,Weapons,Previously omitted; valid in active Renewal DB and supplied client itemInfo.lua
Added,700017,RS_B_Bow,Rainstorm Booster Bow,Weapons,Previously omitted; valid in active Renewal DB and supplied client itemInfo.lua
Added,700021,Fourth_Bh_Bow,Scrap Bow,Weapons,Previously omitted; valid in active Renewal DB and supplied client itemInfo.lua
Added,700030,Adulter_F_C_Bow,Adulter Fides Crossbow,Weapons,Previously omitted; valid in active Renewal DB and supplied client itemInfo.lua
Added,700031,Adulter_F_Ballista,Adulter Fides Ballista,Weapons,Previously omitted; valid in active Renewal DB and supplied client itemInfo.lua
Added,700032,Adulter_F_A_Bow,Adulter Fides Aiming Bow,Weapons,Previously omitted; valid in active Renewal DB and supplied client itemInfo.lua
Added,700033,Vivatus_F_C_Bow,Vivatus Fides Cross Bow,Weapons,Previously omitted; valid in active Renewal DB and supplied client itemInfo.lua
Added,700034,Vivatus_F_Ballista,Vivatus Fides Ballista,Weapons,Previously omitted; valid in active Renewal DB and supplied client itemInfo.lua
Added,700035,Vivatus_F_A_Bow,Vivatus Fides Aiming Bow,Weapons,Previously omitted; valid in active Renewal DB and supplied client itemInfo.lua
Added,700036,1Para_Bow,Paradise Bow,Weapons,Previously omitted; valid in active Renewal DB and supplied client itemInfo.lua
Added,700037,2Para_Bow_RG,Paradise Rogue Bow,Weapons,Previously omitted; valid in active Renewal DB and supplied client itemInfo.lua
Added,700038,2Para_Bow1_HT,Paradise Hunter Bow,Weapons,Previously omitted; valid in active Renewal DB and supplied client itemInfo.lua
Added,700039,2Para_Bow2_HT,Paradise Hunter Crossbow,Weapons,Previously omitted; valid in active Renewal DB and supplied client itemInfo.lua
Added,700040,2Para_Bow_BD,Paradise Bard&Dancer Bow,Weapons,Previously omitted; valid in active Renewal DB and supplied client itemInfo.lua
Added,700041,3Para_Bow_SC,Paradise Shadow Chaser Bow,Weapons,Previously omitted; valid in active Renewal DB and supplied client itemInfo.lua
Added,700042,3Para_Bow1_RA,Paradise Ranger Bow,Weapons,Previously omitted; valid in active Renewal DB and supplied client itemInfo.lua
Added,700043,3Para_Bow2_RA,Paradise Ranger Crossbow,Weapons,Previously omitted; valid in active Renewal DB and supplied client itemInfo.lua
Added,700070,1LvBow,1Lv Bow,Weapons,Previously omitted; valid in active Renewal DB and supplied client itemInfo.lua
Added,700071,2LvBow,2Lv Bow,Weapons,Previously omitted; valid in active Renewal DB and supplied client itemInfo.lua
Added,700072,3LvBow,3Lv Bow,Weapons,Previously omitted; valid in active Renewal DB and supplied client itemInfo.lua
Added,700073,4LvBow,4Lv Bow,Weapons,Previously omitted; valid in active Renewal DB and supplied client itemInfo.lua
Added,700074,5LvBow,5Lv Bow,Weapons,Previously omitted; valid in active Renewal DB and supplied client itemInfo.lua
Added,800000,IDTest_gun,IDTest gun,Weapons,Previously omitted; valid in active Renewal DB and supplied client itemInfo.lua
Added,800003,Adulter_F_Revolver,Adulter Fides Revolver,Weapons,Previously omitted; valid in active Renewal DB and supplied client itemInfo.lua
Added,800004,1Para_Revolver,Paradise Revolver,Weapons,Previously omitted; valid in active Renewal DB and supplied client itemInfo.lua
Added,800005,2Para_Revolver_GS,Paradise Gunslinger Revolver,Weapons,Previously omitted; valid in active Renewal DB and supplied client itemInfo.lua
Added,800006,3Para_Revolver_RL,Paradise Rebellion Revolver,Weapons,Previously omitted; valid in active Renewal DB and supplied client itemInfo.lua
Added,800008,DF_B_Revolver,Desperado Fire Booster Revolver,Weapons,Previously omitted; valid in active Renewal DB and supplied client itemInfo.lua
Added,800010,Fourth_Revolver,Scrap Pistol,Weapons,Previously omitted; valid in active Renewal DB and supplied client itemInfo.lua
Added,800012,Vivatus_F_Revolver,Vivatus Fides Revolver,Weapons,Previously omitted; valid in active Renewal DB and supplied client itemInfo.lua
Added,800029,1LvSix_Shooter,1Lv Revolver,Weapons,Previously omitted; valid in active Renewal DB and supplied client itemInfo.lua
Added,800030,2LvSix_Shooter,2Lv Revolver,Weapons,Previously omitted; valid in active Renewal DB and supplied client itemInfo.lua
Added,800031,3LvSix_Shooter,3Lv Revolver,Weapons,Previously omitted; valid in active Renewal DB and supplied client itemInfo.lua
Added,800032,4LvSix_Shooter,4Lv Revolver,Weapons,Previously omitted; valid in active Renewal DB and supplied client itemInfo.lua
Added,800033,5LvSix_Shooter,Level 5 Revolver,Weapons,Previously omitted; valid in active Renewal DB and supplied client itemInfo.lua
Added,810000,Ep172_1h_Rifle,Lust Pointer,Weapons,Previously omitted; valid in active Renewal DB and supplied client itemInfo.lua
Added,810002,Adulter_F_Rifle,Adulter Fides Rifle,Weapons,Previously omitted; valid in active Renewal DB and supplied client itemInfo.lua
Added,810003,2Para_Rifle_GS,Paradise Gunslinger Rifle,Weapons,Previously omitted; valid in active Renewal DB and supplied client itemInfo.lua
Added,810006,Fourth_Rifle,Scrap Piercer,Weapons,Previously omitted; valid in active Renewal DB and supplied client itemInfo.lua
Added,810008,Vivatus_F_Rifle,Vivatus Fides Rifle,Weapons,Previously omitted; valid in active Renewal DB and supplied client itemInfo.lua
Added,810029,1LvRifle,1Lv Rifle,Weapons,Previously omitted; valid in active Renewal DB and supplied client itemInfo.lua
Added,810030,2LvRifle,2Lv Rifle,Weapons,Previously omitted; valid in active Renewal DB and supplied client itemInfo.lua
Added,810031,3LvRifle,3Lv Rifle,Weapons,Previously omitted; valid in active Renewal DB and supplied client itemInfo.lua
Added,810032,4LvRifle,4Lv Rifle,Weapons,Previously omitted; valid in active Renewal DB and supplied client itemInfo.lua
Added,810033,5LvRifle,5Lv Rifle,Weapons,Previously omitted; valid in active Renewal DB and supplied client itemInfo.lua
Added,820000,Ep172_1h_Shotgun,Lust Shatter,Weapons,Previously omitted; valid in active Renewal DB and supplied client itemInfo.lua
Added,820002,Adulter_F_Shotgun,Adulter Fides Shotgun,Weapons,Previously omitted; valid in active Renewal DB and supplied client itemInfo.lua
Added,820005,Fourth_Shotgun,Scrap Shatter,Weapons,Previously omitted; valid in active Renewal DB and supplied client itemInfo.lua
Added,820023,1LvRolling_Stone,1Lv Shotgun,Weapons,Previously omitted; valid in active Renewal DB and supplied client itemInfo.lua
Added,820024,2LvRolling_Stone,2Lv Shotgun,Weapons,Previously omitted; valid in active Renewal DB and supplied client itemInfo.lua
Added,820025,3LvRolling_Stone,3Lv Shotgun,Weapons,Previously omitted; valid in active Renewal DB and supplied client itemInfo.lua
Added,820026,4LvRolling_Stone,4Lv Shotgun,Weapons,Previously omitted; valid in active Renewal DB and supplied client itemInfo.lua
Added,820027,5LvRolling_Stone,Level 5 shotgun,Weapons,Previously omitted; valid in active Renewal DB and supplied client itemInfo.lua
Added,830000,Boost_Gatling,Booster Gatling,Weapons,Previously omitted; valid in active Renewal DB and supplied client itemInfo.lua
Added,830001,Ep172_1h_Gatling,Lust Crusher,Weapons,Previously omitted; valid in active Renewal DB and supplied client itemInfo.lua
Added,830003,Adulter_F_Gatling,Adulter Fides Gatling Gun,Weapons,Previously omitted; valid in active Renewal DB and supplied client itemInfo.lua
Added,830004,3Para_Gatling_RL,Paradise Rebellion Gatling Gun,Weapons,Previously omitted; valid in active Renewal DB and supplied client itemInfo.lua
Added,830007,FR_B_Gatling,Fire Round Booster Gatling Gun,Weapons,Previously omitted; valid in active Renewal DB and supplied client itemInfo.lua
Added,830009,Fourth_Gatling,Scrap Splatter,Weapons,Previously omitted; valid in active Renewal DB and supplied client itemInfo.lua
Added,830011,Vivatus_F_Gatling,Vivatus Fides Gatling Gun,Weapons,Previously omitted; valid in active Renewal DB and supplied client itemInfo.lua
Added,830028,1LvDrifter,1Lv Gatling Gun,Weapons,Previously omitted; valid in active Renewal DB and supplied client itemInfo.lua
Added,830029,2LvDrifter,2Lv Gatling Gun,Weapons,Previously omitted; valid in active Renewal DB and supplied client itemInfo.lua
Added,830030,3LvDrifter,3Lv Gatling Gun,Weapons,Previously omitted; valid in active Renewal DB and supplied client itemInfo.lua
Added,830031,4LvDrifter,4Lv Gatling Gun,Weapons,Previously omitted; valid in active Renewal DB and supplied client itemInfo.lua
Added,830032,5LvDrifter,Level 5 Gatling Gun,Weapons,Previously omitted; valid in active Renewal DB and supplied client itemInfo.lua
Added,840000,Ep172_1h_Grenade,Lust Boom,Weapons,Previously omitted; valid in active Renewal DB and supplied client itemInfo.lua
Added,840002,Adulter_F_Launcher,Adulter Fides Launcher,Weapons,Previously omitted; valid in active Renewal DB and supplied client itemInfo.lua
Added,840005,Fourth_Grenade,Scrap Bomber,Weapons,Previously omitted; valid in active Renewal DB and supplied client itemInfo.lua
Added,840007,Vivatus_F_Launcher,Vivatus Fides Launcher,Weapons,Previously omitted; valid in active Renewal DB and supplied client itemInfo.lua
Added,840023,1LvDestroyer,1Lv Grenade Launcher,Weapons,Previously omitted; valid in active Renewal DB and supplied client itemInfo.lua
Added,840024,2LvDestroyer,2Lv Grenade Launcher,Weapons,Previously omitted; valid in active Renewal DB and supplied client itemInfo.lua
Added,840025,3LvDestroyer,3Lv Grenade Launcher,Weapons,Previously omitted; valid in active Renewal DB and supplied client itemInfo.lua
Added,840026,4LvDestroyer,4Lv Grenade Launcher,Weapons,Previously omitted; valid in active Renewal DB and supplied client itemInfo.lua
Added,840027,5LvDestroyer,5Lv Grenade Launcher,Weapons,Previously omitted; valid in active Renewal DB and supplied client itemInfo.lua
Removed,1316,Adventure_Axe,Adventure Axe,Weapons,Missing from active client itemInfo.lua
Removed,1330,Sunset_Buster,Sunset Buster,Weapons,Missing from active client itemInfo.lua
Removed,1332,Octopus_Axe,Octopus Axe,Weapons,Missing from active client itemInfo.lua
Removed,1439,Half_BF_Spear1,Half BF Spear1,Weapons,Missing from active client itemInfo.lua
Removed,1597,Half_BF_Book2,Half BF Book2,Weapons,Missing from active client itemInfo.lua
Removed,1655,Adventure_Staff,Adventure Staff,Weapons,Missing from active client itemInfo.lua
Removed,1656,Academy_Wand,Academy Wand,Weapons,Missing from active client itemInfo.lua
Removed,1673,Half_BF_Staff4,Half BF Staff4,Weapons,Missing from active client itemInfo.lua
Removed,1674,Half_BF_Staff2,Half BF Staff2,Weapons,Missing from active client itemInfo.lua
Removed,1838,Half_BF_Knuckle1,Half BF Knuckle1,Weapons,Missing from active client itemInfo.lua
Removed,1857,Local01_Claw,Earth Dragon Claw,Weapons,Missing from active client itemInfo.lua
Removed,1858,Local02_Claw,Yinyang Claw,Weapons,Missing from active client itemInfo.lua
Removed,2155,Academy_Shield,Academy Shield,Shields,Missing from active client itemInfo.lua
Removed,2567,Academy_Manteau,Academy Manteau,Garments,Missing from active client itemInfo.lua
Removed,2632,Korean_Trinket,Korean Trinket,Accessories,Missing from active client itemInfo.lua
Removed,2633,Jade_Ring,Jade Ring,Accessories,Missing from active client itemInfo.lua
Removed,2867,Broken_Bamboo_Piece,Broken Bamboo Piece,Accessories,Missing from active client itemInfo.lua
Removed,2868,Green_Batik,Green Batik,Accessories,Missing from active client itemInfo.lua
Removed,2869,Colorful_Ketupat,Colorful Ketupat,Accessories,Missing from active client itemInfo.lua
Removed,5736,EF_Whisper_Mask,Whisper Mask,Headgear,Missing from active client itemInfo.lua
Removed,5787,Tha_Maero_Mask,Thanatos's Maero Mask,Headgear,Missing from active client itemInfo.lua
Removed,5842,Loyal_Ring1,Loyal Ring1,Accessories,Missing from active client itemInfo.lua
Removed,5843,Loyal_Ring2,Loyal Ring2,Accessories,Missing from active client itemInfo.lua
Removed,5844,Loyal_Ring3,Loyal Ring3,Accessories,Missing from active client itemInfo.lua
Removed,5882,White_Wizardry_Hat_C,White Mage Hat C,Headgear,Missing from active client itemInfo.lua
Removed,5883,Gray_Wizardry_Hat_C,Gray Mage Hat C,Headgear,Missing from active client itemInfo.lua
Removed,5884,Blue_Wizardry_Hat_C,Blue Mage Hat C,Headgear,Missing from active client itemInfo.lua
Removed,5885,Red_Wizardry_Hat_C,Red Mage Hat C,Headgear,Missing from active client itemInfo.lua
Removed,5886,Yellow_Wizardry_Hat_C,Yellow Mage Hat C,Headgear,Missing from active client itemInfo.lua
Removed,5887,Half_L_Magestic_Goat,Half L Majestic Goat,Headgear,Missing from active client itemInfo.lua
Removed,13063,Adventure_Knife,Adventure Knife,Weapons,Missing from active client itemInfo.lua
Removed,13064,Academy_Knife,Academy Knife,Weapons,Missing from active client itemInfo.lua
Removed,13065,Academy_Eti_Knife,Academy Eti Knife,Weapons,Missing from active client itemInfo.lua
Removed,13096,Half_BF_Dagger2,Half BF Dagger2,Weapons,Missing from active client itemInfo.lua
Removed,13321,Half_BF_Huuma_Shuriken2,Half BF Huuma Shuriken,Weapons,Missing from active client itemInfo.lua
Removed,13432,Adventure_Sword,Adventure Sword,Weapons,Missing from active client itemInfo.lua
Removed,13445,Half_BF_Sword1,Half BF Sword1,Weapons,Missing from active client itemInfo.lua
Removed,13482,Orcish_Blade,Orcish Blade,Weapons,Missing from active client itemInfo.lua
Removed,13488,Local01_Sword,Earth Dragon Sword,Weapons,Missing from active client itemInfo.lua
Removed,13489,Local02_Sword,Yinyang Sword,Weapons,Missing from active client itemInfo.lua
Removed,15214,IA_Dress,IA Dress,Armor,Missing from active client itemInfo.lua
Removed,15216,Siege_Robe_1Tier,Lesser Guild Member's Robe,Armor,Missing from active client itemInfo.lua
Removed,15217,Siege_Suits_1Tier,Lesser Guild Member's Suit,Armor,Missing from active client itemInfo.lua
Removed,15218,Siege_Plate_1Tier,Lesser Guild Member's Plate,Armor,Missing from active client itemInfo.lua
Removed,15231,SimpleSuits10,Low-Level Simple Suits,Armor,Missing from active client itemInfo.lua
Removed,15232,SimpleSuits20,Intermediate Simple Suits,Armor,Missing from active client itemInfo.lua
Removed,15233,SimpleSuits30,Advanced Simple Suits,Armor,Missing from active client itemInfo.lua
Removed,15234,SuitsofKingdom40,Lesser Kingdom Suits,Armor,Missing from active client itemInfo.lua
Removed,15235,SuitsofKingdom50,Intermediate Kingdom Suits,Armor,Missing from active client itemInfo.lua
Removed,15236,SuitsofKingdom60,Upper Kingdom Suits,Armor,Missing from active client itemInfo.lua
Removed,15240,ArmorOfFlamedragonBR,Red Dragon Armor,Armor,Missing from active client itemInfo.lua
Removed,15251,D_Leather_Armor,Desert Leather Armor,Armor,Missing from active client itemInfo.lua
Removed,15252,D_Leather_Robe,Desert Leather Robe,Armor,Missing from active client itemInfo.lua
Removed,15253,D_Leather_Suits,Desert Leather Suits,Armor,Missing from active client itemInfo.lua
Removed,15269,Leaf_Robe,Leaf Robe,Armor,Missing from active client itemInfo.lua
Removed,15270,Stem_Suits,Plant Stem Suit,Armor,Missing from active client itemInfo.lua
Removed,15271,Oak_Armor,Oak Armor,Armor,Missing from active client itemInfo.lua
Removed,15345,ArmorOfSeadragonBR,Blue Dragon Armor,Armor,Missing from active client itemInfo.lua
Removed,15385,MemorialD_Assistant,Little Robot Know-It-All,Headgear,Missing from active client itemInfo.lua
Removed,15409,Bloody_Dress,Bloody Dress,Armor,Missing from active client itemInfo.lua
Removed,15434,Golden_Angel_Statue_YG,Meta Angel Figure (OSM),Headgear,Missing from active client itemInfo.lua
Removed,15440,Fierce_Physique_Armor_E,Fierce Physique Armor,Armor,Missing from active client itemInfo.lua
Removed,15441,Fierce_Magique_Armor_E,Fierce Magique Armor,Armor,Missing from active client itemInfo.lua
Removed,15442,Fierce_Physique_Manteau,Fierce Physique Manteau,Garments,Missing from active client itemInfo.lua
Removed,15443,Fierce_Magique_Manteau,Fierce Magique Manteau,Garments,Missing from active client itemInfo.lua
Removed,16011,Adventure_Mace,Adventure Mace,Weapons,Missing from active client itemInfo.lua
Removed,16012,Academy_Mace,Academy Mace,Weapons,Missing from active client itemInfo.lua
Removed,16034,Half_Mjolnir,Half Mjolnir,Weapons,Missing from active client itemInfo.lua
Removed,16035,Half_BF_Morning_Star1,Half BF Morning Star1,Weapons,Missing from active client itemInfo.lua
Removed,16083,Local01_Mace,Earth Dragon Mace,Weapons,Missing from active client itemInfo.lua
Removed,16084,Local02_Mace,Yinyang Mace,Weapons,Missing from active client itemInfo.lua
Removed,18104,Adventure_Bow,Adventure Bow,Weapons,Missing from active client itemInfo.lua
Removed,18105,Academy_Bow,Academy Bow,Weapons,Missing from active client itemInfo.lua
Removed,18124,Half_BF_Bow1,Half BF Bow1,Weapons,Missing from active client itemInfo.lua
Removed,18172,Local01_Bow,Earth Dragon Bow,Weapons,Missing from active client itemInfo.lua
Removed,18173,Local02_Bow,Yinyang Bow,Weapons,Missing from active client itemInfo.lua
Removed,18176,Sky_Lightning_Bow,Thunder Bow,Weapons,Missing from active client itemInfo.lua
Removed,18544,Blrabbit_Hband,Blrabbit Hband,Headgear,Missing from active client itemInfo.lua
Removed,18545,Whrabbit_Hband,Whrabbit Hband,Headgear,Missing from active client itemInfo.lua
Removed,18902,Shovel_Hat,Shovel Hat,Headgear,Missing from active client itemInfo.lua
Removed,18960,Love_Daddy_2013,Love Daddy 2013,Headgear,Missing from active client itemInfo.lua
Removed,19286,IA_Choker,IA Choker,Headgear,Missing from active client itemInfo.lua
Removed,19410,Kings_Mini_Melon,Royale Grade Mini Melon,Headgear,Missing from active client itemInfo.lua
Removed,19427,RabbitFamilyBalloon,Lunatic Family Balloon,Headgear,Missing from active client itemInfo.lua
Removed,19438,ZilantNecklace,Flame Thunder Witch's Necklace,Headgear,Missing from active client itemInfo.lua
Removed,20864,Siege_Manteau_1Tier,Lesser Guild Member's Manteau,Garments,Missing from active client itemInfo.lua
Removed,20865,Siege_Muffler_1Tier,Lesser Guild Member's Muffler,Garments,Missing from active client itemInfo.lua
Removed,20905,Astrea_Cape,Asteria's Cloak,Garments,Missing from active client itemInfo.lua
Removed,20918,Angel_Poring_Wing,Angel Poring Wing,Garments,Missing from active client itemInfo.lua
Removed,21041,Local01_T_Sword,Earth Dragon Great Sword,Weapons,Missing from active client itemInfo.lua
Removed,21043,Local02_T_Sword,Yinyang Great Sword,Weapons,Missing from active client itemInfo.lua
Removed,21201,Eat_Coin,Ethereum Helm,Headgear,Missing from active client itemInfo.lua
Removed,22144,IA_Boots,IA Boots,Shoes,Missing from active client itemInfo.lua
Removed,22146,Siege_Shoes_1Tier,Lesser Guild Member's Shoes,Shoes,Missing from active client itemInfo.lua
Removed,22147,Siege_Boots_1Tier,Lesser Guild Member's Boots,Shoes,Missing from active client itemInfo.lua
Removed,22148,Siege_Greave_1Tier,Lesser Guild Member's Greaves,Shoes,Missing from active client itemInfo.lua
Removed,22194,Loli_Ruri_Shoes,Loli Ruri Shoes,Shoes,Missing from active client itemInfo.lua
Removed,22240,Fierce_Physique_Boots,Fierce Physique Boots,Shoes,Missing from active client itemInfo.lua
Removed,22241,Fierce_Magique_Boots,Fierce Magique Boots,Shoes,Missing from active client itemInfo.lua
Removed,26017,Local01_T_Spear,Earth Dragon Spear,Weapons,Missing from active client itemInfo.lua
Removed,26018,Local02_T_Spear,Yinyang Spear,Weapons,Missing from active client itemInfo.lua
Removed,26142,Local01_Wand,Earth Dragon Wand,Weapons,Missing from active client itemInfo.lua
Removed,26145,Local02_Wand,Yinyang Wand,Weapons,Missing from active client itemInfo.lua
Removed,26148,Owl_D_Stick,Owl.D Stick,Weapons,Missing from active client itemInfo.lua
Removed,26207,Local01_Book,Earth Dragon Book,Weapons,Missing from active client itemInfo.lua
Removed,26208,Local01_Whip,Earth Dragon Whip,Weapons,Missing from active client itemInfo.lua
Removed,26209,Local02_Whip,Yinyang Whip,Weapons,Missing from active client itemInfo.lua
Removed,28002,Half_BF_Katar2,Half BF Katar2,Weapons,Missing from active client itemInfo.lua
Removed,28034,Local01_Katar,Earth Dragon Katar,Weapons,Missing from active client itemInfo.lua
Removed,28035,Local02_Katar,Yinyang Katar,Weapons,Missing from active client itemInfo.lua
Removed,28102,Half_BF_Two_Handed_Axe1,Half BF Two Handed Axe1,Weapons,Missing from active client itemInfo.lua
Removed,28131,Local01_T_Axe,Earth Dragon Axe,Weapons,Missing from active client itemInfo.lua
Removed,28132,Local02_T_Axe,Yinyang Axe,Weapons,Missing from active client itemInfo.lua
Removed,28203,Half_BF_Rifle1,Half BF Rifle1,Weapons,Missing from active client itemInfo.lua
Removed,28204,Half_BF_Shotgun1,Half BF Shotgun1,Weapons,Missing from active client itemInfo.lua
Removed,28316,RCC2013_ARMLET_,RCC2013 Commemorative Bracelet,Accessories,Missing from active client itemInfo.lua
Removed,28318,RCC2013_RING_,RCC2013 Commemorative Ring,Accessories,Missing from active client itemInfo.lua
Removed,28592,Angel_Poring_Earing,Angel Poring Earrings,Accessories,Missing from active client itemInfo.lua
Removed,28593,Angel_Poring_Ring,Angel Poring Ring,Accessories,Missing from active client itemInfo.lua
Removed,28625,Local02_Book,Yinyang Book,Weapons,Missing from active client itemInfo.lua
Removed,28628,Prohibited_Grimoire,Forbidden Grimoire,Weapons,Missing from active client itemInfo.lua
Removed,28747,Local01_Dagger,Earth Dragon Dagger,Weapons,Missing from active client itemInfo.lua
Removed,28748,Local01_Asura,Earth Dragon Nindo,Weapons,Missing from active client itemInfo.lua
Removed,28749,Local02_Dagger,Yinyang Dagger,Weapons,Missing from active client itemInfo.lua
Removed,28750,Local02_Asura,Yinyang Nindo,Weapons,Missing from active client itemInfo.lua
Removed,28754,Koikiri,Yodo Koikiri,Weapons,Missing from active client itemInfo.lua
Removed,28949,Jewel_Shield,Jewel Shield,Shields,Missing from active client itemInfo.lua
Removed,28955,Fotia_Shield,Fotia Shield,Shields,Missing from active client itemInfo.lua
Removed,32101,Local01_Violin,Earth Dragon Violin,Weapons,Missing from active client itemInfo.lua
Removed,32102,Local02_Violin,Yinyang Violin,Weapons,Missing from active client itemInfo.lua
Removed,32104,Hyegun_Erhu,Hyegun Erhu,Weapons,Missing from active client itemInfo.lua
Removed,400043,Fallen_Angel_feather,Fallen Angel Hairband,Headgear,Missing from active client itemInfo.lua
Removed,400122,Summer_Promo_Helm1,Booster Power Hat (Physical),Headgear,Missing from active client itemInfo.lua
Removed,400123,Summer_Promo_Helm2,Booster Power Hat (Magical),Headgear,Missing from active client itemInfo.lua
Removed,400125,The_Kings_Hat,Hat of Ancient Kings,Headgear,Missing from active client itemInfo.lua
Removed,400257,Choco_Banana,Choco Banana Bonnet,Headgear,Missing from active client itemInfo.lua
Removed,400268,Rose_Crispinette,Rose Crespinette,Headgear,Missing from active client itemInfo.lua
Removed,400291,Wing_Of_Bless,Wing of Bless,Headgear,Missing from active client itemInfo.lua
Removed,400758,Cat_FF_Hat,Meow Meow Meatball Potential Hat,Headgear,Missing from active client itemInfo.lua
Removed,400759,Cat_FF_Hat2,Meow Meow Meatball Growth Hat,Headgear,Missing from active client itemInfo.lua
Removed,410004,Gambler_Seal_,Gambler's Seal,Headgear,Missing from active client itemInfo.lua
Removed,410213,Ear_OF_Bloody,Bloody Ears,Headgear,Missing from active client itemInfo.lua
Removed,410348,D_Protect_Shields,Divine Protect Shield,Headgear,Missing from active client itemInfo.lua
Removed,420000,Isabella_Carrot,Isabella Carrot,Headgear,Missing from active client itemInfo.lua
Removed,420028,Imperial_Glory,Imperial Glory,Headgear,Missing from active client itemInfo.lua
Removed,420129,Wei_Brush_Tattoo,Wei Brush Tattoo,Headgear,Missing from active client itemInfo.lua
Removed,420130,Fumi_Fan,Fumi Fan,Headgear,Missing from active client itemInfo.lua
Removed,420141,Flutter_Butterfly,Flutter Butterfly,Headgear,Missing from active client itemInfo.lua
Removed,420369,EarthStone_In_Mouth,Earth Stone In Mouth,Headgear,Missing from active client itemInfo.lua
Removed,450012,Siege_Robe_2Tier,Intermediate Guild Member's Robe,Armor,Missing from active client itemInfo.lua
Removed,450013,Siege_Suits_2Tier,Intermediate Guild Member's Suit,Armor,Missing from active client itemInfo.lua
Removed,450014,Siege_Plate_2Tier,Intermediate Guild Member's Plate,Armor,Missing from active client itemInfo.lua
Removed,450142,Orc_Load_Mail,Orc Lord Armor,Armor,Missing from active client itemInfo.lua
Removed,450205,Orc_Load_Mail_,Awakened Orc Load Armor,Armor,Missing from active client itemInfo.lua
Removed,450211,Guardian_Mail,Guardian Mail,Armor,Missing from active client itemInfo.lua
Removed,450215,Aramazd_revelation,Revelation of Aramazd,Armor,Missing from active client itemInfo.lua
Removed,450220,Chrome_Plate_Armor,Chrome Metal Plate,Armor,Missing from active client itemInfo.lua
Removed,450222,Requiescat_in_Pace,Requiescat in Pace,Armor,Missing from active client itemInfo.lua
Removed,450246,BN_H_AD_Suits,Baron Adventurer Suit,Armor,Missing from active client itemInfo.lua
Removed,450259,P_90Lv_Mail,Booster Adventurer's Premium Mail,Armor,Missing from active client itemInfo.lua
Removed,450260,P_90Lv_Cloth,Booster Adventurer's Premium Cloth,Armor,Missing from active client itemInfo.lua
Removed,450261,P_90Lv_Robe,Booster Adventurer's Premium Robe,Armor,Missing from active client itemInfo.lua
Removed,450262,P_90Lv_Dress,Booster Adventurer's Premium Clothing,Armor,Missing from active client itemInfo.lua
Removed,450309,Grace_of_Seth,Grace of Seth,Armor,Missing from active client itemInfo.lua
Removed,460025,Spenta_Mainyu,Spenta Mainyu,Shields,Missing from active client itemInfo.lua
Removed,460064,Rose_Quartz_Shield,Rose Quartz Shield,Shields,Missing from active client itemInfo.lua
Removed,470011,Siege_Shoes_2Tier,Intermediate Guild Member's Shoes,Shoes,Missing from active client itemInfo.lua
Removed,470012,Siege_Boots_2Tier,Intermediate Guild Member's Boots,Shoes,Missing from active client itemInfo.lua
Removed,470013,Siege_Greave_2Tier,Intermediate Guild Member's Greaves,Shoes,Missing from active client itemInfo.lua
Removed,470047,Awakening_Nergal_Shoes,Awakened Fire Thunder Great Boots,Shoes,Missing from active client itemInfo.lua
Removed,470117,Guardian_Greave,Guardian Greave,Shoes,Missing from active client itemInfo.lua
Removed,470123,Hunting_Shoes,Hunting Shoes,Shoes,Missing from active client itemInfo.lua
Removed,470188,P_90Lv_Greave,Booster Adventurer's Premium Greaves,Shoes,Missing from active client itemInfo.lua
Removed,470189,P_90Lv_Boots,Booster Adventurer's Premium Boots,Shoes,Missing from active client itemInfo.lua
Removed,470190,P_90Lv_Shoes,Booster Adventurer's Premium Shoes,Shoes,Missing from active client itemInfo.lua
Removed,470191,P_90Lv_Sandal,Booster Adventurer's Premium Magic Shoes,Shoes,Missing from active client itemInfo.lua
Removed,470248,Dragon_Slayer_Shoes,Dragon Slayer Shoes,Shoes,Missing from active client itemInfo.lua
Removed,480007,Siege_Muffler_2Tier,Intermediate Guild Member's Muffler,Garments,Missing from active client itemInfo.lua
Removed,480008,Siege_Manteau_2Tier,Intermediate Guild Member's Manteau,Garments,Missing from active client itemInfo.lua
Removed,480163,Guardian_Manteau,Guardian Manteau,Garments,Missing from active client itemInfo.lua
Removed,480175,Changeable_Magic_Cape,Unpredictable Magic Cloak,Garments,Missing from active client itemInfo.lua
Removed,480265,P_90Lv_Manteau,Booster Adventurer's Premium Cloak,Garments,Missing from active client itemInfo.lua
Removed,480266,P_90Lv_Cloak,Booster Adventurer's Premium Scout Cloak,Garments,Missing from active client itemInfo.lua
Removed,480267,P_90Lv_Muffler,Booster Adventurer's Premium Muffler,Garments,Missing from active client itemInfo.lua
Removed,480268,P_90Lv_Cape,Booster Adventurer's Premium Cape,Garments,Missing from active client itemInfo.lua
Removed,480278,Huse_Luk_R_Wing,Garuda Wings,Garments,Missing from active client itemInfo.lua
Removed,490033,Fallen_Angel_tear,Fallen Angel's Tear,Accessories,Missing from active client itemInfo.lua
Removed,490147,Anniversary_Ring_1TH,1st Anniversary Ring,Accessories,Missing from active client itemInfo.lua
Removed,490194,Guardian_Ring,Guardian Ring,Accessories,Missing from active client itemInfo.lua
Removed,490223,Copy_Book,Book of Copying - Cloaking Chapter,Accessories,Missing from active client itemInfo.lua
Removed,490312,P_90Lv_Aring,Booster Adventurer's Premium Ring,Accessories,Missing from active client itemInfo.lua
Removed,490313,P_90Lv_Gloves,Booster Adventurer's Premium Gloves,Accessories,Missing from active client itemInfo.lua
Removed,490314,P_90Lv_Necklace,Booster Adventurer's Premium Necklace,Accessories,Missing from active client itemInfo.lua
Removed,490315,P_90Lv_Mring,Booster Adventurer's Premium Magic Ring,Accessories,Missing from active client itemInfo.lua
Removed,490320,Ash_Ring,Ashes Ring,Accessories,Missing from active client itemInfo.lua
Removed,490388,Copy_Book_Cold,Book of Copying - Cold Bolt Chapter,Accessories,Missing from active client itemInfo.lua
Removed,490405,Beast_Ring,Beast Rings,Accessories,Missing from active client itemInfo.lua
Removed,490409,Copy_Book_Resur,Book of Copying - Resurrection Chapter,Accessories,Missing from active client itemInfo.lua
Removed,490417,Ep2_Commemorative_Ring,Commemorative Golden Ring Ep2,Accessories,Missing from active client itemInfo.lua
Removed,490463,Dawson_Badge_MSP,Dawson Badge,Accessories,Missing from active client itemInfo.lua
Removed,490588,Quick_Ring,Swift Ring,Accessories,Missing from active client itemInfo.lua
Removed,500009,Copy_Gram,Dragon Slayer's Longsword,Weapons,Missing from active client itemInfo.lua
Removed,550022,Local04_Wand,Commander,Weapons,Missing from active client itemInfo.lua
Removed,600025,FullForce_,Awakened Full Force,Weapons,Missing from active client itemInfo.lua
Removed,700010,Sagittarius_Hunter_Bow,Sagittarius Hunter Bow,Weapons,Missing from active client itemInfo.lua
