Id,AegisName,Name,Category,Reason
1100,Taurus_Sword_J,Taurus Sword,Weapons,Regional/uncertain client entry excluded from merchant (Server=jRO)
1194,F_Executioner_C,Executioner,Weapons,Regional/uncertain client entry excluded from merchant (Server=iRO)
1298,Shiver_Katar,Shiver Katar,Weapons,Regional/uncertain client entry excluded from merchant (Server=jRO)
1300,Cleaver_,Cleaver,Weapons,Regional/uncertain client entry excluded from merchant (Server=jRO)
1314,F_Tomahawk_C,Rental Tomahawk,Weapons,Regional/uncertain client entry excluded from merchant (Server=iRO)
1315,F_Right_Epsilon_C,Right Epsilon,Weapons,Regional/uncertain client entry excluded from merchant (Server=iRO)
1318,Dofle_Axe,Deflation Axe,Weapons,Regional/uncertain client entry excluded from merchant (Server=jRO)
1320,Diva_Axe,Diva Axe,Weapons,Regional/uncertain client entry excluded from merchant (Server=jRO)
1321,Dofle_Axe_,Deflation Axe,Weapons,Regional/uncertain client entry excluded from merchant (Server=jRO)
1322,Ru_Blue_Axe,Ru Blue Axe,Weapons,Regional/uncertain client entry excluded from merchant (Server=iRO)
1323,Ru_Gold_Axe,Ru Gold Axe,Weapons,Regional/uncertain client entry excluded from merchant (Server=iRO)
1324,War_Axe_S,War Axe,Weapons,Regional/uncertain client entry excluded from merchant (Server=jRO)
1325,Mirage_Axe,Mirage Axe,Weapons,Regional/uncertain client entry excluded from merchant (Server=jRO)
1328,Blut_Axe,Brute Cleaver,Weapons,Regional/uncertain client entry excluded from merchant (Server=jRO)
1331,Variant_Axe,Abyss Axe,Weapons,Regional/uncertain client entry excluded from merchant (Server=jRO)
1389,E_Tomahawk_C,Tomahawk,Weapons,Regional/uncertain client entry excluded from merchant (Server=Unknown)
1390,E_Right_Epsilon_C,Light Epsilon,Weapons,Regional/uncertain client entry excluded from merchant (Server=Unknown)
1397,Bradium_Stonehammer_,Bradium Stone Hammer,Weapons,Regional/uncertain client entry excluded from merchant (Server=jRO)
1431,F_Pole_Axe_C,Pole Axe,Weapons,Regional/uncertain client entry excluded from merchant (Server=iRO)
1432,E_Pole_Axe_C,Pole Axe,Weapons,Regional/uncertain client entry excluded from merchant (Server=Unknown)
1440,Battle_Hook_,Battle Hook,Weapons,Regional/uncertain client entry excluded from merchant (Server=jRO)
1441,Ru_Blue_Spear,Ru Blue Spear,Weapons,Regional/uncertain client entry excluded from merchant (Server=iRO)
1442,Ru_Gold_Spear,Ru Gold Spear,Weapons,Regional/uncertain client entry excluded from merchant (Server=iRO)
1444,Spear_of_Trust,Thunder Spear,Weapons,Regional/uncertain client entry excluded from merchant (Server=jRO)
1445,Spear_of_Trust2,[Rental] Hunting Spear,Weapons,Regional/uncertain client entry excluded from merchant (Server=jRO)
1446,Thanos_Spear_J,Requiem Spear,Weapons,Regional/uncertain client entry excluded from merchant (Server=jRO)
1448,UnrivaledSpear,Unrivaled Spear,Weapons,Regional/uncertain client entry excluded from merchant (Server=jRO)
1449,Gelerdria_,Gelerdria,Weapons,Regional/uncertain client entry excluded from merchant (Server=jRO)
1494,Undine_Spear,Spear Of Odin,Weapons,Regional/uncertain client entry excluded from merchant (Server=jRO)
1497,Hell_Fire_S,Hellfire,Weapons,Regional/uncertain client entry excluded from merchant (Server=jRO)
1499,Thanos_Long_Spear_J,Requiem Lance,Weapons,Regional/uncertain client entry excluded from merchant (Server=jRO)
1581,F_Diary_Of_Great_Sage_C,Diary Of Great Sage,Weapons,Regional/uncertain client entry excluded from merchant (Server=iRO)
1582,E_Diary_Of_Great_Sage_C,Diary Of Great Sage,Weapons,Regional/uncertain client entry excluded from merchant (Server=Unknown)
1589,Legacy_Of_Dragon_,Legacy of Dragon,Weapons,Regional/uncertain client entry excluded from merchant (Server=jRO)
1590,Snake_Encyclopedia,Daizenshu Dakatsu,Weapons,Regional/uncertain client entry excluded from merchant (Server=jRO)
1592,Thor_Pedigree_Book,Thunder Pedigree Book,Weapons,Regional/uncertain client entry excluded from merchant (Server=jRO)
1593,Book_Of_Destiny,Book of Destiny,Weapons,Regional/uncertain client entry excluded from merchant (Server=jRO)
1594,Fire_Pedigree_Book,Flame Pedigree Book,Weapons,Regional/uncertain client entry excluded from merchant (Server=jRO)
1595,Ice_Pedigree_Book,Ice Pedigree Book,Weapons,Regional/uncertain client entry excluded from merchant (Server=jRO)
1596,Earth_Pedigree_Book,Earth Pedigree Book,Weapons,Regional/uncertain client entry excluded from merchant (Server=jRO)
1598,Snake_Encyclopedia_,Daizenshu Dakatsu,Weapons,Regional/uncertain client entry excluded from merchant (Server=jRO)
1662,Bone_Wand_,Evil Bone Wand,Weapons,Regional/uncertain client entry excluded from merchant (Server=jRO)
1663,Staff_Of_Bordeaux_,Staff Of Bordeaux,Weapons,Regional/uncertain client entry excluded from merchant (Server=jRO)
1665,Piercing_Staff_,Piercing Staff,Weapons,Regional/uncertain client entry excluded from merchant (Server=jRO)
1666,Healing_Staff_,Healing Staff,Weapons,Regional/uncertain client entry excluded from merchant (Server=jRO)
1672,Safety_Rod,Safety Rod,Weapons,Regional/uncertain client entry excluded from merchant (Server=jRO)
1675,Walking_Stick_,Gentleman's Staff,Weapons,Regional/uncertain client entry excluded from merchant (Server=jRO)
1676,Baculum_Daemonicum,Baculum Daemonicum,Weapons,Regional/uncertain client entry excluded from merchant (Server=iRO)
1677,Ru_Blue_Wand,Ru Blue Wand,Weapons,Regional/uncertain client entry excluded from merchant (Server=iRO)
1678,Ru_Gold_Wand,Ru Gold Wand,Weapons,Regional/uncertain client entry excluded from merchant (Server=iRO)
1679,Rafini_Staff_S,Laphine Staff,Weapons,Regional/uncertain client entry excluded from merchant (Server=jRO)
1682,Shadow_Staff,Shadow Staff,Weapons,Regional/uncertain client entry excluded from merchant (Server=jRO)
1688,Staff_of_Trust,Thunder Wand,Weapons,Regional/uncertain client entry excluded from merchant (Server=jRO)
1689,Staff_of_Trust2,[Rental] Hunting Wand,Weapons,Regional/uncertain client entry excluded from merchant (Server=jRO)
1698,Thanos_Staff_J,Requiem Arc Wand,Weapons,Regional/uncertain client entry excluded from merchant (Server=jRO)
1833,Claw_Of_Flash,Claw of Flash,Weapons,Regional/uncertain client entry excluded from merchant (Server=jRO)
1835,Spartacus,Spartacus,Weapons,Regional/uncertain client entry excluded from merchant (Server=jRO)
1837,Iron_nail,Iron Nail,Weapons,Regional/uncertain client entry excluded from merchant (Server=jRO)
1840,Thanos_Knuckle_J,Requiem Knuckle,Weapons,Regional/uncertain client entry excluded from merchant (Server=jRO)
1841,Claw_Of_Flash_,Claw of Flash,Weapons,Regional/uncertain client entry excluded from merchant (Server=jRO)
1842,Diva_Claw,Diva Claw,Weapons,Regional/uncertain client entry excluded from merchant (Server=jRO)
1843,Mirage_Claw,Mirage Claw,Weapons,Regional/uncertain client entry excluded from merchant (Server=jRO)
1844,Sinister_Fist_J,Fist of Evil,Weapons,Regional/uncertain client entry excluded from merchant (Server=jRO)
1861,Variant_Claw,Abyss Claw,Weapons,Regional/uncertain client entry excluded from merchant (Server=jRO)
1936,Ru_Blue_Violin,Ru Blue Violin,Weapons,Regional/uncertain client entry excluded from merchant (Server=iRO)
1937,Ru_Gold_Violin,Ru Gold Violin,Weapons,Regional/uncertain client entry excluded from merchant (Server=iRO)
1940,Trumpet_Shell,Trumpet Shell,Weapons,Regional/uncertain client entry excluded from merchant (Server=jRO)
1942,Thanos_Violin_J,Requiem Violin,Weapons,Regional/uncertain client entry excluded from merchant (Server=jRO)
1943,Erhu,Erhu,Weapons,Regional/uncertain client entry excluded from merchant (Server=jRO)
1945,Diva_Viollin,Diva Viollin,Weapons,Regional/uncertain client entry excluded from merchant (Server=jRO)
1946,Mirage_Viollin,Mirage Viollin,Weapons,Regional/uncertain client entry excluded from merchant (Server=jRO)
1947,Sinister_Viollin_J,Violin of Evil,Weapons,Regional/uncertain client entry excluded from merchant (Server=jRO)
1948,Hippie_Guitar_J,Hippie Guitar,Weapons,Regional/uncertain client entry excluded from merchant (Server=jRO)
1991,Ru_Blue_Whip,Ru Blue Whip,Weapons,Regional/uncertain client entry excluded from merchant (Server=iRO)
1992,Ru_Gold_Whip,Ru Gold Whip,Weapons,Regional/uncertain client entry excluded from merchant (Server=iRO)
1993,Concertina_Wire,Barbed Wire,Weapons,Regional/uncertain client entry excluded from merchant (Server=jRO)
1998,Thanos_Whip_J,Requiem Blade Whip,Weapons,Regional/uncertain client entry excluded from merchant (Server=jRO)
1999,Moonlight_Bell,Phantom Bell,Weapons,Regional/uncertain client entry excluded from merchant (Server=jRO)
2017,Divine_Cross_,Divine Cross,Weapons,Regional/uncertain client entry excluded from merchant (Server=jRO)
2028,Aion_Staff,Iron Staff,Weapons,Regional/uncertain client entry excluded from merchant (Server=jRO)
2029,TStaff_Of_E_Slayer_J,Devil God's Staff,Weapons,Regional/uncertain client entry excluded from merchant (Server=jRO)
2031,Tw_Staff_Of_Malang_J,Cat's cane - Swordfish,Weapons,Regional/uncertain client entry excluded from merchant (Server=jRO)
2032,Thanos_Rod_J,Requiem Wizardry Staff,Weapons,Regional/uncertain client entry excluded from merchant (Server=jRO)
2034,Avenger_Wizardy_Staff,Avenger Wizard Staff,Weapons,Regional/uncertain client entry excluded from merchant (Server=jRO)
2035,Diva_Staff,Diva Staff,Weapons,Regional/uncertain client entry excluded from merchant (Server=jRO)
2036,Mirage_Staff,Mirage Staff,Weapons,Regional/uncertain client entry excluded from merchant (Server=jRO)
2037,Sinister_Staff_J,Staff of Evil,Weapons,Regional/uncertain client entry excluded from merchant (Server=jRO)
2038,Staff_170_J,Sunflower Kid,Weapons,Regional/uncertain client entry excluded from merchant (Server=jRO)
2041,Jirant_Staff,Flame Thunder Witch's Wand,Weapons,Regional/uncertain client entry excluded from merchant (Server=jRO)
2042,Neev_Wizardy_Staff,Neev Wizardy Staff,Weapons,Regional/uncertain client entry excluded from merchant (Server=jRO)
2043,Neev_Arc_Wand,Neev Arc Wand,Weapons,Regional/uncertain client entry excluded from merchant (Server=jRO)
2044,Neev_Holy_Stick,Neev Holy Stick,Weapons,Regional/uncertain client entry excluded from merchant (Server=jRO)
2045,Neev_Divine_Cross,Neev Divine Cross,Weapons,Regional/uncertain client entry excluded from merchant (Server=jRO)
2053,Variant_Staff,Abyss Staff,Weapons,Regional/uncertain client entry excluded from merchant (Server=jRO)
2154,Toy_Shield,Toy Shield,Shields,Regional/uncertain client entry excluded from merchant (Server=jRO)
2157,Insecticide,Pesticide,Shields,Regional/uncertain client entry excluded from merchant (Server=jRO)
2166,Exorcism_Bible_,Devil's Bible Drive,Shields,Regional/uncertain client entry excluded from merchant (Server=jRO)
2175,Esprit_Shield,Esprit Shield,Shields,Regional/uncertain client entry excluded from merchant (Server=jRO)
2176,Dark_Book,Black Book,Shields,Regional/uncertain client entry excluded from merchant (Server=jRO)
2177,Shield_Of_Death,Shield Of Death,Shields,Regional/uncertain client entry excluded from merchant (Server=jRO)
2184,Bunker_Shield,Bunker Shield,Shields,Regional/uncertain client entry excluded from merchant (Server=jRO)
2188,Svalinn_J,Svalinn,Shields,Regional/uncertain client entry excluded from merchant (Server=jRO)
2189,Mad_Bunny,Mad Bunny Shield,Shields,Regional/uncertain client entry excluded from merchant (Server=jRO)
2190,Ancient_Shield_Of_Aeon,Ancient Shield Of Aeon,Shields,Regional/uncertain client entry excluded from merchant (Server=iRO)
2191,Solomon_Key,Solomon's Key,Shields,Regional/uncertain client entry excluded from merchant (Server=jRO)
2192,Rose_Of_Eden,Rose of Eden,Shields,Regional/uncertain client entry excluded from merchant (Server=jRO)
2193,Fallen_Angel_Shield,Fallen Angel Shield,Shields,Regional/uncertain client entry excluded from merchant (Server=jRO)
2196,White_Gold_Shield,White Gold Shield,Shields,Regional/uncertain client entry excluded from merchant (Server=jRO)
2197,Iron_Shield,Iron Shield,Shields,Regional/uncertain client entry excluded from merchant (Server=jRO)
2198,Lapine_Shield,Lapine Shield,Shields,Regional/uncertain client entry excluded from merchant (Server=jRO)
2400,Pollux_Shoes_J,Pollux Shoes,Shoes,Regional/uncertain client entry excluded from merchant (Server=jRO)
2464,No_Fear_Shoes,No Fear Shoes,Shoes,Regional/uncertain client entry excluded from merchant (Server=iRO)
2466,Training_Shoes,Training Shoes,Shoes,Regional/uncertain client entry excluded from merchant (Server=jRO)
2474,Lehmannza_Shoes,Lehmannza Shoes,Shoes,Regional/uncertain client entry excluded from merchant (Server=bRO)
2481,Rune_Boots,Rune Boots,Shoes,Regional/uncertain client entry excluded from merchant (Server=jRO)
2482,Shoes_Of_Valor,Shoes Of Valor,Shoes,Regional/uncertain client entry excluded from merchant (Server=idRO)
2487,Vital_Tree_Shoes_,Vital Tree Shoes,Shoes,Regional/uncertain client entry excluded from merchant (Server=jRO)
2488,Fricco_Shoes_,Fricco Shoes,Shoes,Regional/uncertain client entry excluded from merchant (Server=jRO)
2489,Vidar's_Boots_,Vidar's Boots,Shoes,Regional/uncertain client entry excluded from merchant (Server=jRO)
2490,Rune_Boots_,Rune Boots,Shoes,Regional/uncertain client entry excluded from merchant (Server=jRO)
2493,Goibne_Combat_Boots_,Goibne's Greaves,Shoes,Regional/uncertain client entry excluded from merchant (Server=jRO)
2494,Chrystal_Pumps_,Crystal Pumps,Shoes,Regional/uncertain client entry excluded from merchant (Server=jRO)
2495,Egir_Shoes,Egir Shoes,Shoes,Regional/uncertain client entry excluded from merchant (Server=jRO)
2572,Katabart_Sholder,Katabart Sholder,Garments,Regional/uncertain client entry excluded from merchant (Server=jRO)
2579,Magic_Stole,Magic Stole,Garments,Regional/uncertain client entry excluded from merchant (Server=jRO)
2583,Holy_Cape,Holy Cape,Garments,Regional/uncertain client entry excluded from merchant (Server=jRO)
2584,Wanderer_Outer,Wanderer Outer,Garments,Regional/uncertain client entry excluded from merchant (Server=jRO)
2585,Muffler_Of_Valor,Muffler Of Valor,Garments,Regional/uncertain client entry excluded from merchant (Server=idRO)
2588,Ragamuffin_Cape_,Ragamuffin Cape,Garments,Regional/uncertain client entry excluded from merchant (Server=jRO)
2592,Boss_Domovoi_Cape,Boss Brownie Manteau,Garments,Regional/uncertain client entry excluded from merchant (Server=jRO)
2594,Wrapping_Manteau,Wrapping Manteau,Garments,Regional/uncertain client entry excluded from merchant (Server=jRO)
2597,Scarlet_Poncho,Crimson Poncho,Garments,Regional/uncertain client entry excluded from merchant (Server=jRO)
2599,Goibne_Shoulder_Arms_,Goibne's Spaulders,Garments,Regional/uncertain client entry excluded from merchant (Server=jRO)
2606,Whike_Black_Tail_L,Rental Black Tail of Hyukke,Accessories,Regional/uncertain client entry excluded from merchant (Server=jRO)
2829,Greed_Clip,Greed Clip,Accessories,Regional/uncertain client entry excluded from merchant (Server=iRO)
2834,F_All_In_One_Ring,All In One Ring,Accessories,Regional/uncertain client entry excluded from merchant (Server=iRO)
2835,F_Critical_Ring_C,Critical Ring,Accessories,Regional/uncertain client entry excluded from merchant (Server=iRO)
2836,F_Glove_C,Glove,Accessories,Regional/uncertain client entry excluded from merchant (Server=iRO)
2837,F_Safety_Ring_C,Safety Ring,Accessories,Regional/uncertain client entry excluded from merchant (Server=iRO)
2838,F_Necklace_C,Necklace,Accessories,Regional/uncertain client entry excluded from merchant (Server=iRO)
2839,F_Ring_C,Ring,Accessories,Regional/uncertain client entry excluded from merchant (Server=iRO)
2840,F_Rosary_C,Rosary,Accessories,Regional/uncertain client entry excluded from merchant (Server=iRO)
2845,No_Fear_Belt,No Fear Belt,Accessories,Regional/uncertain client entry excluded from merchant (Server=iRO)
2855,Whike_Black_Tail,Whike Black Tail,Accessories,Regional/uncertain client entry excluded from merchant (Server=jRO)
2871,Brazilian_Emblem,Brazilian Emblem,Accessories,Regional/uncertain client entry excluded from merchant (Server=bRO)
2876,Necklace_Spica,Necklace Spica,Accessories,Regional/uncertain client entry excluded from merchant (Server=jRO)
2877,Glove_Sabik,Glove Sabik,Accessories,Regional/uncertain client entry excluded from merchant (Server=jRO)
2878,Bracelet_Arunairi,Bracelet Arunairi,Accessories,Regional/uncertain client entry excluded from merchant (Server=jRO)
2879,Badge_Giorredart,Badge Giorredart,Accessories,Regional/uncertain client entry excluded from merchant (Server=jRO)
2880,Ring_Lupak,Ring Lupak,Accessories,Regional/uncertain client entry excluded from merchant (Server=jRO)
2882,Ecoro_Cardslip,Ecoro Cardslip,Accessories,Regional/uncertain client entry excluded from merchant (Server=jRO)
2888,School_Bag,School Bag,Accessories,Regional/uncertain client entry excluded from merchant (Server=jRO)
2889,Endure_Ring,Endure Ring,Accessories,Regional/uncertain client entry excluded from merchant (Server=jRO)
2893,Cursed_Heart,Cursed Heart,Accessories,Regional/uncertain client entry excluded from merchant (Server=jRO)
2895,Medal_Of_Valor1,Medal Of Valor1,Accessories,Regional/uncertain client entry excluded from merchant (Server=idRO)
2896,Medal_Of_Valor2,Medal Of Valor2,Accessories,Regional/uncertain client entry excluded from merchant (Server=idRO)
2900,Morrigane's_Belt_,Morrigane's Belt,Accessories,Regional/uncertain client entry excluded from merchant (Server=jRO)
2901,Morrigane's_Pendant_,Morrigane's Pendant,Accessories,Regional/uncertain client entry excluded from merchant (Server=jRO)
2902,Morpheus's_Ring_,Morpheus's Ring,Accessories,Regional/uncertain client entry excluded from merchant (Server=jRO)
2903,Morpheus's_Armlet_,Morpheus's Armlet,Accessories,Regional/uncertain client entry excluded from merchant (Server=jRO)
2905,Super_Ora_Ora,Super Ora Ora,Accessories,Regional/uncertain client entry excluded from merchant (Server=jRO)
2906,Happy_Gauntlet,Happy Gauntlet,Accessories,Regional/uncertain client entry excluded from merchant (Server=jRO)
2908,Light_Ring,Light Ring,Accessories,Regional/uncertain client entry excluded from merchant (Server=jRO)
2909,Darkness_Ring,Darkness Ring,Accessories,Regional/uncertain client entry excluded from merchant (Server=jRO)
2912,Xylitol_2011,Xylitol 2011,Accessories,Regional/uncertain client entry excluded from merchant (Server=jRO)
2914,Wizard_Left_Eye,Wizard Left Eye,Accessories,Regional/uncertain client entry excluded from merchant (Server=iRO)
2929,Charm_Str,Battle Hardened Amulet,Accessories,Regional/uncertain client entry excluded from merchant (Server=jRO)
2930,Charm_Agi,Winning First Move Amulet,Accessories,Regional/uncertain client entry excluded from merchant (Server=jRO)
2931,Charm_Vit,Good Health Amulet,Accessories,Regional/uncertain client entry excluded from merchant (Server=jRO)
2932,Charm_Dex,Infallible Amulet,Accessories,Regional/uncertain client entry excluded from merchant (Server=jRO)
2933,Charm_Int,Knowledgeable Amulet,Accessories,Regional/uncertain client entry excluded from merchant (Server=jRO)
2934,Charm_Luk,Prosperous Business Amulet,Accessories,Regional/uncertain client entry excluded from merchant (Server=jRO)
2937,RJC_Exp,RJC2012 EXP Necklace,Accessories,Regional/uncertain client entry excluded from merchant (Server=jRO)
2938,RJC_Status,RJC2012 Status Necklace,Accessories,Regional/uncertain client entry excluded from merchant (Server=jRO)
2939,RJC_Spell,RJC2012 Spell Necklace,Accessories,Regional/uncertain client entry excluded from merchant (Server=jRO)
2943,Critical_Ring_,Critical Ring,Accessories,Regional/uncertain client entry excluded from merchant (Server=jRO)
2955,Neutral_Ring_J,Neutral Ring,Accessories,Regional/uncertain client entry excluded from merchant (Server=jRO)
2959,Fidelity_Necklace,Fidelity Necklace,Accessories,Regional/uncertain client entry excluded from merchant (Server=jRO)
2960,Badge_Of_Manny,Badge Of Manny,Accessories,Regional/uncertain client entry excluded from merchant (Server=bRO)
2961,Magic_Carpet,Magic Carpet,Accessories,Regional/uncertain client entry excluded from merchant (Server=bRO)
2962,Willpower_Ring,Spirit Ring,Accessories,Regional/uncertain client entry excluded from merchant (Server=jRO)
2965,Angel_Egg,Angel Egg,Accessories,Regional/uncertain client entry excluded from merchant (Server=bRO)
2970,Pie_Fruit_Box,Pie Fruit Box,Accessories,Regional/uncertain client entry excluded from merchant (Server=jRO)
2974,Eternal_Protected_Love,Guardianship Eternal Love,Accessories,Regional/uncertain client entry excluded from merchant (Server=bRO)
2975,10th_Anni_Badge_J,10th Anniversary Badge,Accessories,Regional/uncertain client entry excluded from merchant (Server=jRO)
2979,Strawberry_Decoration,Strawberry Decoration,Accessories,Regional/uncertain client entry excluded from merchant (Server=iRO)
2982,Earth_Ring_J,Earth Ring,Accessories,Regional/uncertain client entry excluded from merchant (Server=jRO)
2985,Gyges_Ring,Gyges's Ring,Accessories,Regional/uncertain client entry excluded from merchant (Server=jRO)
2986,Snake_Ring,Snake Ring,Accessories,Regional/uncertain client entry excluded from merchant (Server=bRO)
2987,Snake_Pendant,Snake Pendant,Accessories,Regional/uncertain client entry excluded from merchant (Server=bRO)
2993,Yggdrasil_Ring,Heaven and Earth Tree Ring,Accessories,Regional/uncertain client entry excluded from merchant (Server=jRO)
2994,Water_Crystal_Stone,Water Crystal Stone,Accessories,Regional/uncertain client entry excluded from merchant (Server=jRO)
2998,Shining_Trapezohedron,Shining Trapezohedron,Accessories,Regional/uncertain client entry excluded from merchant (Server=jRO)
5095,Orc_Hero_Helm_,Helmet of Orc Hero,Headgear,Regional/uncertain client entry excluded from merchant (Server=Unknown)
5434,Cola_Can,Cola Can,Headgear,Regional/uncertain client entry excluded from merchant (Server=jRO)
5465,Celestial_Hat,Hat Of Fortune,Headgear,Regional/uncertain client entry excluded from merchant (Server=jRO)
5466,Wind_Milestone,Wind Milestone,Headgear,Regional/uncertain client entry excluded from merchant (Server=jRO)
5468,Parade_Cap,Parade Hat,Headgear,Regional/uncertain client entry excluded from merchant (Server=jRO)
5470,Eyes_Of_Darkness,Eye Of Darkness,Headgear,Regional/uncertain client entry excluded from merchant (Server=jRO)
5471,Hairband_Of_Reginleif,Hairband Of Reginleif,Headgear,Regional/uncertain client entry excluded from merchant (Server=jRO)
5472,Red_White_Hat,Red Hat,Headgear,Regional/uncertain client entry excluded from merchant (Server=jRO)
5473,Forceps_Hairpin,Nipper Crab Hairpin,Headgear,Regional/uncertain client entry excluded from merchant (Server=jRO)
5474,Notice_Board,AFK Hat,Headgear,Regional/uncertain client entry excluded from merchant (Server=jRO)
5475,Cube_Mask,Mask Cube,Headgear,Regional/uncertain client entry excluded from merchant (Server=jRO)
5506,Blue_Pajamas_Hat,Blue Night Cap,Headgear,Regional/uncertain client entry excluded from merchant (Server=idRO)
5507,Pink_Pajamas_Hat,Pink Night Cap,Headgear,Regional/uncertain client entry excluded from merchant (Server=bRO)
5563,Dolor_Hat,Dolor Hat,Headgear,Regional/uncertain client entry excluded from merchant (Server=jRO)
5576,Japan_Winecup,Wine Cup,Headgear,Regional/uncertain client entry excluded from merchant (Server=jRO)
5595,Eye_Of_Juno,Eye Of Juno,Headgear,Regional/uncertain client entry excluded from merchant (Server=iRO)
5602,Jaguar_Hat_J,Jaguar Hat J,Headgear,Regional/uncertain client entry excluded from merchant (Server=jRO)
5607,Lyria_Doll_Hat,Lyria Doll Hat,Headgear,Regional/uncertain client entry excluded from merchant (Server=jRO)
5608,Dorothy_Doll_Hat,Dorothy Doll Hat,Headgear,Regional/uncertain client entry excluded from merchant (Server=jRO)
5610,Ice_Wing_Ear,Ice Wing Ear,Headgear,Regional/uncertain client entry excluded from merchant (Server=jRO)
5611,Turtle_Hat,Turtle Hat,Headgear,Regional/uncertain client entry excluded from merchant (Server=iRO)
5612,F_Blue_Drooping_Kitty,F Blue Drooping Kitty,Headgear,Regional/uncertain client entry excluded from merchant (Server=iRO)
5613,F_Flying_Angel,F Flying Angel,Headgear,Regional/uncertain client entry excluded from merchant (Server=iRO)
5614,F_Smoking_Pipe_,F Smoking Pipe,Headgear,Regional/uncertain client entry excluded from merchant (Server=iRO)
5615,F_Pair_Of_Red_Ribbon_,F Pair Of Red Ribbon,Headgear,Regional/uncertain client entry excluded from merchant (Server=iRO)
5616,F_Fish_On_Head_,F Fish On Head,Headgear,Regional/uncertain client entry excluded from merchant (Server=iRO)
5617,F_Hibiscus,F Hibiscus,Headgear,Regional/uncertain client entry excluded from merchant (Server=iRO)
5618,F_Cat_Hat,F Cat Hat,Headgear,Regional/uncertain client entry excluded from merchant (Server=iRO)
5619,F_Bunny_Band_,F Bunny Band,Headgear,Regional/uncertain client entry excluded from merchant (Server=iRO)
5620,F_Magestic_Goat_TW,F Magestic Goat TW,Headgear,Regional/uncertain client entry excluded from merchant (Server=iRO)
5621,F_Sheep_Hat,F Sheep Hat,Headgear,Regional/uncertain client entry excluded from merchant (Server=iRO)
5622,F_Mini_Propeller_,F Mini Propeller,Headgear,Regional/uncertain client entry excluded from merchant (Server=iRO)
5623,F_Alice_Doll,F Alice Doll,Headgear,Regional/uncertain client entry excluded from merchant (Server=iRO)
5624,F_Red_Glasses,F Red Glasses,Headgear,Regional/uncertain client entry excluded from merchant (Server=iRO)
5625,F_Chick_Hat,F Chick Hat,Headgear,Regional/uncertain client entry excluded from merchant (Server=iRO)
5626,F_White_Deviruchi_Cap,F White Deviruchi Cap,Headgear,Regional/uncertain client entry excluded from merchant (Server=iRO)
5627,F_Vane_Hairpin,F Vane Hairpin,Headgear,Regional/uncertain client entry excluded from merchant (Server=iRO)
5628,F_Pecopeco_Hairband,F Pecopeco Hairband,Headgear,Regional/uncertain client entry excluded from merchant (Server=iRO)
5629,F_Vacation_Hat,F Vacation Hat,Headgear,Regional/uncertain client entry excluded from merchant (Server=iRO)
5630,F_Charming_Ribbon,F Charming Ribbon,Headgear,Regional/uncertain client entry excluded from merchant (Server=iRO)
5631,F_Water_Lily_Crown,F Water Lily Crown,Headgear,Regional/uncertain client entry excluded from merchant (Server=iRO)
5632,F_Vanilmirth_Hat,F Vanilmirth Hat,Headgear,Regional/uncertain client entry excluded from merchant (Server=iRO)
5633,F_Drooping_Bunny_,F Drooping Bunny,Headgear,Regional/uncertain client entry excluded from merchant (Server=iRO)
5634,F_Kettle_Hat,F Kettle Hat,Headgear,Regional/uncertain client entry excluded from merchant (Server=iRO)
5635,F_Dragon_Skull,F Dragon Skull,Headgear,Regional/uncertain client entry excluded from merchant (Server=iRO)
5636,F_Ramen_Hat,F Ramen Hat,Headgear,Regional/uncertain client entry excluded from merchant (Server=iRO)
5637,F_Pink_Fur_Hat,F Pink Fur Hat,Headgear,Regional/uncertain client entry excluded from merchant (Server=iRO)
5638,F_Puppy_Hat,F Puppy Hat,Headgear,Regional/uncertain client entry excluded from merchant (Server=iRO)
5639,F_Magic_Eyes,F Magic Eyes,Headgear,Regional/uncertain client entry excluded from merchant (Server=iRO)
5640,F_Jumping_Poring,F Jumping Poring,Headgear,Regional/uncertain client entry excluded from merchant (Server=iRO)
5641,F_Robo_Eye,F Robo Eye,Headgear,Regional/uncertain client entry excluded from merchant (Server=iRO)
5642,F_Yellow_Wizardry_Hat,F Yellow Wizardry Hat,Headgear,Regional/uncertain client entry excluded from merchant (Server=iRO)
5643,F_Crescent_Helm,F Crescent Helm,Headgear,Regional/uncertain client entry excluded from merchant (Server=iRO)
5644,F_Tiger_Mask,F Tiger Mask,Headgear,Regional/uncertain client entry excluded from merchant (Server=iRO)
5645,F_Fantastic_Wig,F Fantastic Wig,Headgear,Regional/uncertain client entry excluded from merchant (Server=iRO)
5646,F_Whisper_Mask,F Whisper Mask,Headgear,Regional/uncertain client entry excluded from merchant (Server=iRO)
5647,F_Bunny_Band_C,F Bunny Band C,Headgear,Regional/uncertain client entry excluded from merchant (Server=iRO)
5648,F_Centimental_Flower_C,F Centimental Flower C,Headgear,Regional/uncertain client entry excluded from merchant (Server=iRO)
5649,F_Apple_Of_Archer_C,F Apple Of Archer C,Headgear,Regional/uncertain client entry excluded from merchant (Server=iRO)
5650,F_Elven_Ears_C,F Elven Ears C,Headgear,Regional/uncertain client entry excluded from merchant (Server=iRO)
5651,F_Brooch_C,F Brooch C,Accessories,Regional/uncertain client entry excluded from merchant (Server=iRO)
5652,F_Magestic_Goat_C,F Magestic Goat C,Headgear,Regional/uncertain client entry excluded from merchant (Server=iRO)
5653,Darkness_Helm_J,Darkness Helm,Headgear,Regional/uncertain client entry excluded from merchant (Server=jRO)
5655,Dark_Snake_Lord_Hat_J,Evil Snake Lord Hat,Headgear,Regional/uncertain client entry excluded from merchant (Server=jRO)
5656,Scooter_Hat_J,Scooter Helmet,Headgear,Regional/uncertain client entry excluded from merchant (Server=jRO)
5657,Antique_Pipe_J,Captain's Pipe,Headgear,Regional/uncertain client entry excluded from merchant (Server=jRO)
5659,Sleepr_Hat,Sleeper Hat,Headgear,Regional/uncertain client entry excluded from merchant (Server=jRO)
5663,Libra_Diadem,Libra Diadem,Headgear,Regional/uncertain client entry excluded from merchant (Server=iRO)
5669,Poring_Party_Hat_J,Poring Party Hat J,Headgear,Regional/uncertain client entry excluded from merchant (Server=jRO)
5670,Aniv_Star_Hat,Aniv Star Hat,Headgear,Regional/uncertain client entry excluded from merchant (Server=jRO)
5672,Southern_Cross,Southern Cross,Headgear,Regional/uncertain client entry excluded from merchant (Server=jRO)
5673,Home_Cherry_Blossom,Home Cherry Blossom,Headgear,Regional/uncertain client entry excluded from merchant (Server=jRO)
5674,Pig_Moneybox,Pig Moneybox,Headgear,Regional/uncertain client entry excluded from merchant (Server=jRO)
5675,Poring_Letter,Poring Letter,Headgear,Regional/uncertain client entry excluded from merchant (Server=jRO)
5679,Engineer_Cap,Engineer Cap,Headgear,Regional/uncertain client entry excluded from merchant (Server=jRO)
5680,Hawkeyes,Hawkeyes,Headgear,Regional/uncertain client entry excluded from merchant (Server=jRO)
5693,No_Fear_Underware,No Fear Underwear,Headgear,Regional/uncertain client entry excluded from merchant (Server=iRO)
5694,No_Fear_P_Headgear,No Fear P Headgear,Headgear,Regional/uncertain client entry excluded from merchant (Server=iRO)
5737,Cactus_Hat,Cactus Hat,Headgear,Regional/uncertain client entry excluded from merchant (Server=jRO)
5739,Sagittarius_Crown,Sagittarius Crown,Headgear,Regional/uncertain client entry excluded from merchant (Server=jRO)
5740,Sagittarius_Diadem,Sagittarius Diadem,Headgear,Regional/uncertain client entry excluded from merchant (Server=iRO)
5743,Orange_Stem_Hat,Orange Stem Hat,Headgear,Regional/uncertain client entry excluded from merchant (Server=jRO)
5744,Capricon_Crown,Capricorn Crown,Headgear,Regional/uncertain client entry excluded from merchant (Server=iRO)
5745,Capricon_Diadem,Capricorn Diadem,Headgear,Regional/uncertain client entry excluded from merchant (Server=iRO)
5759,Noah_Hat,Noah Hat,Headgear,Regional/uncertain client entry excluded from merchant (Server=jRO)
5763,Red_Bunny_Band,Red Bunny Band,Headgear,Regional/uncertain client entry excluded from merchant (Server=iRO)
5764,Love_Rabbit_Hood,Love Rabbit Hood,Headgear,Regional/uncertain client entry excluded from merchant (Server=jRO)
5765,Black_Tail_Ribbon,Black Tail Ribbon,Headgear,Regional/uncertain client entry excluded from merchant (Server=jRO)
5768,Sakura_Coronet,Sakura Coronet,Headgear,Regional/uncertain client entry excluded from merchant (Server=jRO)
5776,Blazing_Sun,Blazing Sun,Headgear,Regional/uncertain client entry excluded from merchant (Server=jRO)
5777,Remover_Hat,Remover Hat,Headgear,Regional/uncertain client entry excluded from merchant (Server=jRO)
5782,Hoplite_Helmet,Legionaire Helm,Headgear,Regional/uncertain client entry excluded from merchant (Server=jRO)
5783,YellowBunny_Hairband,YellowBunny Hairband,Headgear,Regional/uncertain client entry excluded from merchant (Server=iRO)
5784,PinkBunny_Hairband,PinkBunny Hairband,Headgear,Regional/uncertain client entry excluded from merchant (Server=iRO)
5785,Green_Bunny_Hairband,Green Bunny Hairband,Headgear,Regional/uncertain client entry excluded from merchant (Server=iRO)
5789,Thanatos_Mal_Mask,Thanatos Mal Mask,Headgear,Regional/uncertain client entry excluded from merchant (Server=jRO)
5790,Holy_Mom_Love,TM,Headgear,Regional/uncertain client entry excluded from merchant (Server=jRO)
5791,Tenkaippin_Ramen,Tenkaippin Ramen,Headgear,Regional/uncertain client entry excluded from merchant (Server=jRO)
5795,Red_Dress_Hat,Bright Red Dress Hat,Headgear,Regional/uncertain client entry excluded from merchant (Server=jRO)
5814,Ati_Atihan_Hat3,2011 Pagdayaw,Headgear,Regional/uncertain client entry excluded from merchant (Server=iRO)
5829,Ordinary_Armor,Ordinary Armor,Armor,Regional/uncertain client entry excluded from merchant (Server=iRO)
5830,Woe_Sahkkat,Woe Sahkkat,Headgear,Regional/uncertain client entry excluded from merchant (Server=iRO)
5831,Woe_Big_Sis_Ribbon,Woe Big Sis Ribbon,Headgear,Regional/uncertain client entry excluded from merchant (Server=iRO)
5832,Woe_Vane_Hairpin,Woe Vane Hairpin,Headgear,Regional/uncertain client entry excluded from merchant (Server=iRO)
5833,Woe_Picnic_Hat,Woe Picnic Hat,Headgear,Regional/uncertain client entry excluded from merchant (Server=iRO)
5834,Woe_Crown,Woe Crown,Headgear,Regional/uncertain client entry excluded from merchant (Server=iRO)
5835,Woe_Tiara,Woe Tiara,Headgear,Regional/uncertain client entry excluded from merchant (Server=iRO)
5836,Woe_Boys_Cap,Woe Boys Cap,Headgear,Regional/uncertain client entry excluded from merchant (Server=iRO)
5837,Woe_Sunglass,Woe Sunglass,Headgear,Regional/uncertain client entry excluded from merchant (Server=iRO)
5838,Woe_Fin_Helm,Woe Fin Helm,Headgear,Regional/uncertain client entry excluded from merchant (Server=iRO)
5839,Woe_Blush,Woe Blush,Headgear,Regional/uncertain client entry excluded from merchant (Server=iRO)
5840,Woe_Elven_Ears,Woe Elven Ears,Headgear,Regional/uncertain client entry excluded from merchant (Server=iRO)
5841,Shaman_Hat_,Shaman Hat,Headgear,Regional/uncertain client entry excluded from merchant (Server=idRO)
5848,Robin_Eyepatch,Robin Eyepatch,Headgear,Regional/uncertain client entry excluded from merchant (Server=iRO)
5849,Doctor_Hairband,Doctor Hairband,Headgear,Regional/uncertain client entry excluded from merchant (Server=iRO)
5865,Filir_Wing_Ears,Filir's Wing Ears,Headgear,Regional/uncertain client entry excluded from merchant (Server=jRO)
5866,Red_Cherry_Blossom,Red Cherry Blossom,Headgear,Regional/uncertain client entry excluded from merchant (Server=jRO)
5867,Hat_Of_Drowsy_Cat,Sleeping Cat,Headgear,Regional/uncertain client entry excluded from merchant (Server=jRO)
5868,Bushy_Moustache,Bushy Moustache,Headgear,Regional/uncertain client entry excluded from merchant (Server=bRO)
5869,Mimic_Egg_Shell,Mimic Egg Shell,Headgear,Regional/uncertain client entry excluded from merchant (Server=bRO)
5870,Bunny_Egg_Shell,Bunny Egg Shell,Headgear,Regional/uncertain client entry excluded from merchant (Server=bRO)
5871,Picky_Egg_Shell,Picky Egg Shell,Headgear,Regional/uncertain client entry excluded from merchant (Server=bRO)
5873,Helmet_Of_Siegfried,Helmet Of Siegfried,Headgear,Regional/uncertain client entry excluded from merchant (Server=iRO)
5874,Circlet_Of_Kriemhild,Circlet Of Kriemhild,Headgear,Regional/uncertain client entry excluded from merchant (Server=iRO)
5875,Diadem_Of_Bruenhild,Diadem Of Bruenhild,Headgear,Regional/uncertain client entry excluded from merchant (Server=jRO)
5878,Miracle_Blue_Rose,Miracle Blue Rose,Headgear,Regional/uncertain client entry excluded from merchant (Server=jRO)
5879,Poring_Sunglasses_J,Poring Sunglasses,Headgear,Regional/uncertain client entry excluded from merchant (Server=jRO)
5880,Cheering_Whistle_J,Cheering Whistle,Headgear,Regional/uncertain client entry excluded from merchant (Server=jRO)
5881,Weissbier_Hat,Weissbier Hat,Headgear,Regional/uncertain client entry excluded from merchant (Server=bRO)
5888,Wedding_Veil_,Wedding Veil,Headgear,Regional/uncertain client entry excluded from merchant (Server=jRO)
5889,L_Orc_Hero_Helm_,Large Orc Hero Helm,Headgear,Regional/uncertain client entry excluded from merchant (Server=jRO)
5890,Angel_Earing,Angel's Whisper,Headgear,Regional/uncertain client entry excluded from merchant (Server=bRO)
5891,Black_Cat_Hat,Black Cat Hat,Headgear,Regional/uncertain client entry excluded from merchant (Server=twRO)
5896,EGGTART_HAT,Egg Tart Hat,Headgear,Regional/uncertain client entry excluded from merchant (Server=twRO)
5897,Ascendant_Crown_,Ascendant Crown,Headgear,Regional/uncertain client entry excluded from merchant (Server=iRO)
5898,Autumn_Headband,Autumn Headband,Headgear,Regional/uncertain client entry excluded from merchant (Server=iRO)
5899,Black_Ribbon_,Black Ribbon,Headgear,Regional/uncertain client entry excluded from merchant (Server=iRO)
5900,Divine_Guard_Hat_,Divine Guard Hat,Headgear,Regional/uncertain client entry excluded from merchant (Server=iRO)
5901,Focus_Beret_,Focus Beret,Headgear,Regional/uncertain client entry excluded from merchant (Server=iRO)
5902,Harvester_Hat_,Harvester Hat,Headgear,Regional/uncertain client entry excluded from merchant (Server=iRO)
5903,Hitaikakushi_,Deadman Bandana,Headgear,Regional/uncertain client entry excluded from merchant (Server=iRO)
5904,Inconspicuous_Hat_,Inconspicuous Hat,Headgear,Regional/uncertain client entry excluded from merchant (Server=iRO)
5905,Lyrica_Hat_,Lyrica Hat,Headgear,Regional/uncertain client entry excluded from merchant (Server=iRO)
5906,Oni_Horns_,Oni Horns,Headgear,Regional/uncertain client entry excluded from merchant (Server=iRO)
5907,Sea_Captain_Hat_,Sea Captain Hat,Headgear,Regional/uncertain client entry excluded from merchant (Server=iRO)
5908,Accessory_of_Ascetic,Priest Decoration,Headgear,Regional/uncertain client entry excluded from merchant (Server=jRO)
5916,Exosrcist_Glass,Exorcist Glasses,Headgear,Regional/uncertain client entry excluded from merchant (Server=jRO)
5917,Yellow_Scarf,Yellow Scarf,Headgear,Regional/uncertain client entry excluded from merchant (Server=jRO)
5918,Gambler_Seal,Gambler's Seal,Headgear,Regional/uncertain client entry excluded from merchant (Server=jRO)
5919,Camellia_Hair_Pin,Camellia Hair Ornament,Headgear,Regional/uncertain client entry excluded from merchant (Server=jRO)
5920,Medical_Boots,Medical Boots,Shoes,Regional/uncertain client entry excluded from merchant (Server=jRO)
5921,Monster_Fish_Gill,Monster Fish Gills,Headgear,Regional/uncertain client entry excluded from merchant (Server=jRO)
5924,DragonKnight_Eyepatch,Dragon Knight Eye Patch,Headgear,Regional/uncertain client entry excluded from merchant (Server=jRO)
5930,Magical_Feather,Magical Feather,Headgear,Regional/uncertain client entry excluded from merchant (Server=jRO)
5931,Niflheim_Bunny_Hat,Niflheim Bunny Hat,Headgear,Regional/uncertain client entry excluded from merchant (Server=jRO)
5932,Heaven_Cage,Paradise Bird Cage,Headgear,Regional/uncertain client entry excluded from merchant (Server=jRO)
5933,Crow_Tengu_Mask,Crow Tengu Mask,Headgear,Regional/uncertain client entry excluded from merchant (Server=jRO)
5934,Happy_Balloon_J,Happy Balloon,Headgear,Regional/uncertain client entry excluded from merchant (Server=jRO)
5937,Flying_Helmet,Flying Helmet,Headgear,Regional/uncertain client entry excluded from merchant (Server=jRO)
5938,Octopus_Hat_J,Octopus Hat,Headgear,Regional/uncertain client entry excluded from merchant (Server=jRO)
5940,Boitata_Hat_J,Boitata Hat,Headgear,Regional/uncertain client entry excluded from merchant (Server=jRO)
5943,Owlviscount_Silk_Hat,Owl Viscount Silk Hat,Headgear,Regional/uncertain client entry excluded from merchant (Server=jRO)
5945,Red_Pencil_Mouth,Well-Chewed Pencil (Red),Headgear,Regional/uncertain client entry excluded from merchant (Server=jRO)
5946,Drama_Clockwork,Drama Clockwork,Headgear,Regional/uncertain client entry excluded from merchant (Server=jRO)
5953,Love_Guard_L,[Rental] Love Guard,Headgear,Regional/uncertain client entry excluded from merchant (Server=jRO)
5963,Wing_Headphone,Wing Headphone,Headgear,Regional/uncertain client entry excluded from merchant (Server=iRO)
5965,Riot_Chip_J,Riot Chip,Headgear,Regional/uncertain client entry excluded from merchant (Server=jRO)
5966,KarduiEar,Kardui Ear,Headgear,Regional/uncertain client entry excluded from merchant (Server=jRO)
5967,FlyingGalapago,Flying Galapago,Headgear,Regional/uncertain client entry excluded from merchant (Server=jRO)
5968,DVAngelNurseCap,Clergy Nurse Cap,Headgear,Regional/uncertain client entry excluded from merchant (Server=jRO)
5969,QueenAnzRevenge,Queen Anz Revenge,Headgear,Regional/uncertain client entry excluded from merchant (Server=jRO)
5970,RuneHelm,Rune Helm,Headgear,Regional/uncertain client entry excluded from merchant (Server=jRO)
5971,Moon_Eyepatch,Moon Eyepatch,Headgear,Regional/uncertain client entry excluded from merchant (Server=jRO)
5972,Chatty_Parrot,Chatty Parrot,Headgear,Regional/uncertain client entry excluded from merchant (Server=jRO)
5973,Ancient_Elven_Ear_J,Ancient Elven Ear,Headgear,Regional/uncertain client entry excluded from merchant (Server=jRO)
5975,Zherlthsh_Doll,Zealotus Doll,Headgear,Regional/uncertain client entry excluded from merchant (Server=jRO)
5978,Toy_Syringe,Toy Syringe,Headgear,Regional/uncertain client entry excluded from merchant (Server=jRO)
5986,Whikebain_Ears_,Wickebine's Black Cat Ears,Headgear,Regional/uncertain client entry excluded from merchant (Server=jRO)
13053,F_Moonlight_Sword_C,Moonlight Sword,Weapons,Regional/uncertain client entry excluded from merchant (Server=iRO)
13054,F_Combat_Knife_C,Combat Knife,Weapons,Regional/uncertain client entry excluded from merchant (Server=iRO)
13055,F_Asura_C,Asura,Weapons,Regional/uncertain client entry excluded from merchant (Server=iRO)
13056,F_Counter_Dagger_C,Counter Dagger,Weapons,Regional/uncertain client entry excluded from merchant (Server=iRO)
13073,Counter_Dagger_,Counter Dagger,Weapons,Regional/uncertain client entry excluded from merchant (Server=jRO)
13077,Kagekiri,Kagekiri,Weapons,Regional/uncertain client entry excluded from merchant (Server=iRO)
13080,Rogue_Kinfe,Rogue Kinfe,Weapons,Regional/uncertain client entry excluded from merchant (Server=jRO)
13081,Octo_kitchen_Knife,Octopus Knife,Weapons,Regional/uncertain client entry excluded from merchant (Server=jRO)
13082,Ivory_Knife_,Ivory Knife,Weapons,Regional/uncertain client entry excluded from merchant (Server=jRO)
13084,Eihwaz_Knife,Eihwaz Knife,Weapons,Regional/uncertain client entry excluded from merchant (Server=jRO)
13085,Volcano_Knife,Volcano Knife,Weapons,Regional/uncertain client entry excluded from merchant (Server=jRO)
13087,Hagalas_Knife,Hagalas Knife,Weapons,Regional/uncertain client entry excluded from merchant (Server=jRO)
13091,Owl_Cutter,Owl's Dagger,Weapons,Regional/uncertain client entry excluded from merchant (Server=jRO)
13097,Ru_Blue_Dagger,Blue Dagger,Weapons,Regional/uncertain client entry excluded from merchant (Server=iRO)
13098,Ru_Blue_Ashura,Blue Ashura,Weapons,Regional/uncertain client entry excluded from merchant (Server=iRO)
13099,Ru_Blue_Knife,Blue Knife,Weapons,Regional/uncertain client entry excluded from merchant (Server=iRO)
13130,Gun_of_Trust,Thunder Gun,Weapons,Regional/uncertain client entry excluded from merchant (Server=jRO)
13131,Gun_of_Trust2,[Rental] Hunting Gun,Weapons,Regional/uncertain client entry excluded from merchant (Server=jRO)
13133,UnrivaledGun,Unrivaled Gun,Weapons,Regional/uncertain client entry excluded from merchant (Server=jRO)
13134,ALTAIR_ARES_J,Altair Ares,Weapons,Regional/uncertain client entry excluded from merchant (Server=jRO)
13135,H_FEATHER_H_FIRE_J,Heaven's Feather & Hell's Fire,Weapons,Regional/uncertain client entry excluded from merchant (Server=jRO)
13137,Avenger_Revolver,Avenger Handgun,Weapons,Regional/uncertain client entry excluded from merchant (Server=jRO)
13139,Blue_Gun,Blue Gun,Weapons,Regional/uncertain client entry excluded from merchant (Server=jRO)
13140,Diva_Handgun,Diva Handgun,Weapons,Regional/uncertain client entry excluded from merchant (Server=jRO)
13141,Mirage_Handgun,Mirage Handgun,Weapons,Regional/uncertain client entry excluded from merchant (Server=jRO)
13142,Sinister_Revolver_J,Handgun of Evil,Weapons,Regional/uncertain client entry excluded from merchant (Server=jRO)
13333,Diva_Huuma,Diva Huuma,Weapons,Regional/uncertain client entry excluded from merchant (Server=jRO)
13334,Mirage_Huuma,Mirage Huuma,Weapons,Regional/uncertain client entry excluded from merchant (Server=jRO)
13335,Sinister_Huuma_J,Huuma of Evil,Weapons,Regional/uncertain client entry excluded from merchant (Server=jRO)
13339,Neev_Huuma_Shuriken,Neev Huuma Shuriken,Weapons,Regional/uncertain client entry excluded from merchant (Server=jRO)
13340,Huuma_Hundred_Petal_J,Huuma Shuriken of Dancing Petals,Weapons,Regional/uncertain client entry excluded from merchant (Server=jRO)
13343,Variant_Huuma,Abyss Huuma,Weapons,Regional/uncertain client entry excluded from merchant (Server=jRO)
13426,F_Cutlas_C,Cutlus,Weapons,Regional/uncertain client entry excluded from merchant (Server=iRO)
13427,F_Solar_Sword_C,Solar Sword,Weapons,Regional/uncertain client entry excluded from merchant (Server=iRO)
13428,Priest_Sword,Priest Sword,Weapons,Regional/uncertain client entry excluded from merchant (Server=jRO)
13433,Academy_Sword,Academy Sword,Weapons,Regional/uncertain client entry excluded from merchant (Server=idRO)
13435,Fire_Brand_,Fireblend,Weapons,Regional/uncertain client entry excluded from merchant (Server=jRO)
13436,Ice_Falchon_,Ice Falchion,Weapons,Regional/uncertain client entry excluded from merchant (Server=jRO)
13437,Orcish_Sword_,Orcish Sword,Weapons,Regional/uncertain client entry excluded from merchant (Server=jRO)
13438,Magical_Blade,Magical Blade,Weapons,Regional/uncertain client entry excluded from merchant (Server=jRO)
13444,Pala,Pala,Weapons,Regional/uncertain client entry excluded from merchant (Server=iRO)
13446,Star_Dust_Blade_,Star Dust Blade,Weapons,Regional/uncertain client entry excluded from merchant (Server=jRO)
13447,Byeorrun_Gum_,Byeollungum,Weapons,Regional/uncertain client entry excluded from merchant (Server=jRO)
13448,Magical_Blade_,Magical Blade,Weapons,Regional/uncertain client entry excluded from merchant (Server=jRO)
13449,Gladius_Daemonicus,Gladius Daemonicus,Weapons,Regional/uncertain client entry excluded from merchant (Server=iRO)
13451,Ru_Blue_Sword,Ru Blue Sword,Weapons,Regional/uncertain client entry excluded from merchant (Server=iRO)
13452,Ru_Gold_Sword,Ru Gold Sword,Weapons,Regional/uncertain client entry excluded from merchant (Server=iRO)
13453,Mysteltainn_S,Mysteltainn,Weapons,Regional/uncertain client entry excluded from merchant (Server=jRO)
13465,Save_The_King,Save the King,Weapons,Regional/uncertain client entry excluded from merchant (Server=jRO)
13466,Diva_Blade,Diva Blade,Weapons,Regional/uncertain client entry excluded from merchant (Server=jRO)
13467,Mirage_Blade,Mirage Blade,Weapons,Regional/uncertain client entry excluded from merchant (Server=jRO)
13468,Sinister_Saber_J,Saber of Evil,Weapons,Regional/uncertain client entry excluded from merchant (Server=jRO)
13470,Sealed_Magic_SwordJ,Sealed Magic Sword,Weapons,Regional/uncertain client entry excluded from merchant (Server=jRO)
13471,Sealed_Evil_SwordJ,Sealed Evil Sword,Weapons,Regional/uncertain client entry excluded from merchant (Server=jRO)
13472,Sealed_Max_SwordJ,Sealed Maximum Sword,Weapons,Regional/uncertain client entry excluded from merchant (Server=jRO)
13473,Gods_Sword,God's Sword,Weapons,Regional/uncertain client entry excluded from merchant (Server=jRO)
13492,Variant_Blade,Abyss Blade,Weapons,Regional/uncertain client entry excluded from merchant (Server=jRO)
15022,Brazil_Swimsuit,Brazil Swimsuit,Armor,Regional/uncertain client entry excluded from merchant (Server=iRO)
15041,Boitata_Armor,Boitata Armor,Armor,Regional/uncertain client entry excluded from merchant (Server=iRO)
15045,Armor_Of_Valor,Armor Of Valor,Armor,Regional/uncertain client entry excluded from merchant (Server=idRO)
15049,Armor_Of_Faith,Armor Of Faith,Armor,Regional/uncertain client entry excluded from merchant (Server=bRO)
15050,Armor_Of_Sanctity,Armor Of Sanctity,Armor,Regional/uncertain client entry excluded from merchant (Server=twRO)
15057,Pure_White_Apron,Pure White Apron,Armor,Regional/uncertain client entry excluded from merchant (Server=jRO)
15060,Sky_Blue_Smock,Sky Blue Smock,Armor,Regional/uncertain client entry excluded from merchant (Server=jRO)
15061,Egir_Armor,Egir Armor,Armor,Regional/uncertain client entry excluded from merchant (Server=jRO)
15069,Suit_Of_Sid,Suit Of Sid,Armor,Regional/uncertain client entry excluded from merchant (Server=bRO)
15071,Valkyrie_Robe,Valkyrian Robe,Armor,Regional/uncertain client entry excluded from merchant (Server=jRO)
15072,Nectar_Suit,Nectar Suit,Armor,Regional/uncertain client entry excluded from merchant (Server=jRO)
15075,GC_Battle_Armor,Guillotine Cross Battle Armor,Armor,Regional/uncertain client entry excluded from merchant (Server=bRO)
15076,RA_Battle_Armor,Ranger Battle Armor,Armor,Regional/uncertain client entry excluded from merchant (Server=bRO)
15077,LG_Battle_Armor,Royal Guard Battle Armor,Armor,Regional/uncertain client entry excluded from merchant (Server=bRO)
15078,RK_Battle_Armor,Rune Knight Battle Armor,Armor,Regional/uncertain client entry excluded from merchant (Server=bRO)
15079,NC_Battle_Armor,Mechanic Battle Armor,Armor,Regional/uncertain client entry excluded from merchant (Server=bRO)
15080,SC_Battle_Armor,Shadow Chaser Battle Armor,Armor,Regional/uncertain client entry excluded from merchant (Server=bRO)
15081,SR_Battle_Armor,Sura Battle Armor,Armor,Regional/uncertain client entry excluded from merchant (Server=bRO)
15082,AB_Battle_Armor,Arcbishop Battle Armor,Armor,Regional/uncertain client entry excluded from merchant (Server=bRO)
15083,WL_Battle_Armor,Warlock Battle Armor,Armor,Regional/uncertain client entry excluded from merchant (Server=bRO)
15084,WA_Battle_Armor,Performer Battle Armor,Armor,Regional/uncertain client entry excluded from merchant (Server=bRO)
15085,GN_Battle_Armor,Geneticist Battle Armor,Armor,Regional/uncertain client entry excluded from merchant (Server=bRO)
15086,Vermilion_Bird_Armor,Vermilion Bird Armor,Armor,Regional/uncertain client entry excluded from merchant (Server=jRO)
15087,Azure_Dragon_Armor,Azure Dragon Armor,Armor,Regional/uncertain client entry excluded from merchant (Server=jRO)
15088,School_Uniform,School Uniform,Armor,Regional/uncertain client entry excluded from merchant (Server=iRO)
15092,Black_Tortoise_Armor,Black Turtle Armor,Armor,Regional/uncertain client entry excluded from merchant (Server=jRO)
15099,White_Tiger_Armor,White Tiger Armor,Armor,Regional/uncertain client entry excluded from merchant (Server=jRO)
15102,Hunter_Mail,Hunter Mail,Armor,Regional/uncertain client entry excluded from merchant (Server=jRO)
15103,Kirin_Armor,Kirin Armor,Armor,Regional/uncertain client entry excluded from merchant (Server=jRO)
15104,FishingMan_Mail,Fisherman's Mail,Armor,Regional/uncertain client entry excluded from merchant (Server=jRO)
15105,Kaftan,Kaftan,Armor,Regional/uncertain client entry excluded from merchant (Server=iRO)
15106,Engineer_Mail,Engineer Mail,Armor,Regional/uncertain client entry excluded from merchant (Server=jRO)
15107,Entomologist_Mail,Entomologist Mail,Armor,Regional/uncertain client entry excluded from merchant (Server=jRO)
15108,VenomInsect_Armor,Venomous Insect Armor,Armor,Regional/uncertain client entry excluded from merchant (Server=jRO)
15109,Egregori_Mail,Egregori Mail,Armor,Regional/uncertain client entry excluded from merchant (Server=jRO)
15112,Military_Mail,Military Mail,Armor,Regional/uncertain client entry excluded from merchant (Server=jRO)
15113,Exorcist_Mail,Exorcist Mail,Armor,Regional/uncertain client entry excluded from merchant (Server=jRO)
15114,Wedding_Dress_,Wedding Dress,Armor,Regional/uncertain client entry excluded from merchant (Server=jRO)
15115,Rose_Robe,Rose Robe,Armor,Regional/uncertain client entry excluded from merchant (Server=jRO)
15122,Botany_Mail,Botany Mail,Armor,Regional/uncertain client entry excluded from merchant (Server=jRO)
15123,Whikebain_Suit,Whikebain Suit,Armor,Regional/uncertain client entry excluded from merchant (Server=jRO)
15124,Father_Mail,Holy Father Mail,Armor,Regional/uncertain client entry excluded from merchant (Server=jRO)
15125,FemaleDiver_Clothe,Female Diver's Suit,Armor,Regional/uncertain client entry excluded from merchant (Server=jRO)
15127,Female_Poring_Earmuff,Poring Girl Earrings,Headgear,Regional/uncertain client entry excluded from merchant (Server=bRO)
15130,Dragon_Mail,Dragon Mail,Armor,Regional/uncertain client entry excluded from merchant (Server=jRO)
15134,Vicious_Cloth,Vicious Cloth,Armor,Regional/uncertain client entry excluded from merchant (Server=jRO)
15135,Dragon_Cloth,Dragon Cloth,Armor,Regional/uncertain client entry excluded from merchant (Server=jRO)
15136,Tatenasi_Armor,Old Tatenasi Armor,Armor,Regional/uncertain client entry excluded from merchant (Server=jRO)
15137,Tatenasi_Armor_,Tatenasi Armor,Armor,Regional/uncertain client entry excluded from merchant (Server=jRO)
15139,Shepherd_Cloth,Shepherd Clothes,Armor,Regional/uncertain client entry excluded from merchant (Server=jRO)
15140,Natural_Cloth,Natural Cloth,Armor,Regional/uncertain client entry excluded from merchant (Server=jRO)
15142,Orca_Cloth,Orca Cloth,Armor,Regional/uncertain client entry excluded from merchant (Server=jRO)
15143,Vermin_Cloth,Vermin Cloth,Armor,Regional/uncertain client entry excluded from merchant (Server=jRO)
15144,Agricul_Cloth,Agriculture Clothes,Armor,Regional/uncertain client entry excluded from merchant (Server=jRO)
15145,EvilDragon_Armor,Evil Dragon Armor,Armor,Regional/uncertain client entry excluded from merchant (Server=jRO)
15148,Supplement_Part_Str_J,Powered Mail,Armor,Regional/uncertain client entry excluded from merchant (Server=jRO)
15149,Upgrade_Part_Plate_J,Guardian Unit,Armor,Regional/uncertain client entry excluded from merchant (Server=jRO)
15162,Lounge_Suit_,Lounge Suit,Armor,Regional/uncertain client entry excluded from merchant (Server=jRO)
15165,PureWhite_Marching_Hat,Pure White Marching Hat,Headgear,Regional/uncertain client entry excluded from merchant (Server=jRO)
15166,Necklace_Rosary,Rosary Necklace,Headgear,Regional/uncertain client entry excluded from merchant (Server=jRO)
15169,Kardui_Robe,Kardui Robe,Armor,Regional/uncertain client entry excluded from merchant (Server=jRO)
15170,Goibne's_Armor_,Goibne's Armor,Armor,Regional/uncertain client entry excluded from merchant (Server=jRO)
15171,Angeling_Suit,Angeling Suit,Armor,Regional/uncertain client entry excluded from merchant (Server=jRO)
15173,Cursed_Devils_Mail,Curse-Spell Mail,Armor,Regional/uncertain client entry excluded from merchant (Server=jRO)
15175,Armor_Of_Flamedragon,Flame Dragon Armor,Armor,Regional/uncertain client entry excluded from merchant (Server=jRO)
15187,Diva_Robe,Diva Robe,Armor,Regional/uncertain client entry excluded from merchant (Server=jRO)
15188,Mirage_Robe,Mirage Robe,Armor,Regional/uncertain client entry excluded from merchant (Server=jRO)
15189,Einherial_Armor,Einherjar Armor,Armor,Regional/uncertain client entry excluded from merchant (Server=jRO)
15191,Khalitzburg_Armor,Khalitzburg Knight Armor,Armor,Regional/uncertain client entry excluded from merchant (Server=jRO)
15196,Armor_Of_Seadragon,Sea Dragon Armor,Armor,Regional/uncertain client entry excluded from merchant (Server=jRO)
15204,Abyss_Dress,Abyss Dress,Armor,Regional/uncertain client entry excluded from merchant (Server=jRO)
15205,Holy_Coat,Medical Scrubs,Armor,Regional/uncertain client entry excluded from merchant (Server=jRO)
15208,Rora_Plate_Mail,Lola's Plate Mail,Armor,Regional/uncertain client entry excluded from merchant (Server=jRO)
15209,Drake_Coat,Drake Coat,Armor,Regional/uncertain client entry excluded from merchant (Server=jRO)
15213,YSF01_Plate_J,Y.S.F.0.1 Plate,Armor,Regional/uncertain client entry excluded from merchant (Server=jRO)
15237,Gods_Armor,God's Armor,Armor,Regional/uncertain client entry excluded from merchant (Server=jRO)
15241,Vigilante_Suits_J,Vigilante Suit,Armor,Regional/uncertain client entry excluded from merchant (Server=jRO)
15242,Robe_Of_Elemental_J,Spirit Robe,Armor,Regional/uncertain client entry excluded from merchant (Server=jRO)
15243,Golden_Ninja_Suit_J,Bodyguard Suit,Armor,Regional/uncertain client entry excluded from merchant (Server=jRO)
15244,Mine_Worker_Vest_J,Miner's Vest,Armor,Regional/uncertain client entry excluded from merchant (Server=jRO)
15245,Hippie_Cloth_J,Nature Suit,Armor,Regional/uncertain client entry excluded from merchant (Server=jRO)
15249,Antonio_Coat,Antonio's Coat,Armor,Regional/uncertain client entry excluded from merchant (Server=jRO)
15273,White_Shirt_J,White T-Shirt,Armor,Regional/uncertain client entry excluded from merchant (Server=jRO)
15274,White_Eco_Shirt_J,White Leaf T-Shirt,Armor,Regional/uncertain client entry excluded from merchant (Server=jRO)
15275,Doram_Only_Suit_J,Doram Suit,Armor,Regional/uncertain client entry excluded from merchant (Server=jRO)
15276,Doram_High_Suit_J,High-End Doram Suit,Armor,Regional/uncertain client entry excluded from merchant (Server=jRO)
15277,Doram_Ele_Suit_J,Special Doram Suit,Armor,Regional/uncertain client entry excluded from merchant (Server=jRO)
15283,Armor_of_Rosary,Mighty Black Threaded Armor,Armor,Regional/uncertain client entry excluded from merchant (Server=jRO)
15349,Brave_suit,Brave Suit,Armor,Regional/uncertain client entry excluded from merchant (Server=jRO)
15352,Nature_Dress,Nature Dress,Armor,Regional/uncertain client entry excluded from merchant (Server=jRO)
15367,Astraea_Armor,Asteria's Armor,Armor,Regional/uncertain client entry excluded from merchant (Server=iRO)
15374,lunar_eclipse_Armor_,Lunar Eclipse Armor,Armor,Regional/uncertain client entry excluded from merchant (Server=jRO)
15375,lunar_eclipse_Armor,Old Eclipse Outfit,Armor,Regional/uncertain client entry excluded from merchant (Server=jRO)
15384,Rite_Robe,Ritual Robe,Armor,Regional/uncertain client entry excluded from merchant (Server=jRO)
15386,Kings_Mail,King's Mail,Armor,Regional/uncertain client entry excluded from merchant (Server=jRO)
15387,Jirant_Dress,Witch's Dress,Armor,Regional/uncertain client entry excluded from merchant (Server=jRO)
15405,Fafnir_Scale_J,Fafnir Scale,Armor,Regional/uncertain client entry excluded from merchant (Server=jRO)
15407,WhiteknightArmor,Whiteknight Armor,Armor,Regional/uncertain client entry excluded from merchant (Server=jRO)
15417,Armor_of_Purple_Thread,Armor of Purple Thread,Armor,Regional/uncertain client entry excluded from merchant (Server=jRO)
15419,Armor_of_White_Thread,Armor of White Thread,Armor,Regional/uncertain client entry excluded from merchant (Server=jRO)
15420,Icefall_Dress,Icefall Dress,Armor,Regional/uncertain client entry excluded from merchant (Server=jRO)
15897,Rebirth_Circlet,Rebirth Crown,Headgear,Regional/uncertain client entry excluded from merchant (Server=jRO)
16008,F_Spanner_C,Spanner,Weapons,Regional/uncertain client entry excluded from merchant (Server=iRO)
16022,Nemesis_,Nemesis,Weapons,Regional/uncertain client entry excluded from merchant (Server=jRO)
16036,Ru_Blue_Mace,Blue Mace,Weapons,Regional/uncertain client entry excluded from merchant (Server=iRO)
16037,Ru_Gold_Mace,Ru Gold Mace,Weapons,Regional/uncertain client entry excluded from merchant (Server=iRO)
16043,Meteor_Strike,Meteor Strike,Weapons,Regional/uncertain client entry excluded from merchant (Server=jRO)
16049,Mace_of_Trust,Thunder Hammer,Weapons,Regional/uncertain client entry excluded from merchant (Server=jRO)
16050,Mace_of_Trust2,[Rental] Hunting Hammer,Weapons,Regional/uncertain client entry excluded from merchant (Server=jRO)
16051,Valkyrie_Hammer,Valkyrie Hammer,Weapons,Regional/uncertain client entry excluded from merchant (Server=jRO)
16052,Iron_Driver_,Iron Driver,Weapons,Regional/uncertain client entry excluded from merchant (Server=jRO)
16053,Lora_Iron_Ball,Lora's Iron Flail,Weapons,Regional/uncertain client entry excluded from merchant (Server=jRO)
16055,UnrivaledMace,Unrivaled Mace,Weapons,Regional/uncertain client entry excluded from merchant (Server=jRO)
16056,Veteran_Hammer_,Veteran Hammer,Weapons,Regional/uncertain client entry excluded from merchant (Server=jRO)
16057,Blue_Mace,Blue Mace,Weapons,Regional/uncertain client entry excluded from merchant (Server=jRO)
16058,Diva_Mace,Diva Mace,Weapons,Regional/uncertain client entry excluded from merchant (Server=jRO)
16059,Mirage_Mace,Mirage Mace,Weapons,Regional/uncertain client entry excluded from merchant (Server=jRO)
16061,Sinister_Mace_J,Mace of Evil,Weapons,Regional/uncertain client entry excluded from merchant (Server=jRO)
16087,Variant_Mace,Abyss Mace,Weapons,Regional/uncertain client entry excluded from merchant (Server=jRO)
18101,F_Bow_Of_Rudra_C,Rudra Bow,Weapons,Regional/uncertain client entry excluded from merchant (Server=iRO)
18115,Orc_Archer_Bow_,Orc Archer Bow,Weapons,Regional/uncertain client entry excluded from merchant (Server=jRO)
18117,Royal_Bow,Royal Bow,Weapons,Regional/uncertain client entry excluded from merchant (Server=jRO)
18125,Arcus_Daemonicus,Arcus Daemonicus,Weapons,Regional/uncertain client entry excluded from merchant (Server=iRO)
18126,Ru_Blue_Bow,Blue Bow,Weapons,Regional/uncertain client entry excluded from merchant (Server=iRO)
18127,Ru_Gold_Bow,Ru Gold Bow,Weapons,Regional/uncertain client entry excluded from merchant (Server=iRO)
18129,Ixion_Wing_S,Ixion Wing,Weapons,Regional/uncertain client entry excluded from merchant (Server=jRO)
18133,Bow_of_Trust,Lightning Bow,Weapons,Regional/uncertain client entry excluded from merchant (Server=jRO)
18137,Burning_Bow_,Burning Bow,Weapons,Regional/uncertain client entry excluded from merchant (Server=jRO)
18138,Frozen_Bow_,Frozen Bow,Weapons,Regional/uncertain client entry excluded from merchant (Server=jRO)
18139,Earth_Bow_,Earth Bow,Weapons,Regional/uncertain client entry excluded from merchant (Server=jRO)
18140,Gust_Bow_,Gust Bow,Weapons,Regional/uncertain client entry excluded from merchant (Server=jRO)
18142,UnrivaledBow,Unrivaled Bow,Weapons,Regional/uncertain client entry excluded from merchant (Server=jRO)
18143,Avenger_Hunter_Bow,Avenger Hunter Bow,Weapons,Regional/uncertain client entry excluded from merchant (Server=jRO)
18144,Blue_Bow,Blue Bow,Weapons,Regional/uncertain client entry excluded from merchant (Server=jRO)
18146,Diva_Wing,Diva Wing,Weapons,Regional/uncertain client entry excluded from merchant (Server=jRO)
18147,Mirage_Wing,Mirage Wing,Weapons,Regional/uncertain client entry excluded from merchant (Server=jRO)
18148,Sinister_Bow_J,Bow of Evil,Weapons,Regional/uncertain client entry excluded from merchant (Server=jRO)
18153,Neev_Bow_Of_Rogue,Neev Bow Of Rogue,Weapons,Regional/uncertain client entry excluded from merchant (Server=jRO)
18154,Neev_Hunter_Bow,Neev Hunter Bow,Weapons,Regional/uncertain client entry excluded from merchant (Server=jRO)
18155,Neev_CrossBow,Neev CrossBow,Weapons,Regional/uncertain client entry excluded from merchant (Server=jRO)
18163,Vigilante_Bow_J,Vigilante Bow,Weapons,Regional/uncertain client entry excluded from merchant (Server=jRO)
18177,Variant_Wing,Abyss Wing,Weapons,Regional/uncertain client entry excluded from merchant (Server=jRO)
18504,Anubis_Helm_J,Anubis Helm J,Headgear,Regional/uncertain client entry excluded from merchant (Server=jRO)
18509,RWC2010_Indonesia,RWC2010 Indonesia,Headgear,Regional/uncertain client entry excluded from merchant (Server=jRO)
18510,Blood_Angel_Hair_Band,Blood Angel Hair Band,Headgear,Regional/uncertain client entry excluded from merchant (Server=iRO)
18511,Blood_Angel_Wing_Ear,Blood Angel Wing Ear,Headgear,Regional/uncertain client entry excluded from merchant (Server=iRO)
18512,Necktie_Of_Tippler,Juho Necktie,Headgear,Regional/uncertain client entry excluded from merchant (Server=jRO)
18521,Lucky_Clover,Lucky Clover,Headgear,Regional/uncertain client entry excluded from merchant (Server=jRO)
18523,Super_Scell,Super Scell,Headgear,Regional/uncertain client entry excluded from merchant (Server=jRO)
18524,Dokkebi_Mask,Dokkebi Mask,Headgear,Regional/uncertain client entry excluded from merchant (Server=jRO)
18529,Drooping_Wild_Rose,Accurate Wild Rose,Headgear,Regional/uncertain client entry excluded from merchant (Server=jRO)
18530,Tha_Despero_Mask,Thanatos Despero Mask,Headgear,Regional/uncertain client entry excluded from merchant (Server=jRO)
18531,Drooping_Permeter,Drooping Permeter,Headgear,Regional/uncertain client entry excluded from merchant (Server=jRO)
18532,Heart_Ribbon_Band,Heart Ribbon Hairband,Headgear,Regional/uncertain client entry excluded from merchant (Server=jRO)
18533,Honeybee_Hat,Honey Bee Hat,Headgear,Regional/uncertain client entry excluded from merchant (Server=jRO)
18534,Fancy_Phantom_Mask,Fancy Phantom Mask,Headgear,Regional/uncertain client entry excluded from merchant (Server=jRO)
18535,Pumpkin_Hat_2010,Pumpkin Hat 2010,Headgear,Regional/uncertain client entry excluded from merchant (Server=jRO)
18538,Devil_Whisper,Spirit Whispers,Headgear,Regional/uncertain client entry excluded from merchant (Server=jRO)
18539,Skull_Cap,Skull Cap,Headgear,Regional/uncertain client entry excluded from merchant (Server=jRO)
18540,Evil_Mask,Evil Mask,Headgear,Regional/uncertain client entry excluded from merchant (Server=jRO)
18541,Little_Fhat,Little Feather Hat,Headgear,Regional/uncertain client entry excluded from merchant (Server=jRO)
18542,Love_Guard,Love Guard,Headgear,Regional/uncertain client entry excluded from merchant (Server=jRO)
18543,Witchs_Hat,Witchs Hat,Headgear,Regional/uncertain client entry excluded from merchant (Server=jRO)
18546,Lover_In_Mouth,Lover In Mouth,Headgear,Regional/uncertain client entry excluded from merchant (Server=jRO)
18547,Campus_Festival,Campus Festival,Headgear,Regional/uncertain client entry excluded from merchant (Server=jRO)
18548,Tiny_Hat,Tiny Hat,Headgear,Regional/uncertain client entry excluded from merchant (Server=jRO)
18549,Butterfly_Hairpin,Butterfly Hairpin,Headgear,Regional/uncertain client entry excluded from merchant (Server=jRO)
18550,Asgard_Blessing,Asgard Blessing,Headgear,Regional/uncertain client entry excluded from merchant (Server=iRO)
18551,Galaxy_Circlet,Galaxy Circlet,Headgear,Regional/uncertain client entry excluded from merchant (Server=jRO)
18552,Proba_Angel_Blessing,Proba Angel Blessing,Headgear,Regional/uncertain client entry excluded from merchant (Server=jRO)
18554,King_Prawn_Hat,King Prawn Hat,Headgear,Regional/uncertain client entry excluded from merchant (Server=jRO)
18555,General_Helmet,General Helmet,Headgear,Regional/uncertain client entry excluded from merchant (Server=jRO)
18558,Sinsuncho_Hat,Sinsuncho Hat,Headgear,Regional/uncertain client entry excluded from merchant (Server=jRO)
18561,B_Feather_Beret,B Feather Beret,Headgear,Regional/uncertain client entry excluded from merchant (Server=iRO)
18562,Bone_Hat,Bone Hat,Headgear,Regional/uncertain client entry excluded from merchant (Server=jRO)
18564,Love_Piece,Love Piece,Headgear,Regional/uncertain client entry excluded from merchant (Server=jRO)
18565,St_Pat_Hat,St Patrick's Hat,Headgear,Regional/uncertain client entry excluded from merchant (Server=iRO)
18568,Humming_Bird,Humming Bird,Headgear,Regional/uncertain client entry excluded from merchant (Server=jRO)
18571,Lucky_Hat,Lucky Hat,Headgear,Regional/uncertain client entry excluded from merchant (Server=jRO)
18573,White_Feather,White Feather,Headgear,Regional/uncertain client entry excluded from merchant (Server=jRO)
18575,Wunderkammer,Wunderkammer,Headgear,Regional/uncertain client entry excluded from merchant (Server=jRO)
18576,YinYang_Earring,YinYang Earring,Headgear,Regional/uncertain client entry excluded from merchant (Server=jRO)
18577,24_Bolt,24 Bolt,Headgear,Regional/uncertain client entry excluded from merchant (Server=jRO)
18578,Helm_Of_Valor,Helm Of Valor,Headgear,Regional/uncertain client entry excluded from merchant (Server=idRO)
18581,Red_Tiger_Mask,Red Tiger Mask,Headgear,Regional/uncertain client entry excluded from merchant (Server=iRO)
18582,Blue_Tiger_Mask,Blue Tiger Mask,Headgear,Regional/uncertain client entry excluded from merchant (Server=iRO)
18583,Navy_Drooping_Kitty,Navy Drooping Kitty,Headgear,Regional/uncertain client entry excluded from merchant (Server=iRO)
18584,Brown_Drooping_Kitty,Brown Drooping Kitty,Headgear,Regional/uncertain client entry excluded from merchant (Server=iRO)
18585,Orange_Bunny_Hairband,Orange Bunny Hairband,Headgear,Regional/uncertain client entry excluded from merchant (Server=iRO)
18586,Violet_Bunny_Hairband,Violet Bunny Hairband,Headgear,Regional/uncertain client entry excluded from merchant (Server=iRO)
18587,Blue_Bunny_Hairband,Blue Bunny Hairband,Headgear,Regional/uncertain client entry excluded from merchant (Server=iRO)
18588,Silvah_Bunny_Hairband,Silver Bunny Hairband,Headgear,Regional/uncertain client entry excluded from merchant (Server=iRO)
18589,Strawberry_Hat,Strawberry Hat,Headgear,Regional/uncertain client entry excluded from merchant (Server=iRO)
18590,Gemma_Hairband,Gemma Hairband,Headgear,Regional/uncertain client entry excluded from merchant (Server=jRO)
18591,Mini_Glasses_,Mini Glasses,Headgear,Regional/uncertain client entry excluded from merchant (Server=iRO)
18592,Nestea_Hat,Nestea Hat,Headgear,Regional/uncertain client entry excluded from merchant (Server=twRO)
18593,Fancy_Mini_Crown,Fancy Mini Crown,Headgear,Regional/uncertain client entry excluded from merchant (Server=jRO)
18594,Magni_Cap_,Magni Cap,Headgear,Regional/uncertain client entry excluded from merchant (Server=jRO)
18598,Mini_Tree_J,Mini Tree J,Headgear,Regional/uncertain client entry excluded from merchant (Server=jRO)
18604,Falcon_Mask,Falcon Mask,Headgear,Regional/uncertain client entry excluded from merchant (Server=jRO)
18605,Dark_Age,Dark Age,Headgear,Regional/uncertain client entry excluded from merchant (Server=jRO)
18606,Tear_Drop,Tear Drop,Headgear,Regional/uncertain client entry excluded from merchant (Server=jRO)
18610,7th_Anni_Hat_B,7th Anni Hat B,Headgear,Regional/uncertain client entry excluded from merchant (Server=idRO)
18611,Black_Glasses_,Black Glasses,Headgear,Regional/uncertain client entry excluded from merchant (Server=iRO)
18614,Grim_Reaper_Hat,Grim Reaper Hat,Headgear,Regional/uncertain client entry excluded from merchant (Server=iRO)
18615,Injured_Eyepatch,Injured Eyepatch,Headgear,Regional/uncertain client entry excluded from merchant (Server=iRO)
18616,Long_Tongue,Long Tongue,Headgear,Regional/uncertain client entry excluded from merchant (Server=jRO)
18617,Onigiri_In_Mouth,Onigiri In Mouth,Headgear,Regional/uncertain client entry excluded from merchant (Server=iRO)
18618,Airplane_Hat,Airplane Hat,Headgear,Regional/uncertain client entry excluded from merchant (Server=iRO)
18619,Thief_Bandana,Thief Bandana,Headgear,Regional/uncertain client entry excluded from merchant (Server=iRO)
18620,Heart_Eyepatch,Heart Eyepatch,Headgear,Regional/uncertain client entry excluded from merchant (Server=jRO)
18621,Gangster_Mask_A,Gangster Mask A,Headgear,Regional/uncertain client entry excluded from merchant (Server=iRO)
18622,Rocket_Helm1,Rocket Helm 1,Headgear,Regional/uncertain client entry excluded from merchant (Server=twRO)
18623,Rocket_Helm2,Rocket Helm 2,Headgear,Regional/uncertain client entry excluded from merchant (Server=twRO)
18624,Rocket_Helm3,Rocket Helm 3,Headgear,Regional/uncertain client entry excluded from merchant (Server=twRO)
18625,Rocket_Helm_RWC,Rocket Helm RWC,Headgear,Regional/uncertain client entry excluded from merchant (Server=idRO)
18627,Dried_Leaf,Dried Leaf,Headgear,Regional/uncertain client entry excluded from merchant (Server=iRO)
18628,Tare_Domovoi,Tare Brownie,Headgear,Regional/uncertain client entry excluded from merchant (Server=jRO)
18630,Alicel_Drooping_Doll,Drooping Alicel,Headgear,Regional/uncertain client entry excluded from merchant (Server=jRO)
18631,Ribbon_Chef_Hat,Ribbon Chef Hat,Headgear,Regional/uncertain client entry excluded from merchant (Server=iRO)
18636,Bridal_Ribbon,Bridal Ribbon,Headgear,Regional/uncertain client entry excluded from merchant (Server=iRO)
18638,Citron_Hat,Citron Hat,Headgear,Regional/uncertain client entry excluded from merchant (Server=iRO)
18639,Naval_Officer_Hat,Naval Officer Hat,Headgear,Regional/uncertain client entry excluded from merchant (Server=jRO)
18640,Starfish_Headband,Starfish Headband,Headgear,Regional/uncertain client entry excluded from merchant (Server=iRO)
18641,Ribbon_Magic_Hat,Ribbon Magic Hat,Headgear,Regional/uncertain client entry excluded from merchant (Server=iRO)
18642,Scissorhand_Model,Scissorhand Model,Headgear,Regional/uncertain client entry excluded from merchant (Server=iRO)
18643,Rockhand_Model,Rockhand Model,Headgear,Regional/uncertain client entry excluded from merchant (Server=iRO)
18644,Paperhand_Model,Paperhand Model,Headgear,Regional/uncertain client entry excluded from merchant (Server=iRO)
18645,Sailor_Hat,Sailor Hat,Headgear,Regional/uncertain client entry excluded from merchant (Server=jRO)
18646,Cow_Hat,Cow Hat,Headgear,Regional/uncertain client entry excluded from merchant (Server=iRO)
18647,Star_Eyepatch,Star Eyepatch,Headgear,Regional/uncertain client entry excluded from merchant (Server=iRO)
18648,Tongue_Charm,Tongue Charm,Headgear,Regional/uncertain client entry excluded from merchant (Server=iRO)
18649,Lude_Mask,Lude Mask,Headgear,Regional/uncertain client entry excluded from merchant (Server=jRO)
18651,Ignis_Cap,Ignis Cap,Headgear,Regional/uncertain client entry excluded from merchant (Server=jRO)
18652,Vanargand_Helm,Vanargandr Helm,Headgear,Regional/uncertain client entry excluded from merchant (Server=jRO)
18653,Deviruchi_Headphone,Deviruchi Headphone,Headgear,Regional/uncertain client entry excluded from merchant (Server=jRO)
18655,Goedo_Monocle,Goedo Monocle,Headgear,Regional/uncertain client entry excluded from merchant (Server=jRO)
18657,Pegasus_Wing_Ears,Pegasus Wing Ears,Headgear,Regional/uncertain client entry excluded from merchant (Server=jRO)
18658,Holy_Santa_Beard,Holy Santa Beard,Headgear,Regional/uncertain client entry excluded from merchant (Server=jRO)
18659,Boitata_Hat,Boitata Hat,Headgear,Regional/uncertain client entry excluded from merchant (Server=iRO)
18660,Indi_Feather_Band,Indian Feather Headband,Headgear,Regional/uncertain client entry excluded from merchant (Server=iRO)
18661,Trident_Helmet,Trident Helm,Headgear,Regional/uncertain client entry excluded from merchant (Server=iRO)
18662,Antler_Fedora,Antler Fedora,Headgear,Regional/uncertain client entry excluded from merchant (Server=iRO)
18663,Sunglasses_Bball_Hat,Sunglasses Baseball Hat,Headgear,Regional/uncertain client entry excluded from merchant (Server=iRO)
18664,Blind_Glasses,Stunner Shades,Headgear,Regional/uncertain client entry excluded from merchant (Server=jRO)
18665,Orange_In_Mouth,Orange In Mouth,Headgear,Regional/uncertain client entry excluded from merchant (Server=jRO)
18666,CD_In_Mouth,CD In Mouth,Headgear,Regional/uncertain client entry excluded from merchant (Server=jRO)
18667,Cat_Lace_Hairband,Cat Lace Hairband,Headgear,Regional/uncertain client entry excluded from merchant (Server=jRO)
18668,Droopy_Turtle_Hat,Droopy Turtle Hat,Headgear,Regional/uncertain client entry excluded from merchant (Server=iRO)
18669,Cowhide_Hat,Cowhide Hat,Headgear,Regional/uncertain client entry excluded from merchant (Server=iRO)
18670,Hankie_In_Mouth,Hankie In Mouth,Headgear,Regional/uncertain client entry excluded from merchant (Server=jRO)
18672,Tare_Pope,Drooping Pope,Headgear,Regional/uncertain client entry excluded from merchant (Server=jRO)
18674,Planewing_Hat,Planewing Hat,Headgear,Regional/uncertain client entry excluded from merchant (Server=iRO)
18675,Green_Apple_Hat,Green Apple Hat,Headgear,Regional/uncertain client entry excluded from merchant (Server=iRO)
18676,Hexagon_Spectacles,Hexagon Spectacles,Headgear,Regional/uncertain client entry excluded from merchant (Server=jRO)
18678,Leek_In_Mouth,Leek In Mouth,Headgear,Regional/uncertain client entry excluded from merchant (Server=iRO)
18679,Abacus_In_Mouth,Abacus In Mouth,Headgear,Regional/uncertain client entry excluded from merchant (Server=jRO)
18680,Tw_Frog_Hat,Tw Frog Hat,Headgear,Regional/uncertain client entry excluded from merchant (Server=iRO)
18681,Puppy_Ears_Hat,Puppy Ears Hat,Headgear,Regional/uncertain client entry excluded from merchant (Server=iRO)
18682,Teardrop,Teardrop,Headgear,Regional/uncertain client entry excluded from merchant (Server=iRO)
18683,Carrot_In_Mouth,Carrot In Mouth,Headgear,Regional/uncertain client entry excluded from merchant (Server=iRO)
18684,Showy_High_Cap,Showy High Cap,Headgear,Regional/uncertain client entry excluded from merchant (Server=iRO)
18685,Stardust_Hairband,Stardust Hairband,Headgear,Regional/uncertain client entry excluded from merchant (Server=jRO)
18690,Sirt_Evil_Eye,Sirt Evil Eye,Headgear,Regional/uncertain client entry excluded from merchant (Server=jRO)
18692,Mike_Hat,Mike Hat,Headgear,Regional/uncertain client entry excluded from merchant (Server=iRO)
18693,Sleeping_Kitty_Cat,Sleeping Kitty Cat,Headgear,Regional/uncertain client entry excluded from merchant (Server=iRO)
18694,Red_Hood,Red Hood,Headgear,Regional/uncertain client entry excluded from merchant (Server=iRO)
18695,Phoenix_Crown,Phoenix Crown,Headgear,Regional/uncertain client entry excluded from merchant (Server=iRO)
18696,Orange_Hat,Orange Hat,Headgear,Regional/uncertain client entry excluded from merchant (Server=iRO)
18697,Syringe_In_Mouth,Syringe In Mouth,Headgear,Regional/uncertain client entry excluded from merchant (Server=iRO)
18699,Starving_Fish_Hat,Starving Fish Hat,Headgear,Regional/uncertain client entry excluded from merchant (Server=jRO)
18700,Rabbit_Ribbon,Rabbit Ribbon,Headgear,Regional/uncertain client entry excluded from merchant (Server=iRO)
18701,Ancient_Civil_Man,Ancient Civil Man,Headgear,Regional/uncertain client entry excluded from merchant (Server=iRO)
18702,Shaving_Cream,Shaving Cream,Headgear,Regional/uncertain client entry excluded from merchant (Server=iRO)
18703,Stem_In_Mouth,Stem In Mouth,Headgear,Regional/uncertain client entry excluded from merchant (Server=iRO)
18704,Drosera_Hairpin,Drosera Hairpin,Headgear,Regional/uncertain client entry excluded from merchant (Server=jRO)
18706,Can_Hat,Can Hat,Headgear,Regional/uncertain client entry excluded from merchant (Server=iRO)
18707,Maneater_Flower_Hat,Maneater Flower Hat,Headgear,Regional/uncertain client entry excluded from merchant (Server=iRO)
18708,Candy_Hat,Candy Hat,Headgear,Regional/uncertain client entry excluded from merchant (Server=iRO)
18709,Black_Knitted_Hat,Black Knitted Hat,Headgear,Regional/uncertain client entry excluded from merchant (Server=iRO)
18710,Sugared_Fruit_Stick,Sugared Fruit Stick,Headgear,Regional/uncertain client entry excluded from merchant (Server=iRO)
18711,Electric_Sunglass,Electric Sunglass,Headgear,Regional/uncertain client entry excluded from merchant (Server=iRO)
18712,Fan_In_Mouth,Fan In Mouth,Headgear,Regional/uncertain client entry excluded from merchant (Server=iRO)
18713,Monkey_On_Fur_Hat,Monkey On Fur Hat,Headgear,Regional/uncertain client entry excluded from merchant (Server=iRO)
18714,Hippo_Hat,Hippo Hat,Headgear,Regional/uncertain client entry excluded from merchant (Server=jRO)
18715,Helm_Of_Thoth,Helm Of Thoth,Headgear,Regional/uncertain client entry excluded from merchant (Server=twRO)
18716,Strawberry_In_Mouth,Strawberry In Mouth,Headgear,Regional/uncertain client entry excluded from merchant (Server=iRO)
18718,Rose_Hairband,Rose Hairband,Headgear,Regional/uncertain client entry excluded from merchant (Server=iRO)
18720,Magical_Booster,Magical Booster,Headgear,Regional/uncertain client entry excluded from merchant (Server=jRO)
18725,Rabbit_Ear_Knit_Hat,Rabbit Ear Knitted Hat,Headgear,Regional/uncertain client entry excluded from merchant (Server=jRO)
18726,Sky_Helm,Sky Helm,Headgear,Regional/uncertain client entry excluded from merchant (Server=jRO)
18727,Sedora_Hat,Sedora Hat,Headgear,Regional/uncertain client entry excluded from merchant (Server=jRO)
18728,Egir_Helm,Egir Helm,Headgear,Regional/uncertain client entry excluded from merchant (Server=jRO)
18729,MVP_Basketball,MVP Basketball,Headgear,Regional/uncertain client entry excluded from merchant (Server=iRO)
18735,Drooping_Elven_Ears,Drooping Elven Ears,Headgear,Regional/uncertain client entry excluded from merchant (Server=jRO)
18737,Fortier_Mask,Fortier Masque,Headgear,Regional/uncertain client entry excluded from merchant (Server=jRO)
18738,White_Boys_Hat,Boys White Hat,Headgear,Regional/uncertain client entry excluded from merchant (Server=jRO)
18739,Carnation_Hairband,Carnation Hairband,Headgear,Regional/uncertain client entry excluded from merchant (Server=iRO)
18745,Choco_Stick_In_Mouth,Choco Stick In Mouth,Headgear,Regional/uncertain client entry excluded from merchant (Server=iRO)
18746,Chilly_Breath,Chilly Breath,Headgear,Regional/uncertain client entry excluded from merchant (Server=jRO)
18747,Eyes_Of_Ifrit,Eyes Of Ifrit,Headgear,Regional/uncertain client entry excluded from merchant (Server=iRO)
18748,Gold_Ingot_Poring_Hat,Gold Ingot Poring Hat,Headgear,Regional/uncertain client entry excluded from merchant (Server=iRO)
18749,Majoruros_Horn,Majoruros Horn,Headgear,Regional/uncertain client entry excluded from merchant (Server=iRO)
18750,Poker_Card_In_Mouth,Poker Card In Mouth,Headgear,Regional/uncertain client entry excluded from merchant (Server=iRO)
18751,Extreme_Luck_Clover,Super Lucky Clover,Headgear,Regional/uncertain client entry excluded from merchant (Server=jRO)
18753,Tw_Rice_Ball,Tw Rice Ball,Headgear,Regional/uncertain client entry excluded from merchant (Server=iRO)
18754,Blood_Sucker,Blood Sucker,Headgear,Regional/uncertain client entry excluded from merchant (Server=jRO)
18756,Black_Shiba_Inu_Hat,Black Shiba Inu Hat,Headgear,Regional/uncertain client entry excluded from merchant (Server=jRO)
18758,Hat_Of_Scrat,Hat Of Scrat,Headgear,Regional/uncertain client entry excluded from merchant (Server=bRO)
18759,Stretched_Nose_M,Wood Goblin's Nose,Headgear,Regional/uncertain client entry excluded from merchant (Server=jRO)
18777,Aladdin_Lamp,Aladdin Lamp,Headgear,Regional/uncertain client entry excluded from merchant (Server=bRO)
18778,Pink_Bunny_Band_J,Rabbit Hairband (Peach),Headgear,Regional/uncertain client entry excluded from merchant (Server=jRO)
18782,Butterfly_Wing_Ear_J,Butterfly Wing Ear,Headgear,Regional/uncertain client entry excluded from merchant (Server=jRO)
18783,Rose_Crown,Rose Crown,Headgear,Regional/uncertain client entry excluded from merchant (Server=jRO)
18784,Elder_Devil_Horn,Elder Devil Horn,Headgear,Regional/uncertain client entry excluded from merchant (Server=jRO)
18786,Anemos_Mask,Anemos Mask,Headgear,Regional/uncertain client entry excluded from merchant (Server=jRO)
18787,Goal_Tender_Mask,Goal Tender Mask,Headgear,Regional/uncertain client entry excluded from merchant (Server=jRO)
18788,Starlight_Scope,Starlight Scope,Headgear,Regional/uncertain client entry excluded from merchant (Server=jRO)
18789,Poison_Spore_Hat,Poison Spore Hat,Headgear,Regional/uncertain client entry excluded from merchant (Server=jRO)
18790,Rainbow_Poring_Hat,Rainbow Poring Hat,Headgear,Regional/uncertain client entry excluded from merchant (Server=bRO)
18791,Shrine_Maiden_Hat,Shrine Maiden Hat,Headgear,Regional/uncertain client entry excluded from merchant (Server=iRO)
18792,Idn_Sakkat,Indonesian Independence Sakkat,Headgear,Regional/uncertain client entry excluded from merchant (Server=idRO)
18793,Sorc_Night_Cap,Sorcerer's Night Cap,Headgear,Regional/uncertain client entry excluded from merchant (Server=iRO)
18797,Deep_Angel_Hairband,Deep Blue Angel Hairband,Headgear,Regional/uncertain client entry excluded from merchant (Server=iRO)
18798,Pink_Angel_Hairband,Pink Angel Hairband,Headgear,Regional/uncertain client entry excluded from merchant (Server=iRO)
18799,Nero_Mask,Nero Mask,Headgear,Regional/uncertain client entry excluded from merchant (Server=jRO)
18801,Gale_Hairband,Gale Hair Ornament,Headgear,Regional/uncertain client entry excluded from merchant (Server=jRO)
18802,Boss_Hat,Poring Fedora Hat,Headgear,Regional/uncertain client entry excluded from merchant (Server=jRO)
18803,Rose_Cascade,Rose Cascade,Headgear,Regional/uncertain client entry excluded from merchant (Server=jRO)
18804,Thornbush_Hairband,Thornbush Hairband,Headgear,Regional/uncertain client entry excluded from merchant (Server=jRO)
18805,Eclipse_Hat,Eclipse Hat,Headgear,Regional/uncertain client entry excluded from merchant (Server=iRO)
18806,Black_Rabbit_Hat,Black Rabbit Hat,Headgear,Regional/uncertain client entry excluded from merchant (Server=iRO)
18807,Yellow_Yuzu_Hat,Yellow Yuzu Hat,Headgear,Regional/uncertain client entry excluded from merchant (Server=iRO)
18808,Wing_Form_Spectacle,Wing Style Spectacle,Headgear,Regional/uncertain client entry excluded from merchant (Server=jRO)
18809,8th_Anni_Hat_B,Bandana 8th Anniversary,Headgear,Regional/uncertain client entry excluded from merchant (Server=bRO)
18811,JRO_White_Snake,White Snake,Headgear,Regional/uncertain client entry excluded from merchant (Server=jRO)
18812,Elder_Crown,Elder Crown,Headgear,Regional/uncertain client entry excluded from merchant (Server=jRO)
18814,Angel_School_Cap,Angel School Cap,Headgear,Regional/uncertain client entry excluded from merchant (Server=iRO)
18815,Devil_School_Cap,Devil School Cap,Headgear,Regional/uncertain client entry excluded from merchant (Server=iRO)
18816,Adv_Angel_School_Cap,Evoked Angel School Cap,Headgear,Regional/uncertain client entry excluded from merchant (Server=iRO)
18817,Adv_Devil_School_Cap,Evoked Devil School Cap,Headgear,Regional/uncertain client entry excluded from merchant (Server=iRO)
18818,Red_Pencil_In_Mouth,Red Pencil In Mouth,Headgear,Regional/uncertain client entry excluded from merchant (Server=iRO)
18819,Blue_Pencil_In_Mouth,Blue Pencil In Mouth,Headgear,Regional/uncertain client entry excluded from merchant (Server=jRO)
18822,Flame_Wing_Ear,Flame Wing Ear,Headgear,Regional/uncertain client entry excluded from merchant (Server=jRO)
18823,Imperial_Feather,Imperial Feather,Headgear,Regional/uncertain client entry excluded from merchant (Server=jRO)
18824,Mask_Of_Bankrupt,Bankruptcy Mask,Headgear,Regional/uncertain client entry excluded from merchant (Server=jRO)
18825,Money_Lost_Spirit,Grief for Greed,Headgear,Regional/uncertain client entry excluded from merchant (Server=jRO)
18827,Valkyrie_Circlet,Valkyrie Circlet,Headgear,Regional/uncertain client entry excluded from merchant (Server=jRO)
18831,2012RMSCNO4,2012 RWC Special Helmet,Headgear,Regional/uncertain client entry excluded from merchant (Server=bRO)
18832,Rolf_Von_Gigue_666,Rolf Von Gigue 666,Headgear,Regional/uncertain client entry excluded from merchant (Server=jRO)
18833,Marin_Crown,Marin Crown,Headgear,Regional/uncertain client entry excluded from merchant (Server=iRO)
18834,Sakura_Hairband,Sakura Hairband,Headgear,Regional/uncertain client entry excluded from merchant (Server=jRO)
18838,Angeling_Woolly_Hat,Angeling Woolly Hat,Headgear,Regional/uncertain client entry excluded from merchant (Server=iRO)
18839,Poring_Sunglasses,Poring Sunglasses,Headgear,Regional/uncertain client entry excluded from merchant (Server=iRO)
18841,Small_Poring_Band,Small Poring Band,Headgear,Regional/uncertain client entry excluded from merchant (Server=iRO)
18842,Hat_Of_Girl,Hat Of Girl,Headgear,Regional/uncertain client entry excluded from merchant (Server=iRO)
18843,Small_Deviling_Hat,Small Deviling Hat,Headgear,Regional/uncertain client entry excluded from merchant (Server=iRO)
18844,Blue_Poring_Bubble,Blue Poring Bubble,Headgear,Regional/uncertain client entry excluded from merchant (Server=iRO)
18845,Banshee_Master_Kiss,Banshee Master Kiss,Headgear,Regional/uncertain client entry excluded from merchant (Server=iRO)
18846,C_Guard_Of_Neptune,Seagod Protector,Headgear,Regional/uncertain client entry excluded from merchant (Server=jRO)
18847,Jolly_Roger,Jolly Roger,Headgear,Regional/uncertain client entry excluded from merchant (Server=jRO)
18852,D_Strawberry_Hat,Tasty Strawberry Hat,Headgear,Regional/uncertain client entry excluded from merchant (Server=iRO)
18853,D_Strawberry_Hat_,Tasty Strawberry Hat,Headgear,Regional/uncertain client entry excluded from merchant (Server=iRO)
18855,Aviator_Hat,Aviator Hat,Headgear,Regional/uncertain client entry excluded from merchant (Server=iRO)
18856,W_King_Tiger_Doll_Hat,W King Tiger Doll Hat,Headgear,Regional/uncertain client entry excluded from merchant (Server=iRO)
18857,Curupira_Hat,Curupira Hat,Headgear,Regional/uncertain client entry excluded from merchant (Server=iRO)
18858,Pink_Angeling_Bubble,Pink Angeling Bubble,Headgear,Regional/uncertain client entry excluded from merchant (Server=iRO)
18859,Angeling_Bubble,Angeling Bubble,Headgear,Regional/uncertain client entry excluded from merchant (Server=iRO)
18860,Preschool_Hat,Kindergartener's Hat,Headgear,Regional/uncertain client entry excluded from merchant (Server=jRO)
18861,Zaha_Doll_Hat_J,Zaha Doll Hat,Headgear,Regional/uncertain client entry excluded from merchant (Server=jRO)
18862,Armor_Chiu_J,Chiu Armor,Armor,Regional/uncertain client entry excluded from merchant (Server=jRO)
18863,Exorcist_Robe,Exorcist Robe,Armor,Regional/uncertain client entry excluded from merchant (Server=jRO)
18864,Earth_Goddess_Flower_J,Earth Goddess Flower,Headgear,Regional/uncertain client entry excluded from merchant (Server=jRO)
18865,Sword_Master_Crown,Sword Master Crown,Headgear,Regional/uncertain client entry excluded from merchant (Server=jRO)
18866,Owlduke_Silk_Hat,Owl Duke Silk Hat,Headgear,Regional/uncertain client entry excluded from merchant (Server=jRO)
18867,Vajra,Vajra,Headgear,Regional/uncertain client entry excluded from merchant (Server=jRO)
18868,Assassin_Skull_Mask,Assassin's Skull Mask,Headgear,Regional/uncertain client entry excluded from merchant (Server=jRO)
18869,Donut_In_Mouth_J,Sugar Donut,Headgear,Regional/uncertain client entry excluded from merchant (Server=jRO)
18872,Snake_Hat,Snake Hat,Headgear,Regional/uncertain client entry excluded from merchant (Server=bRO)
18873,Sweet_Valentine_Out,Sweet Valentine Out,Headgear,Regional/uncertain client entry excluded from merchant (Server=iRO)
18877,Baron_Evil_Eye,Baron's Evil Eye,Headgear,Regional/uncertain client entry excluded from merchant (Server=jRO)
18879,Angry_Scorpion_Hat,Angry Scorpion Hat,Headgear,Regional/uncertain client entry excluded from merchant (Server=jRO)
18881,Yggdrasil_Hat,World Tree Hats,Headgear,Regional/uncertain client entry excluded from merchant (Server=jRO)
18882,Kannam_On_Head,Kannam On Head,Headgear,Regional/uncertain client entry excluded from merchant (Server=iRO)
18883,Black_Witch_Hat,Mystery Witch Hat,Headgear,Regional/uncertain client entry excluded from merchant (Server=iRO)
18884,Tatenasi_Helmet,Tatenasi Helm,Headgear,Regional/uncertain client entry excluded from merchant (Server=jRO)
18885,Jejecap,Jejecap,Headgear,Regional/uncertain client entry excluded from merchant (Server=iRO)
18887,Aqua_Bunny_Band,Aqua Bunny Band,Headgear,Regional/uncertain client entry excluded from merchant (Server=iRO)
18888,Maroon_Bunny_Band,Maroon Bunny Band,Headgear,Regional/uncertain client entry excluded from merchant (Server=iRO)
18889,Golden_Bunny_Band,Golden Bunny Band,Headgear,Regional/uncertain client entry excluded from merchant (Server=iRO)
18890,Gray_Bunny_Band,Gray Bunny Band,Headgear,Regional/uncertain client entry excluded from merchant (Server=iRO)
18891,Husky_Hat,Husky Hat,Headgear,Regional/uncertain client entry excluded from merchant (Server=iRO)
18892,Ufo_Poring_Hat,Ufo Poring Hat,Headgear,Regional/uncertain client entry excluded from merchant (Server=iRO)
18893,Dragon_Claw_Helm,Dragon Claw Helm,Headgear,Regional/uncertain client entry excluded from merchant (Server=iRO)
18894,Rainbow_Star,Rainbow Star,Headgear,Regional/uncertain client entry excluded from merchant (Server=jRO)
18895,Celestial_Dark_Flame,Celestial Dark Flame,Headgear,Regional/uncertain client entry excluded from merchant (Server=iRO)
18896,Pterios_Fins,Pterios Fins,Headgear,Regional/uncertain client entry excluded from merchant (Server=iRO)
18897,Azure_Diadem,Azure Diadem,Headgear,Regional/uncertain client entry excluded from merchant (Server=iRO)
18898,Yggdrasil_Herald_Crown,Yggdrasil Herald Crown,Headgear,Regional/uncertain client entry excluded from merchant (Server=iRO)
18900,Weisswurst,Weisswurst,Headgear,Regional/uncertain client entry excluded from merchant (Server=iRO)
18901,Seppl_Hat,Seppl Hat,Headgear,Regional/uncertain client entry excluded from merchant (Server=iRO)
18903,Frozen_Land_Rose,Frozen Land Rose,Headgear,Regional/uncertain client entry excluded from merchant (Server=jRO)
18904,Man_Medal,Man's Pride,Headgear,Regional/uncertain client entry excluded from merchant (Server=jRO)
18905,Butterfly_Barrettes,Butterfly Wing Hair Clip,Headgear,Regional/uncertain client entry excluded from merchant (Server=jRO)
18906,Holy_Rosario,Ichthys's Rosary,Headgear,Regional/uncertain client entry excluded from merchant (Server=jRO)
18908,Isabella_Red_Ear,Isabella Red Ear,Headgear,Regional/uncertain client entry excluded from merchant (Server=iRO)
18909,Isabella_Brown_Ear,Isabella Brown Ear,Headgear,Regional/uncertain client entry excluded from merchant (Server=iRO)
18910,Isabella_Blue_Ear,Isabella Blue Ear,Headgear,Regional/uncertain client entry excluded from merchant (Server=iRO)
18912,Bell_Pigeon,Bell Pigeon,Headgear,Regional/uncertain client entry excluded from merchant (Server=iRO)
18913,Gossip_Raven,Gossip Raven,Headgear,Regional/uncertain client entry excluded from merchant (Server=iRO)
18914,Kid_Deviling,Baby Deviling,Headgear,Regional/uncertain client entry excluded from merchant (Server=iRO)
18915,Blood_Buffterfly,Blood Butterfly Ears,Headgear,Regional/uncertain client entry excluded from merchant (Server=iRO)
18916,Bear_Balloon,Bear Balloon,Headgear,Regional/uncertain client entry excluded from merchant (Server=iRO)
18918,Long_Octopus_Balloon,Long Octopus Balloon,Headgear,Regional/uncertain client entry excluded from merchant (Server=iRO)
18919,Jack_Castle_Bat,Jack Castle Bat,Headgear,Regional/uncertain client entry excluded from merchant (Server=iRO)
18920,Bork,Bork,Headgear,Regional/uncertain client entry excluded from merchant (Server=bRO)
18922,ILCHONGOM,Angeling Woolly Hat,Headgear,Regional/uncertain client entry excluded from merchant (Server=bRO)
18923,RokBlackCat,Stylist Black Cat Ear,Headgear,Regional/uncertain client entry excluded from merchant (Server=bRO)
18924,Fez_Of_Gentle,Gentleman Fez,Headgear,Regional/uncertain client entry excluded from merchant (Server=iRO)
18925,GodOfWinds_Fan,God of Winds Fan,Headgear,Regional/uncertain client entry excluded from merchant (Server=jRO)
18926,Green_Foxtail,Green Foxtail,Headgear,Regional/uncertain client entry excluded from merchant (Server=jRO)
18929,Elephant_Model_Hat,Elephant Model Hat,Headgear,Regional/uncertain client entry excluded from merchant (Server=iRO)
18930,Gorilla_Model_Hat,Gorilla Model Hat,Headgear,Regional/uncertain client entry excluded from merchant (Server=iRO)
18931,Lion_Model_Hat,Lion Model Hat,Headgear,Regional/uncertain client entry excluded from merchant (Server=iRO)
18932,Rhino_Model_Hat,Rhino Model Hat,Headgear,Regional/uncertain client entry excluded from merchant (Server=iRO)
18933,Mechanical_Plant_Hat,Mechanical Plant Hat,Headgear,Regional/uncertain client entry excluded from merchant (Server=jRO)
18934,Fox_Ears_Bell_Ribbon,Fox Ears Bell Ribbon,Headgear,Regional/uncertain client entry excluded from merchant (Server=jRO)
18935,There_Is_Something,There is Something,Headgear,Regional/uncertain client entry excluded from merchant (Server=jRO)
18937,Memories_Of_Lovers,Memory of Lovers,Headgear,Regional/uncertain client entry excluded from merchant (Server=jRO)
18938,Astro_Circle,Astro Circle,Headgear,Regional/uncertain client entry excluded from merchant (Server=jRO)
18939,Black_Cat_Ears_Beret,Black Cat Ears Beret,Headgear,Regional/uncertain client entry excluded from merchant (Server=jRO)
18940,10_Gallon_Hat_Of_Flame,10 Gallon Hat Of Flame,Headgear,Regional/uncertain client entry excluded from merchant (Server=jRO)
18941,Hunting_Cap_Of_Gust,Hunting Cap of Gust,Headgear,Regional/uncertain client entry excluded from merchant (Server=jRO)
18942,Knit_Cap_Of_Water,Knit Cap of Water,Headgear,Regional/uncertain client entry excluded from merchant (Server=jRO)
18943,Silk_Hat_Of_Earth,Silk Hat of Earth,Headgear,Regional/uncertain client entry excluded from merchant (Server=jRO)
18947,Pipe_Of_Jiraiya,Jiraiya's Pipe,Headgear,Regional/uncertain client entry excluded from merchant (Server=jRO)
18948,Mask_Of_Orochimaru,Orochimaru's Mask,Headgear,Regional/uncertain client entry excluded from merchant (Server=jRO)
18949,Scroll_Of_Tsunade,Tsunade's Scroll,Headgear,Regional/uncertain client entry excluded from merchant (Server=jRO)
18950,Gerhard_Von_Devi,Gerhard Von Deviruchi,Headgear,Regional/uncertain client entry excluded from merchant (Server=jRO)
18954,Rabbit_Head_Dress,White Rabbit Bonnet,Headgear,Regional/uncertain client entry excluded from merchant (Server=jRO)
18955,Pirates_Foolish,Pirate's Folly,Headgear,Regional/uncertain client entry excluded from merchant (Server=iRO)
18956,Chocolate_Bomb,Chocolate Bomb,Headgear,Regional/uncertain client entry excluded from merchant (Server=iRO)
18959,Old_Pink_Poo_Hat,Old Pink Poo Hat,Headgear,Regional/uncertain client entry excluded from merchant (Server=jRO)
18962,Panda_Balloon,Panda Balloon,Headgear,Regional/uncertain client entry excluded from merchant (Server=iRO)
18965,Shaving_Foam,Shaving Foam,Headgear,Regional/uncertain client entry excluded from merchant (Server=jRO)
18968,Jinn_Marin_Balloon,Demon Blue Poring Bubble,Headgear,Regional/uncertain client entry excluded from merchant (Server=iRO)
18969,Boss_Beret,Beret Boss Hat,Headgear,Regional/uncertain client entry excluded from merchant (Server=jRO)
18985,Falconer_Flute,Falconer Flute,Headgear,Regional/uncertain client entry excluded from merchant (Server=jRO)
18987,RWC13_Jormungandr_Hat,RWC13 Jormungandr Hat,Headgear,Regional/uncertain client entry excluded from merchant (Server=iRO)
18992,New_Year_Hairpin,New Year Hairpin,Headgear,Regional/uncertain client entry excluded from merchant (Server=jRO)
18993,Flower_Hat,Flower Hat,Headgear,Regional/uncertain client entry excluded from merchant (Server=iRO)
19004,Happy_Balloon,Happy Balloon,Headgear,Regional/uncertain client entry excluded from merchant (Server=iRO)
19006,Victory_Ear_Accessary,Ear of Victory,Headgear,Regional/uncertain client entry excluded from merchant (Server=iRO)
19010,Baby_Dragon_Hat,Baby Dragon Hat,Headgear,Regional/uncertain client entry excluded from merchant (Server=jRO)
19011,Little_Devil_S_Horn,Little Devil's Horn,Headgear,Regional/uncertain client entry excluded from merchant (Server=jRO)
19014,Gravekeeper_Blinker,Gravekeeper's Blinker,Headgear,Regional/uncertain client entry excluded from merchant (Server=jRO)
19018,White_Choco_Bear,White Chocolate Bear Hat,Headgear,Regional/uncertain client entry excluded from merchant (Server=jRO)
19019,Elemental_Crown,Elemental Crown,Headgear,Regional/uncertain client entry excluded from merchant (Server=jRO)
19020,Survive_Circlet,Survivor's Circlet,Headgear,Regional/uncertain client entry excluded from merchant (Server=jRO)
19021,Gigant_Helm,Gigant Helm,Headgear,Regional/uncertain client entry excluded from merchant (Server=jRO)
19022,Floating_Stone_Of_Int,Floating Stone Of Intelligence,Headgear,Regional/uncertain client entry excluded from merchant (Server=jRO)
19023,Q_Scaraba_Crown,Queen Scaraba Helmet,Headgear,Regional/uncertain client entry excluded from merchant (Server=jRO)
19024,Protect_Feathers,Protect Feathers,Headgear,Regional/uncertain client entry excluded from merchant (Server=jRO)
19025,Puppy_Ears_Hat_Jp,Puppy Ears Hat,Headgear,Regional/uncertain client entry excluded from merchant (Server=jRO)
19027,10_Type_Glasses,10 Type Glasses,Headgear,Regional/uncertain client entry excluded from merchant (Server=jRO)
19028,Minions_Of_Devil,Devil's Servant,Headgear,Regional/uncertain client entry excluded from merchant (Server=jRO)
19034,37_Sculpt,307 Styles Scute,Headgear,Regional/uncertain client entry excluded from merchant (Server=jRO)
19035,Otter_Hat,Otto Hat,Headgear,Regional/uncertain client entry excluded from merchant (Server=jRO)
19036,Brabery_Hat,Adventurer's Hat,Headgear,Regional/uncertain client entry excluded from merchant (Server=jRO)
19037,93_BloodyWing,93 Styles Bloody Wings,Headgear,Regional/uncertain client entry excluded from merchant (Server=jRO)
19041,666_DevilEar,666 Styles Demon's Ears,Headgear,Regional/uncertain client entry excluded from merchant (Server=jRO)
19042,Maneater_Flower_Hairpin,Maneater Flower Hairpin,Headgear,Regional/uncertain client entry excluded from merchant (Server=jRO)
19043,Goibne's_Helmet_S,Goibne's Helm,Headgear,Regional/uncertain client entry excluded from merchant (Server=jRO)
19044,Morrigane's_Helm_S,Morrigane's Helm,Headgear,Regional/uncertain client entry excluded from merchant (Server=jRO)
19045,14_RainbowWing,104 Styles Rainbow Feathers,Headgear,Regional/uncertain client entry excluded from merchant (Server=jRO)
19046,DeadlyPoison_Manteau,Poisonous Manteau,Garments,Regional/uncertain client entry excluded from merchant (Server=jRO)
19047,Angeling_KnitCap,Angeling Knit Cap,Headgear,Regional/uncertain client entry excluded from merchant (Server=jRO)
19048,Elemental_Clothe,Elemental Tights,Armor,Regional/uncertain client entry excluded from merchant (Server=jRO)
19050,Loki_Nidhogg_Hat,Loki & Nidhoggur's Hat,Headgear,Regional/uncertain client entry excluded from merchant (Server=jRO)
19079,CelestialWoman_Flower,Celestial Woman's Flower,Headgear,Regional/uncertain client entry excluded from merchant (Server=jRO)
19081,Faceworm_Egg_Shell,Faceworm Egg Shell,Headgear,Regional/uncertain client entry excluded from merchant (Server=jRO)
19082,Bio_Protector,Bio Protector,Headgear,Regional/uncertain client entry excluded from merchant (Server=jRO)
19083,Mask_of_Hero,Mask of Hero,Headgear,Regional/uncertain client entry excluded from merchant (Server=jRO)
19101,Glastheim_Onlooker,Glast Heim Spectator,Headgear,Regional/uncertain client entry excluded from merchant (Server=jRO)
19102,Pale_Moon_Hat,Pale Moon Hat,Headgear,Regional/uncertain client entry excluded from merchant (Server=jRO)
19103,Kings_Crown,Old King’s Crown,Headgear,Regional/uncertain client entry excluded from merchant (Server=jRO)
19104,YDragon_SkyWing,Dragon Emperor's Wing,Headgear,Regional/uncertain client entry excluded from merchant (Server=jRO)
19105,Explosion_Gum,Explosion Gum,Headgear,Regional/uncertain client entry excluded from merchant (Server=jRO)
19106,Magicstone_Of_Grace,Blessing of Gemstone,Headgear,Regional/uncertain client entry excluded from merchant (Server=jRO)
19107,Mad_Hatter,Mad Hatter,Headgear,Regional/uncertain client entry excluded from merchant (Server=jRO)
19108,Wild_Poring_Rider,Wild Poring Rider,Headgear,Regional/uncertain client entry excluded from merchant (Server=jRO)
19109,Valhalla_Idol,Valhalla Idol,Headgear,Regional/uncertain client entry excluded from merchant (Server=jRO)
19110,Valhalla_Idol_,Valhalla Idol,Headgear,Regional/uncertain client entry excluded from merchant (Server=jRO)
19111,Laser_Of_Eagle,Laser of Eagle,Headgear,Regional/uncertain client entry excluded from merchant (Server=jRO)
19112,Tengu_Scroll,Tengu Scroll,Headgear,Regional/uncertain client entry excluded from merchant (Server=jRO)
19113,Gemini_Eyes,Gemini-S58 Eyes,Headgear,Regional/uncertain client entry excluded from merchant (Server=jRO)
19114,Sting_Silk_Ribbon,Sting Silk Ribbon,Headgear,Regional/uncertain client entry excluded from merchant (Server=jRO)
19116,Red_Baby_Dragon,Red Baby Dragon,Headgear,Regional/uncertain client entry excluded from merchant (Server=jRO)
19125,Cylinder_Hairband,Cylinder Hairband,Headgear,Regional/uncertain client entry excluded from merchant (Server=jRO)
19137,Strawberry_In_Mouth_,Strawberry Mouth Guard,Headgear,Regional/uncertain client entry excluded from merchant (Server=jRO)
19138,SeraphimCoronet,Seraphim Coronet,Headgear,Regional/uncertain client entry excluded from merchant (Server=jRO)
19139,SurviveOrb,Survivor's Orb,Headgear,Regional/uncertain client entry excluded from merchant (Server=jRO)
19140,Squirrel_Ear_Hat,Squirrel Ears Hood Hat,Headgear,Regional/uncertain client entry excluded from merchant (Server=jRO)
19141,Tha_Maero_Mask_J,Maero Mask,Headgear,Regional/uncertain client entry excluded from merchant (Server=jRO)
19142,Droop_Gunslinger_J,Drooping Rebellion,Headgear,Regional/uncertain client entry excluded from merchant (Server=jRO)
19144,Felock_Cap_,Ferlock's Hat,Headgear,Regional/uncertain client entry excluded from merchant (Server=jRO)
19145,Whistle,Whistle,Headgear,Regional/uncertain client entry excluded from merchant (Server=jRO)
19155,Demons_Eye,Demon's Eyes,Headgear,Regional/uncertain client entry excluded from merchant (Server=jRO)
19156,Lunar_Rainbow,Lunar Rainbow,Headgear,Regional/uncertain client entry excluded from merchant (Server=jRO)
19159,Barrel_Helm,Barrel Helm,Headgear,Regional/uncertain client entry excluded from merchant (Server=jRO)
19163,CatharinaPawnBrad60,Catherina Von Blood,Headgear,Regional/uncertain client entry excluded from merchant (Server=jRO)
19170,Guardian_Processor,Guardian Processor,Headgear,Regional/uncertain client entry excluded from merchant (Server=jRO)
19171,Magician_Knithat,Magician Knit Hat,Headgear,Regional/uncertain client entry excluded from merchant (Server=jRO)
19172,PoPe_Osuwari_Head,Pope Osuwari Head,Headgear,Regional/uncertain client entry excluded from merchant (Server=jRO)
19173,Luwmin_Ice,Floating Ice,Headgear,Regional/uncertain client entry excluded from merchant (Server=jRO)
19174,Flying_Drone,Flying Drone,Headgear,Regional/uncertain client entry excluded from merchant (Server=jRO)
19175,Jack_Head,Pumpkin Head,Headgear,Regional/uncertain client entry excluded from merchant (Server=jRO)
19185,Blackhand_Of_Fate,Dark Hand,Headgear,Regional/uncertain client entry excluded from merchant (Server=jRO)
19212,Malangdo_Pirate,Malangdo Pirate Hat,Headgear,Regional/uncertain client entry excluded from merchant (Server=jRO)
19219,JP_EV12,Drooping Chuni Penguin,Headgear,Regional/uncertain client entry excluded from merchant (Server=jRO)
19221,Golden_Angel_Band_TH,Golden Angel Hairband,Headgear,Regional/uncertain client entry excluded from merchant (Server=iRO)
19246,Royalguard_Necklace,Royal Guard Necklace,Headgear,Regional/uncertain client entry excluded from merchant (Server=jRO)
19262,Jirant_Circlet,Ancient Dragon Crown,Headgear,Regional/uncertain client entry excluded from merchant (Server=jRO)
19269,Angel_Of_Happiness_J,Happy Flapping Angel Wings,Headgear,Regional/uncertain client entry excluded from merchant (Server=jRO)
19272,Garden_Of_Eden,Garden of Eden,Headgear,Regional/uncertain client entry excluded from merchant (Server=jRO)
19273,Gemini_RedEyes,Gemini S-58 Eyes (Red),Headgear,Regional/uncertain client entry excluded from merchant (Server=jRO)
19274,OpenAir_Headset,Open Air Headset,Headgear,Regional/uncertain client entry excluded from merchant (Server=jRO)
19281,Agenda_RobeJ,Agenda Robe,Armor,Regional/uncertain client entry excluded from merchant (Server=jRO)
19282,Consultation_RobeJ,Consultation Robe,Armor,Regional/uncertain client entry excluded from merchant (Server=jRO)
19285,Helmet_Of_Siegfried_J,Siegfried's Helmet,Headgear,Regional/uncertain client entry excluded from merchant (Server=jRO)
19299,Tree_Of_Sprout_JP,Tree Sprout,Headgear,Regional/uncertain client entry excluded from merchant (Server=jRO)
19306,Heart_Card_In_Mouth,Heart Card in Mouth,Headgear,Regional/uncertain client entry excluded from merchant (Server=jRO)
19307,Willothewisp,Will-O-Wisp,Headgear,Regional/uncertain client entry excluded from merchant (Server=jRO)
19311,Greater_Dracul_Horn,Greater Dracule Horn,Headgear,Regional/uncertain client entry excluded from merchant (Server=jRO)
19312,Neev_Barrette,Neev Barrette,Headgear,Regional/uncertain client entry excluded from merchant (Server=jRO)
19313,Neev_Barrette_,Neev Barrette,Headgear,Regional/uncertain client entry excluded from merchant (Server=jRO)
19314,Royal_Mantle,Royal Mantle,Headgear,Regional/uncertain client entry excluded from merchant (Server=jRO)
19326,Book_of_Soyga,Book of Soyga,Headgear,Regional/uncertain client entry excluded from merchant (Server=jRO)
19327,Feather_Of_Seraphim,Seraphim Feather,Headgear,Regional/uncertain client entry excluded from merchant (Server=jRO)
19329,Hand_Of_Devil,Devil's Hand,Headgear,Regional/uncertain client entry excluded from merchant (Server=jRO)
19337,Hat_of_Goggle,Goggle Hat,Headgear,Regional/uncertain client entry excluded from merchant (Server=jRO)
19342,Bull_Hat,Bull Hat,Headgear,Regional/uncertain client entry excluded from merchant (Server=jRO)
19343,Circlet_Of_Phoenix,Circlet of Phoenix,Headgear,Regional/uncertain client entry excluded from merchant (Server=jRO)
19347,Clinging_Doram_1,Cuddly Siamese Cat,Headgear,Regional/uncertain client entry excluded from merchant (Server=jRO)
19349,Pizza_Hat_J,Pepperoni Pizza,Headgear,Regional/uncertain client entry excluded from merchant (Server=jRO)
19350,Carrot_In_Mouth_J,Carrot In Mouth,Headgear,Regional/uncertain client entry excluded from merchant (Server=jRO)
19367,Burst_Flame,Burst Flame,Headgear,Regional/uncertain client entry excluded from merchant (Server=jRO)
19379,Striking_hat,Striking Hat,Headgear,Regional/uncertain client entry excluded from merchant (Server=jRO)
19380,Floating_Ball,Floating Ball,Headgear,Regional/uncertain client entry excluded from merchant (Server=jRO)
19381,Protect_cloth,Cloth of Protection,Headgear,Regional/uncertain client entry excluded from merchant (Server=jRO)
19387,Exa_Goat_Cap,Experimental Goat Cap,Headgear,Regional/uncertain client entry excluded from merchant (Server=jRO)
19388,Crow_Tengu_Mask_Z,Celestial Crow Mask,Headgear,Regional/uncertain client entry excluded from merchant (Server=iRO)
19390,Mira_Tower_Hat,Research Team Hat,Headgear,Regional/uncertain client entry excluded from merchant (Server=jRO)
19391,Eyes_Of_Illusion,Eyes Of Illusion,Headgear,Regional/uncertain client entry excluded from merchant (Server=jRO)
19393,Magic_Star_TW,Magic Star,Headgear,Regional/uncertain client entry excluded from merchant (Server=iRO)
19398,Falcon_Feather,Falcon Feather,Headgear,Regional/uncertain client entry excluded from merchant (Server=iRO)
19399,Grand_Peco_Band_Z,Grand Peco Hairband,Headgear,Regional/uncertain client entry excluded from merchant (Server=iRO)
19400,Sleepr_Hat_Z,Sleeper Hat,Headgear,Regional/uncertain client entry excluded from merchant (Server=iRO)
19401,Gothic_Heart_Wing_TW,Fallen Wing Hairpin,Headgear,Regional/uncertain client entry excluded from merchant (Server=iRO)
19402,Many_StarsJ,Many Stars,Headgear,Regional/uncertain client entry excluded from merchant (Server=jRO)
19405,Autumnal_Flavor,Autumn Taste,Headgear,Regional/uncertain client entry excluded from merchant (Server=iRO)
19406,Harvest_Festa_Hat,Harvest Festa Hat,Headgear,Regional/uncertain client entry excluded from merchant (Server=iRO)
19407,Work_Cap,Work Cap,Headgear,Regional/uncertain client entry excluded from merchant (Server=jRO)
19408,Charm_Of_Misticfrozen,Charm of Mystic Frozen,Headgear,Regional/uncertain client entry excluded from merchant (Server=iRO)
19409,Black_Feather,Black Feather Hat,Headgear,Regional/uncertain client entry excluded from merchant (Server=jRO)
19411,Floating_Gioia,Floating Gioia,Headgear,Regional/uncertain client entry excluded from merchant (Server=jRO)
19426,King_Of_Spirit_Circlet,King Of Spirit Circlet,Headgear,Regional/uncertain client entry excluded from merchant (Server=jRO)
19433,ResonateTaego_TW,Ancient Resonance,Headgear,Regional/uncertain client entry excluded from merchant (Server=twRO)
19436,VesperHeadGear,Vesper Headgear,Headgear,Regional/uncertain client entry excluded from merchant (Server=jRO)
19437,LittleGarden,Little Garden,Headgear,Regional/uncertain client entry excluded from merchant (Server=jRO)
19444,Star_Eyepatch_JP_,Star Eyepatch,Headgear,Regional/uncertain client entry excluded from merchant (Server=jRO)
19446,Injured_Eyepatch_JP_,Injured Eyepatch,Headgear,Regional/uncertain client entry excluded from merchant (Server=jRO)
19451,Heavenly_Order,Heavenly Order,Headgear,Regional/uncertain client entry excluded from merchant (Server=jRO)
19452,Heavenly_Order_,Heavenly Order,Headgear,Regional/uncertain client entry excluded from merchant (Server=jRO)
19453,Jejecap_JP,Jeje Cap,Headgear,Regional/uncertain client entry excluded from merchant (Server=jRO)
19469,Crown_Of_Saint_Jp,Sacred Crown,Headgear,Regional/uncertain client entry excluded from merchant (Server=jRO)
19495,Diabolus_Wing,Diabolus Wing,Headgear,Regional/uncertain client entry excluded from merchant (Server=jRO)
19498,CitrusRibbon,Citrus Ribbon,Headgear,Regional/uncertain client entry excluded from merchant (Server=jRO)
19499,FortunetellinSealed,Fortunetelling Sealed,Headgear,Regional/uncertain client entry excluded from merchant (Server=jRO)
20700,Egir_Manteau,Egir Manteau,Garments,Regional/uncertain client entry excluded from merchant (Server=jRO)
20706,Amistr_Bag,Amistr Bag,Garments,Regional/uncertain client entry excluded from merchant (Server=iRO)
20707,Kirin_Wing,Kirin Wing,Garments,Regional/uncertain client entry excluded from merchant (Server=iRO)
20711,Manteau_Of_Diego,Diego Shawl,Garments,Regional/uncertain client entry excluded from merchant (Server=bRO)
20712,Valkyrie_Cape,Valkyrie Cape,Garments,Regional/uncertain client entry excluded from merchant (Server=jRO)
20713,Manteau_Of_Torrent,Torrent Manteau,Garments,Regional/uncertain client entry excluded from merchant (Server=jRO)
20714,Assassin_Muffler,Assassin's Muffler,Garments,Regional/uncertain client entry excluded from merchant (Server=jRO)
20715,Earthquake_Manteau,Earthquake Manteau,Garments,Regional/uncertain client entry excluded from merchant (Server=jRO)
20716,Esprit_Manteau,Esprit Manteau,Garments,Regional/uncertain client entry excluded from merchant (Server=jRO)
20719,BF_Hood,Battle Cape,Garments,Regional/uncertain client entry excluded from merchant (Server=bRO)
20720,Manteau_Of_Storm,Storm Manteau,Garments,Regional/uncertain client entry excluded from merchant (Server=jRO)
20722,Soul_Of_Tree,Tree Spirit Shawl,Garments,Regional/uncertain client entry excluded from merchant (Server=bRO)
20723,Manteau_Of_Hunter,Hunter's Manteau,Garments,Regional/uncertain client entry excluded from merchant (Server=jRO)
20724,Love_Dad_Wings_2012,Love Dad Wings 2012,Garments,Regional/uncertain client entry excluded from merchant (Server=idRO)
20725,Ribbon_Piamat,Ribbon Piamat,Garments,Regional/uncertain client entry excluded from merchant (Server=jRO)
20726,Fire_Dragon_Coat,Fire Dragon's Coat,Garments,Regional/uncertain client entry excluded from merchant (Server=jRO)
20728,Water_Dragon_Coat,Water Dragon Coat,Garments,Regional/uncertain client entry excluded from merchant (Server=jRO)
20729,Wind_Dragon_Coat,Wind Dragon Coat,Garments,Regional/uncertain client entry excluded from merchant (Server=jRO)
20730,Loyalists_Hood,Loyalists Hood,Garments,Regional/uncertain client entry excluded from merchant (Server=jRO)
20731,Ground_Dragon_Coat,Earth Dragon's Coat,Garments,Regional/uncertain client entry excluded from merchant (Server=jRO)
20734,Manteau_Of_Leafwind,Manteau of Leafwind,Garments,Regional/uncertain client entry excluded from merchant (Server=jRO)
20735,Manteau_Of_Flame_Heart,Manteau of Flame Heart,Garments,Regional/uncertain client entry excluded from merchant (Server=jRO)
20745,Manteau_Of_Mistic_Froz,Manteau of Mystic Frozen,Garments,Regional/uncertain client entry excluded from merchant (Server=jRO)
20747,Manteau_Great_Nature,Manteau of Great Nature,Garments,Regional/uncertain client entry excluded from merchant (Server=jRO)
20766,Beam_Of_Light_Manteau,Radiance Manteau,Garments,Regional/uncertain client entry excluded from merchant (Server=jRO)
20767,Bravery_Bag_J,Adventurer's Backpack,Garments,Regional/uncertain client entry excluded from merchant (Server=jRO)
20768,Archangel_Wing_J,Archangel Wing,Garments,Regional/uncertain client entry excluded from merchant (Server=jRO)
20769,Small_Hut_Manteau,Twilight Manteau,Garments,Regional/uncertain client entry excluded from merchant (Server=jRO)
20770,Limnil_Cape,Andfreimnir's Manteau,Garments,Regional/uncertain client entry excluded from merchant (Server=jRO)
20771,Choas_Manteau,Chaotic Manteau,Garments,Regional/uncertain client entry excluded from merchant (Server=jRO)
20772,Grudge_Manteau,Grudge Manteau,Garments,Regional/uncertain client entry excluded from merchant (Server=jRO)
20774,Cutoff_Manteau,King of Void's Garment,Garments,Regional/uncertain client entry excluded from merchant (Server=jRO)
20776,Supplement_Part_Con_J,Powered Tank,Garments,Regional/uncertain client entry excluded from merchant (Server=jRO)
20777,Upgrade_Part_Engine_J,Guardian Engine,Garments,Regional/uncertain client entry excluded from merchant (Server=jRO)
20778,RedLotus_Stole,Red Lotus Stole,Garments,Regional/uncertain client entry excluded from merchant (Server=jRO)
20783,Hero_Cape,Hero Manteau,Garments,Regional/uncertain client entry excluded from merchant (Server=jRO)
20784,Amistr_Bag_J,Amistr Bag,Garments,Regional/uncertain client entry excluded from merchant (Server=jRO)
20796,Soheon_Winged_Robe,Seohyun's Robe,Armor,Regional/uncertain client entry excluded from merchant (Server=jRO)
20797,Etran_Shirt,Etran Shirt,Garments,Regional/uncertain client entry excluded from merchant (Server=jRO)
20799,Elemental_Towel,Elemental Towel,Garments,Regional/uncertain client entry excluded from merchant (Server=jRO)
20800,Enforcer_cape,Enforcer Cape,Garments,Regional/uncertain client entry excluded from merchant (Server=jRO)
20812,Kirin_Wing_J,Kirin Wing,Garments,Regional/uncertain client entry excluded from merchant (Server=jRO)
20813,Clack_Of_Servival_,Survivor's Manteau,Garments,Regional/uncertain client entry excluded from merchant (Server=jRO)
20814,Wakwak_Manteau,Wakwak Manteau,Garments,Regional/uncertain client entry excluded from merchant (Server=jRO)
20815,SeraphimRobe,Seraphim Robe,Garments,Regional/uncertain client entry excluded from merchant (Server=jRO)
20816,Yoichi_Muffler,Yoichi's Shawl,Garments,Regional/uncertain client entry excluded from merchant (Server=jRO)
20818,Cursed_Devils_Manteau,Curse-Spell Manteau,Garments,Regional/uncertain client entry excluded from merchant (Server=jRO)
20826,Angel_feather,Angel Feather,Garments,Regional/uncertain client entry excluded from merchant (Server=jRO)
20827,Diva_Manteau,Diva Manteau,Garments,Regional/uncertain client entry excluded from merchant (Server=jRO)
20828,Mirage_Manteau,Mirage Manteau,Garments,Regional/uncertain client entry excluded from merchant (Server=jRO)
20830,Seraphim_Wing_J2,Wings of Seraph,Garments,Regional/uncertain client entry excluded from merchant (Server=jRO)
20831,Elder_Spirit,Adventurer's Spirit,Garments,Regional/uncertain client entry excluded from merchant (Server=jRO)
20836,Skin_Of_Lindwurm,Skin of Lindwyrm,Garments,Regional/uncertain client entry excluded from merchant (Server=jRO)
20837,Skin_Of_Gwiber,Skin of Gwiber,Garments,Regional/uncertain client entry excluded from merchant (Server=jRO)
20841,Golden_Angel_Wing_TH,Golden Angel Wing,Garments,Regional/uncertain client entry excluded from merchant (Server=iRO)
20845,Skin_Of_Marraco,Skin of Malach,Garments,Regional/uncertain client entry excluded from merchant (Server=jRO)
20846,Temporal_Manteau,Temporal Manteau,Garments,Regional/uncertain client entry excluded from merchant (Server=jRO)
20852,Jirant_Cloak,Witch's Cloak,Garments,Regional/uncertain client entry excluded from merchant (Server=jRO)
20853,Rudo_Black_Wings,Rudo's Black Wing,Garments,Regional/uncertain client entry excluded from merchant (Server=jRO)
20854,Medical_Cape,Medical Cape,Garments,Regional/uncertain client entry excluded from merchant (Server=jRO)
20857,VeilCoyote,Sniping Veil,Garments,Regional/uncertain client entry excluded from merchant (Server=jRO)
20858,YSF01_Manteau_J,Y.S.F.0.1 Manteau,Garments,Regional/uncertain client entry excluded from merchant (Server=jRO)
20859,Phreeoni_Wing,Phreeoni Wings,Garments,Regional/uncertain client entry excluded from merchant (Server=jRO)
20860,BattleSurcoat,Battle Surcoat,Garments,Regional/uncertain client entry excluded from merchant (Server=jRO)
20861,SwordWing_J,Sword Wing,Garments,Regional/uncertain client entry excluded from merchant (Server=jRO)
20863,MenblattWing,Menblatt Wing Manteau,Garments,Regional/uncertain client entry excluded from merchant (Server=jRO)
20900,Golden_Scarf_J,Bouncer's Scarf,Garments,Regional/uncertain client entry excluded from merchant (Server=jRO)
20907,Fairy_Cloth,Fairy Cloth,Garments,Regional/uncertain client entry excluded from merchant (Server=jRO)
20915,Doram_Only_Cape_J,Doram Cape,Garments,Regional/uncertain client entry excluded from merchant (Server=jRO)
20916,Doram_High_Cape_J,High-End Doram Cape,Garments,Regional/uncertain client entry excluded from merchant (Server=jRO)
20917,Doram_Ele_Cape_J,Special Doram Cape,Garments,Regional/uncertain client entry excluded from merchant (Server=jRO)
20922,Leviathan_muffler,Leviathan Muffler,Garments,Regional/uncertain client entry excluded from merchant (Server=jRO)
20924,Brave_muffler,Brave Muffler,Garments,Regional/uncertain client entry excluded from merchant (Server=jRO)
20925,Commander_manteau_J,Commander Manteau,Garments,Regional/uncertain client entry excluded from merchant (Server=jRO)
20931,Rainbow_Scarf_Jp,Prism Rangers Scarf,Garments,Regional/uncertain client entry excluded from merchant (Server=jRO)
20932,Old_Moc_Shawl,Old Morocc Shawl,Garments,Regional/uncertain client entry excluded from merchant (Server=jRO)
20938,Rudra_Wing,Seraphim's Wings,Garments,Regional/uncertain client entry excluded from merchant (Server=twRO)
20941,Phoenix_Muffler,Phoenix Muffler,Garments,Regional/uncertain client entry excluded from merchant (Server=jRO)
20942,Manteau_Of_Guardsman,Manteau Of Guardsman,Garments,Regional/uncertain client entry excluded from merchant (Server=jRO)
20949,Skin_Of_Ladon_J,Skin of Ladon,Garments,Regional/uncertain client entry excluded from merchant (Server=jRO)
20952,Anony_As_Muffler,Mysterious Muffler,Garments,Regional/uncertain client entry excluded from merchant (Server=jRO)
20969,Rainbow_Muffler_Jp,Rainbow Muffler,Garments,Regional/uncertain client entry excluded from merchant (Server=jRO)
20991,Fairy_Of_Eden,Fairy of Eden,Garments,Regional/uncertain client entry excluded from merchant (Server=jRO)
20993,Avoidance_Cape,Avoidance Cape,Garments,Regional/uncertain client entry excluded from merchant (Server=jRO)
21004,Alca_Bringer_,Alca Bringer,Weapons,Regional/uncertain client entry excluded from merchant (Server=jRO)
21008,Kogarasu_Maru,Kogarasumaru,Weapons,Regional/uncertain client entry excluded from merchant (Server=jRO)
21012,Some_Wizard_MagicSword,Magic Sword,Weapons,Regional/uncertain client entry excluded from merchant (Server=jRO)
21013,Hetairoi_Sword,Hetairoi's Sword,Weapons,Regional/uncertain client entry excluded from merchant (Server=jRO)
21019,Onimaru,Onimaru,Weapons,Regional/uncertain client entry excluded from merchant (Server=jRO)
21024,Veteran_Sword_,Veteran Sword,Weapons,Regional/uncertain client entry excluded from merchant (Server=jRO)
21026,Diva_Claymore,Diva Claymore,Weapons,Regional/uncertain client entry excluded from merchant (Server=jRO)
21027,Mirage_Claymore,Mirage Claymore,Weapons,Regional/uncertain client entry excluded from merchant (Server=jRO)
21028,Sinister_Thand_Sword_J,Two-Handed Sword of Evil,Weapons,Regional/uncertain client entry excluded from merchant (Server=jRO)
21031,Neev_Claymore,Neev Claymore,Weapons,Regional/uncertain client entry excluded from merchant (Server=jRO)
21046,Variant_Claymore,Abyss Claymore,Weapons,Regional/uncertain client entry excluded from merchant (Server=jRO)
21053,FullForce,Full Force,Weapons,Regional/uncertain client entry excluded from merchant (Server=jRO)
22016,Assassin_Shoes,Assassin's Shoes,Shoes,Regional/uncertain client entry excluded from merchant (Server=jRO)
22017,Fisherman_Shoes,Fisherman's Shoes,Shoes,Regional/uncertain client entry excluded from merchant (Server=jRO)
22018,Shoes_Of_Wise_Man,Sage's Shoes,Shoes,Regional/uncertain client entry excluded from merchant (Server=jRO)
22019,Immuned_Boots,Immune Boots,Shoes,Regional/uncertain client entry excluded from merchant (Server=jRO)
22020,GC_Battle_Boots,Guillotine Cross Battle Boots,Shoes,Regional/uncertain client entry excluded from merchant (Server=bRO)
22021,RA_Battle_Boots,Ranger Battle Boots,Shoes,Regional/uncertain client entry excluded from merchant (Server=bRO)
22022,LG_Battle_Boots,Royal Guard Battle Boots,Shoes,Regional/uncertain client entry excluded from merchant (Server=bRO)
22023,RK_Battle_Boots,Rune Knight Battle Boots,Shoes,Regional/uncertain client entry excluded from merchant (Server=bRO)
22024,NC_Battle_Boots,Mechanic Battle Boots,Shoes,Regional/uncertain client entry excluded from merchant (Server=bRO)
22025,SC_Battle_Boots,Shadow Chaser Battle Boots,Shoes,Regional/uncertain client entry excluded from merchant (Server=bRO)
22026,SR_Battle_Boots,Sura Battle Boots,Shoes,Regional/uncertain client entry excluded from merchant (Server=bRO)
22027,AB_Battle_Boots,Archbishop Battle Boots,Shoes,Regional/uncertain client entry excluded from merchant (Server=bRO)
22028,WL_Battle_Boots,Warlock Battle Boots,Shoes,Regional/uncertain client entry excluded from merchant (Server=bRO)
22029,WA_Battle_Boots,Performer Battle Boots,Shoes,Regional/uncertain client entry excluded from merchant (Server=bRO)
22030,GN_Battle_Boots,Geneticist Battle Boots,Shoes,Regional/uncertain client entry excluded from merchant (Server=bRO)
22031,Aurelian_Shoes,Insect Collector's Shoes,Shoes,Regional/uncertain client entry excluded from merchant (Server=jRO)
22032,Shoes_Of_Exorcism,Exorcist's Shoes,Shoes,Regional/uncertain client entry excluded from merchant (Server=jRO)
22034,Scarlet_Gaites,Crimson Leggings,Shoes,Regional/uncertain client entry excluded from merchant (Server=jRO)
22038,Shoes_Of_Hope,Desired Shoes,Shoes,Regional/uncertain client entry excluded from merchant (Server=jRO)
22042,Talaria_Shoes,Talaria Shoes,Shoes,Regional/uncertain client entry excluded from merchant (Server=jRO)
22050,Gardener_Shoes,Gardener Shoes,Shoes,Regional/uncertain client entry excluded from merchant (Server=jRO)
22052,Gravekeepr_Shoes,Gravekeeper Shoes,Shoes,Regional/uncertain client entry excluded from merchant (Server=jRO)
22056,Fallen_Angel_Shoes,Fallen Angel Shoes,Shoes,Regional/uncertain client entry excluded from merchant (Server=jRO)
22058,DragonTrainer_Shoes,Dragon Trainer Shoes,Shoes,Regional/uncertain client entry excluded from merchant (Server=jRO)
22060,Boots_Of_Hunter,Hunter Shoes,Shoes,Regional/uncertain client entry excluded from merchant (Server=jRO)
22062,Mechanic_Shoes,Engineer's Shoes,Shoes,Regional/uncertain client entry excluded from merchant (Server=jRO)
22064,Thorny_Shoes,Thorny Shoes,Shoes,Regional/uncertain client entry excluded from merchant (Server=jRO)
22066,Esprit_Shoes,Esprit Shoes,Shoes,Regional/uncertain client entry excluded from merchant (Server=jRO)
22068,Santa's_Shoes,Louise's Red Boots,Shoes,Regional/uncertain client entry excluded from merchant (Server=jRO)
22070,Applause_Sandal,Old Applause Sandals,Shoes,Regional/uncertain client entry excluded from merchant (Server=jRO)
22071,Applause_Sandal_,Applause Sandal,Shoes,Regional/uncertain client entry excluded from merchant (Server=jRO)
22072,Hikingboots,Climbing Shoes,Shoes,Regional/uncertain client entry excluded from merchant (Server=jRO)
22073,Supplement_Part_Agi_J,Powered Boots,Shoes,Regional/uncertain client entry excluded from merchant (Server=jRO)
22074,Upgrade_Part_Booster_J,Guardian Booster,Shoes,Regional/uncertain client entry excluded from merchant (Server=jRO)
22082,Polyhedron_Shoes,Polyhedron Shoes,Shoes,Regional/uncertain client entry excluded from merchant (Server=jRO)
22089,Scarlet_Gaites_,Crimson Gaiter,Shoes,Regional/uncertain client entry excluded from merchant (Server=jRO)
22091,Fisherman_Shoes_,Fisherman's Shoes,Shoes,Regional/uncertain client entry excluded from merchant (Server=jRO)
22092,Aurelian_Shoes_,Insect Collector's Shoes,Shoes,Regional/uncertain client entry excluded from merchant (Server=jRO)
22093,Shoes_Of_Exorcism_,Exorcist's Shoes,Shoes,Regional/uncertain client entry excluded from merchant (Server=jRO)
22094,Gardener_Shoes_,Gardener Shoes,Shoes,Regional/uncertain client entry excluded from merchant (Server=jRO)
22095,Gravekeepr_Shoes_,Gravekeeper Shoes,Shoes,Regional/uncertain client entry excluded from merchant (Server=jRO)
22096,Fallen_Angel_Shoes_,Fallen Angel Shoes,Shoes,Regional/uncertain client entry excluded from merchant (Server=jRO)
22097,DragonTrainer_Shoes_,Dragon Trainer Shoes,Shoes,Regional/uncertain client entry excluded from merchant (Server=jRO)
22098,Boots_Of_Hunter_,Hunter's Shoes,Shoes,Regional/uncertain client entry excluded from merchant (Server=jRO)
22099,Mechanic_Shoes_,Mechanic Shoes,Shoes,Regional/uncertain client entry excluded from merchant (Server=jRO)
22100,Medical_Boots_,Medical Boots,Shoes,Regional/uncertain client entry excluded from merchant (Server=jRO)
22103,Excelion_Leg,Excelion Leg,Shoes,Regional/uncertain client entry excluded from merchant (Server=jRO)
22104,Pororoca_Shoes,Pororoca Shoes,Shoes,Regional/uncertain client entry excluded from merchant (Server=jRO)
22105,Cuffs_,Shackles,Shoes,Regional/uncertain client entry excluded from merchant (Server=jRO)
22106,Giant_Boots,Giant Boots,Shoes,Regional/uncertain client entry excluded from merchant (Server=jRO)
22119,Cursed_Devils_Boots,Curse-Spell Boots,Shoes,Regional/uncertain client entry excluded from merchant (Server=jRO)
22120,Shoes_Of_Punishment,Shoes of Punishment,Shoes,Regional/uncertain client entry excluded from merchant (Server=jRO)
22127,Diva_Shoes,Diva Shoes,Shoes,Regional/uncertain client entry excluded from merchant (Server=jRO)
22128,Mirage_Shoes,Mirage Shoes,Shoes,Regional/uncertain client entry excluded from merchant (Server=jRO)
22129,ShoesOfHero,Hero's Shoes,Shoes,Regional/uncertain client entry excluded from merchant (Server=jRO)
22132,Nergal_Shoes,Fire Thunder Great Boots,Shoes,Regional/uncertain client entry excluded from merchant (Server=jRO)
22134,Enforcer_Shoes,Enforcer Shoes,Shoes,Regional/uncertain client entry excluded from merchant (Server=jRO)
22138,Demonist_Shoes,Devil Worshipper Shoes,Shoes,Regional/uncertain client entry excluded from merchant (Server=jRO)
22140,Elvira_Boots,Elvira Boots,Shoes,Regional/uncertain client entry excluded from merchant (Server=jRO)
22142,ShoesOfGuardsman,Shoes Of Guardsman,Shoes,Regional/uncertain client entry excluded from merchant (Server=jRO)
22143,YSF01_Greave_J,Y.S.F.0.1 Greaves,Shoes,Regional/uncertain client entry excluded from merchant (Server=jRO)
22145,TenguShoes,Tengu's Shoes,Shoes,Regional/uncertain client entry excluded from merchant (Server=jRO)
22170,Shoes_Of_Servival,Survivor's Shoes,Shoes,Regional/uncertain client entry excluded from merchant (Server=jRO)
22172,Gray_Wing_Boots,Gray Wing Boots,Shoes,Regional/uncertain client entry excluded from merchant (Server=jRO)
22174,Scaraba_High_Heels,Scaraba High Heels,Shoes,Regional/uncertain client entry excluded from merchant (Server=jRO)
22178,Anony_Sm_Shoes,Nameless Swordsman's Boots,Shoes,Regional/uncertain client entry excluded from merchant (Server=jRO)
22185,Doram_Only_Shoes_J,Doram Shoes,Shoes,Regional/uncertain client entry excluded from merchant (Server=jRO)
22186,Doram_High_Shoes_J,High-End Doram Shoes,Shoes,Regional/uncertain client entry excluded from merchant (Server=jRO)
22187,Doram_Ele_Shoes_J,Special Doram Shoes,Shoes,Regional/uncertain client entry excluded from merchant (Server=jRO)
22189,Shoes_Of_Pilgrim,Pilgrim Shoes,Shoes,Regional/uncertain client entry excluded from merchant (Server=jRO)
22193,Brave_shoes,Brave Shoes,Shoes,Regional/uncertain client entry excluded from merchant (Server=jRO)
22195,Booster_shoes,Booster Shoes,Shoes,Regional/uncertain client entry excluded from merchant (Server=jRO)
22198,Traveler_Shoes,Traveler Shoes,Shoes,Regional/uncertain client entry excluded from merchant (Server=jRO)
22203,Space_shoes_JP,Special Environment Boots,Shoes,Regional/uncertain client entry excluded from merchant (Server=jRO)
22207,Imperial_Boots,Imperial Boots,Shoes,Regional/uncertain client entry excluded from merchant (Server=jRO)
22210,Fluffy_FishShoes_J,Fluffy Fish Shoes,Shoes,Regional/uncertain client entry excluded from merchant (Server=jRO)
22212,Hollow_Shoes,Hollow Shoes,Shoes,Regional/uncertain client entry excluded from merchant (Server=jRO)
22214,Authority_Sandals,Authority Sandals,Shoes,Regional/uncertain client entry excluded from merchant (Server=jRO)
22234,FrontiaBoots,Frontier Boots,Shoes,Regional/uncertain client entry excluded from merchant (Server=jRO)
22243,Mamaragan,Mamaragan,Shoes,Regional/uncertain client entry excluded from merchant (Server=jRO)
26004,Diva_Lance,Diva Lance,Weapons,Regional/uncertain client entry excluded from merchant (Server=jRO)
26005,Mirage_Lance,Mirage Lance,Weapons,Regional/uncertain client entry excluded from merchant (Server=jRO)
26006,Sinister_Lance_J,Lance of Evil,Weapons,Regional/uncertain client entry excluded from merchant (Server=jRO)
26008,Neev_Glaive,Neev Glaive,Weapons,Regional/uncertain client entry excluded from merchant (Server=jRO)
26021,Variant_Lance,Abyss Lance,Weapons,Regional/uncertain client entry excluded from merchant (Server=jRO)
26102,UnrivaledStaff,Unrivaled Staff,Weapons,Regional/uncertain client entry excluded from merchant (Server=jRO)
26103,JP_Rod01_L,[Rental] Holy Stick,Weapons,Regional/uncertain client entry excluded from merchant (Server=jRO)
26104,Blue_Staff,Blue Staff,Weapons,Regional/uncertain client entry excluded from merchant (Server=jRO)
26105,Diva_Wand,Diva Wand,Weapons,Regional/uncertain client entry excluded from merchant (Server=jRO)
26106,Mirage_Wand,Mirage Wand,Weapons,Regional/uncertain client entry excluded from merchant (Server=jRO)
26108,Sinister_Rod_J,Rod of Evil,Weapons,Regional/uncertain client entry excluded from merchant (Server=jRO)
26143,Diva_Foxtail,Diva Foxtail,Weapons,Regional/uncertain client entry excluded from merchant (Server=jRO)
26144,Mirage_Foxtail,Mirage Foxtail,Weapons,Regional/uncertain client entry excluded from merchant (Server=jRO)
26149,Variant_Wand,Abyss Wand,Weapons,Regional/uncertain client entry excluded from merchant (Server=jRO)
26150,Variant_Foxtail,Abyss Foxtail,Weapons,Regional/uncertain client entry excluded from merchant (Server=jRO)
26152,Staff_Of_Puffy_jp,Staff of Puffy,Weapons,Regional/uncertain client entry excluded from merchant (Server=jRO)
26163,Rainbow_Foxtail,Rainbow Foxtail,Weapons,Regional/uncertain client entry excluded from merchant (Server=jRO)
26201,Diva_Blade_Whip,Diva Blade Whip,Weapons,Regional/uncertain client entry excluded from merchant (Server=jRO)
26202,Mirage_Blade_Whip,Mirage Blade Whip,Weapons,Regional/uncertain client entry excluded from merchant (Server=jRO)
26203,Sinister_Wire_J,Wire of Evil,Weapons,Regional/uncertain client entry excluded from merchant (Server=jRO)
26204,Hippie_Rope_J,Hippie Rope,Weapons,Regional/uncertain client entry excluded from merchant (Server=jRO)
28005,Ru_Blue_Katar,Blue Katar,Weapons,Regional/uncertain client entry excluded from merchant (Server=iRO)
28006,Ru_Gold_Katar,Ru Gold Katar,Weapons,Regional/uncertain client entry excluded from merchant (Server=iRO)
28014,Kings_Double_Edge,Old King's Double Edge,Weapons,Regional/uncertain client entry excluded from merchant (Server=jRO)
28018,Diva_Katar,Diva Katar,Weapons,Regional/uncertain client entry excluded from merchant (Server=jRO)
28019,Mirage_Katar,Mirage Katar,Weapons,Regional/uncertain client entry excluded from merchant (Server=jRO)
28020,Sinister_Katar_J,Katar of Evil,Weapons,Regional/uncertain client entry excluded from merchant (Server=jRO)
28026,Neev_Various_Jur,Neev Katar,Weapons,Regional/uncertain client entry excluded from merchant (Server=jRO)
28037,Variant_Katar,Abyss Katar,Weapons,Regional/uncertain client entry excluded from merchant (Server=jRO)
28103,Ru_Blue_Axe_M,Blue Twohand Axe,Weapons,Regional/uncertain client entry excluded from merchant (Server=iRO)
28104,Ru_Gold_Axe_M,Ru Gold Axe M,Weapons,Regional/uncertain client entry excluded from merchant (Server=iRO)
28114,Veteran_Axe_,Veteran Axe,Weapons,Regional/uncertain client entry excluded from merchant (Server=jRO)
28117,Diva_Twohand_Axe,Diva Twohand Axe,Weapons,Regional/uncertain client entry excluded from merchant (Server=jRO)
28118,Mirage_Twohand_Axe,Mirage Twohand Axe,Weapons,Regional/uncertain client entry excluded from merchant (Server=jRO)
28119,Sinister_Twohand_Axe_J,Two-Handed Axe of Evil,Weapons,Regional/uncertain client entry excluded from merchant (Server=jRO)
28121,Neev_Guillotine,Neev Guillotine,Weapons,Regional/uncertain client entry excluded from merchant (Server=jRO)
28122,Neev_Buster,Neev Buster,Weapons,Regional/uncertain client entry excluded from merchant (Server=jRO)
28127,Mine_Worker_Pickax_J,Mine Worker's Pickaxe,Weapons,Regional/uncertain client entry excluded from merchant (Server=jRO)
28135,Variant_Twohand_Axe,Abyss Two Hand Axe,Weapons,Regional/uncertain client entry excluded from merchant (Server=jRO)
28214,EXODUS_JOKER_XIII,Exodus Joker XIII,Weapons,Regional/uncertain client entry excluded from merchant (Server=jRO)
28227,Diva_Rifle,Diva Rifle,Weapons,Regional/uncertain client entry excluded from merchant (Server=jRO)
28228,Mirage_Rifle,Mirage Rifle,Weapons,Regional/uncertain client entry excluded from merchant (Server=jRO)
28229,Diva_Gatling_Gun,Diva Gatling Gun,Weapons,Regional/uncertain client entry excluded from merchant (Server=jRO)
28230,Mirage_Gatling_Gun,Mirage Gatling Gun,Weapons,Regional/uncertain client entry excluded from merchant (Server=jRO)
28231,Diva_Launcher,Diva Launcher,Weapons,Regional/uncertain client entry excluded from merchant (Server=jRO)
28232,Mirage_Launcher,Mirage Launcher,Weapons,Regional/uncertain client entry excluded from merchant (Server=jRO)
28233,Diva_Shotgun,Diva Shotgun,Weapons,Regional/uncertain client entry excluded from merchant (Server=jRO)
28234,Mirage_Shotgun,Mirage Shotgun,Weapons,Regional/uncertain client entry excluded from merchant (Server=jRO)
28235,Neev_Rifle,Neev Rifle,Weapons,Regional/uncertain client entry excluded from merchant (Server=jRO)
28249,Variant_Rifle,Abyss Rifle,Weapons,Regional/uncertain client entry excluded from merchant (Server=jRO)
28250,Variant_Gatling_Gun,Abyss Gatling Gun,Weapons,Regional/uncertain client entry excluded from merchant (Server=jRO)
28251,Variant_Shotgun,Abyss Shotgun,Weapons,Regional/uncertain client entry excluded from merchant (Server=jRO)
28252,Variant_Launcher,Abyss Grenade Gun,Weapons,Regional/uncertain client entry excluded from merchant (Server=jRO)
28300,Kotone_Of_Ninja,Shinobi Short Sword,Accessories,Regional/uncertain client entry excluded from merchant (Server=jRO)
28301,Ball_Of_Huuma,Fuma's Jewel,Accessories,Regional/uncertain client entry excluded from merchant (Server=jRO)
28302,Vesper_Core01_,Vesper Core 01,Accessories,Regional/uncertain client entry excluded from merchant (Server=jRO)
28303,Vesper_Core02_,Vesper Core 02,Accessories,Regional/uncertain client entry excluded from merchant (Server=jRO)
28304,Vesper_Core03_,Vesper Core 03,Accessories,Regional/uncertain client entry excluded from merchant (Server=jRO)
28305,Vesper_Core04_,Vesper Core 04,Accessories,Regional/uncertain client entry excluded from merchant (Server=jRO)
28306,Bless_Of_Moon,Luna's Blessing,Accessories,Regional/uncertain client entry excluded from merchant (Server=bRO)
28312,Platinum_Ring,Platinum Ring,Accessories,Regional/uncertain client entry excluded from merchant (Server=jRO)
28313,Operation_Glove,Operation Glove,Accessories,Regional/uncertain client entry excluded from merchant (Server=jRO)
28314,Hand_Of_Glory,Glorious Hand,Accessories,Regional/uncertain client entry excluded from merchant (Server=jRO)
28319,Cauda_Daemonica,Cauda Daemonica,Accessories,Regional/uncertain client entry excluded from merchant (Server=iRO)
28320,Assassin_Acc,Assassin's Despair,Accessories,Regional/uncertain client entry excluded from merchant (Server=jRO)
28321,Falconer_Claw,Falconer Claw,Accessories,Regional/uncertain client entry excluded from merchant (Server=jRO)
28322,Falconer_Glove,Falconer Glove,Accessories,Regional/uncertain client entry excluded from merchant (Server=jRO)
28323,Exorcist_Gloves,Divine Gloves,Accessories,Regional/uncertain client entry excluded from merchant (Server=jRO)
28324,Steam_Starter_Ring,Steam Starter Ring,Accessories,Regional/uncertain client entry excluded from merchant (Server=iRO)
28340,A_Drop_Of_Heal,Recovery Drop,Accessories,Regional/uncertain client entry excluded from merchant (Server=jRO)
28341,Sachet,Dragon Boat Festival Sachet,Accessories,Regional/uncertain client entry excluded from merchant (Server=bRO)
28342,Critical_Anklet,Critical Anklet,Accessories,Regional/uncertain client entry excluded from merchant (Server=jRO)
28346,Star_Egg_Badge,Star Egg Badge,Accessories,Regional/uncertain client entry excluded from merchant (Server=jRO)
28347,Icarus_Wing_S,Icarus Wings,Accessories,Regional/uncertain client entry excluded from merchant (Server=jRO)
28348,Bowman_Scarf_S,Bowman Scarf,Accessories,Regional/uncertain client entry excluded from merchant (Server=jRO)
28349,Cursed_Star_S,Cursed Star,Accessories,Regional/uncertain client entry excluded from merchant (Server=jRO)
28350,Shinobi's_Sash_S,Shinobi Sash,Accessories,Regional/uncertain client entry excluded from merchant (Server=jRO)
28351,Whike_Black_Tail_S,Whike Black Tail,Accessories,Regional/uncertain client entry excluded from merchant (Server=jRO)
28352,VesperGear1,Vesper Gear 01,Accessories,Regional/uncertain client entry excluded from merchant (Server=jRO)
28353,VesperGear2,Vesper Gear 02,Accessories,Regional/uncertain client entry excluded from merchant (Server=jRO)
28357,VesperGear3,Vesper Gear 03,Accessories,Regional/uncertain client entry excluded from merchant (Server=jRO)
28358,Cursed_Lucky_Clover,Cursed Lucky Clover,Accessories,Regional/uncertain client entry excluded from merchant (Server=jRO)
28359,VesperGear4,Vesper Gear 04,Accessories,Regional/uncertain client entry excluded from merchant (Server=jRO)
28368,Supplement_Part_Dex_J,Powered Arm,Accessories,Regional/uncertain client entry excluded from merchant (Server=jRO)
28369,Upgrade_Part_Gun_B_J,Guardian Barrel,Accessories,Regional/uncertain client entry excluded from merchant (Server=jRO)
28370,Broken_Chip_1_J,Broken Chip (Green),Accessories,Regional/uncertain client entry excluded from merchant (Server=jRO)
28371,Broken_Chip_2_J,Broken Chip (Red),Accessories,Regional/uncertain client entry excluded from merchant (Server=jRO)
28372,Imperial_Ring,Imperial Ring,Accessories,Regional/uncertain client entry excluded from merchant (Server=jRO)
28377,Magical_Ring,Magical Ring,Accessories,Regional/uncertain client entry excluded from merchant (Server=jRO)
28379,Shadow_Ring,Shadow Ring,Accessories,Regional/uncertain client entry excluded from merchant (Server=jRO)
28386,Fallen_Monk_Rosary,Fallen Monk Rosary,Accessories,Regional/uncertain client entry excluded from merchant (Server=jRO)
28388,Bloody_Iron_Ball_,Bloodied Shackle Ball,Accessories,Regional/uncertain client entry excluded from merchant (Server=jRO)
28394,King_of_Spirit_Ring,Spirit King's Ring,Accessories,Regional/uncertain client entry excluded from merchant (Server=jRO)
28410,Sapphire_Wrist,Sapphire Wrist,Accessories,Regional/uncertain client entry excluded from merchant (Server=jRO)
28411,Emerald_Earring,Emerald Earrings,Accessories,Regional/uncertain client entry excluded from merchant (Server=jRO)
28427,Blue_4leaf_Necklace,Blue Clover Necklace,Accessories,Regional/uncertain client entry excluded from merchant (Server=bRO)
28428,4SeasonsClover,Four Seasons Clover Necklace,Accessories,Regional/uncertain client entry excluded from merchant (Server=bRO)
28429,Arquien's_Necklace,Arquien's Necklace,Accessories,Regional/uncertain client entry excluded from merchant (Server=jRO)
28430,Archpriest_Ring,Arch Bishop Ring,Accessories,Regional/uncertain client entry excluded from merchant (Server=jRO)
28431,Sprint_Ring_,Sprint Ring,Accessories,Regional/uncertain client entry excluded from merchant (Server=jRO)
28432,Spiritual_Ring_,Spiritual Ring,Accessories,Regional/uncertain client entry excluded from merchant (Server=jRO)
28433,Luminous_Blue_Stone,Luminous Blue Stone,Accessories,Regional/uncertain client entry excluded from merchant (Server=jRO)
28434,Boxer_Glove,Boxing Gloves,Accessories,Regional/uncertain client entry excluded from merchant (Server=jRO)
28435,Secret_Scroll_Of_Ninja,Shinobi Secret Scroll,Accessories,Regional/uncertain client entry excluded from merchant (Server=jRO)
28436,Elvira_Pendant,Elvira Pendant,Accessories,Regional/uncertain client entry excluded from merchant (Server=jRO)
28437,ArchPriest_Glove,Hibram's Gloves,Accessories,Regional/uncertain client entry excluded from merchant (Server=jRO)
28438,Fairy_Leaf_Powder,Fairy Leaf Powder,Accessories,Regional/uncertain client entry excluded from merchant (Server=jRO)
28484,Scarf_Of_Rebellion,Rebellion's Scarf,Accessories,Regional/uncertain client entry excluded from merchant (Server=jRO)
28485,Shinobi's_Sash_H,Shinobi Sash H,Accessories,Regional/uncertain client entry excluded from merchant (Server=jRO)
28491,Matagi_Swordaxe,Hunting Knife,Accessories,Regional/uncertain client entry excluded from merchant (Server=jRO)
28492,Tip_Of_Thief_Vol1,Thieve's Guide Vol.1,Accessories,Regional/uncertain client entry excluded from merchant (Server=jRO)
28499,BadgeOfProntera__J,Proof of Glory,Accessories,Regional/uncertain client entry excluded from merchant (Server=jRO)
28500,Fanatic_Necklace,Zealous Necklace,Accessories,Regional/uncertain client entry excluded from merchant (Server=jRO)
28501,Horn_Of_Kirin,Kirin Horn,Accessories,Regional/uncertain client entry excluded from merchant (Server=jRO)
28502,Mob_Scarf,Mob Scarf,Headgear,Regional/uncertain client entry excluded from merchant (Server=jRO)
28503,Keraunos,Keraunos,Accessories,Regional/uncertain client entry excluded from merchant (Server=jRO)
28505,RingOfDevil,Demon God's Ring,Accessories,Regional/uncertain client entry excluded from merchant (Server=jRO)
28506,StormStone,Storm Stone,Accessories,Regional/uncertain client entry excluded from merchant (Server=jRO)
28507,Glove_Of_Wizard,Magician's Gloves,Accessories,Regional/uncertain client entry excluded from merchant (Server=jRO)
28513,Celine_Brooch,Celine's Brooch,Accessories,Regional/uncertain client entry excluded from merchant (Server=jRO)
28517,Ring_Of_The_Abyss_King,Abyss King Ring,Accessories,Regional/uncertain client entry excluded from merchant (Server=jRO)
28518,Cursed_Demon_Ring,Curse-Spell Ring,Accessories,Regional/uncertain client entry excluded from merchant (Server=jRO)
28519,So_Heon_Saber,Seohyun's Small Sword,Accessories,Regional/uncertain client entry excluded from merchant (Server=jRO)
28520,EgirRing,Egir Ring,Accessories,Regional/uncertain client entry excluded from merchant (Server=jRO)
28521,Giant_Protection,Giant's Protection,Accessories,Regional/uncertain client entry excluded from merchant (Server=jRO)
28531,Glove_Of_Smith,Blacksmith's Gloves,Accessories,Regional/uncertain client entry excluded from merchant (Server=jRO)
28533,ChemicalGlove,Chemical Glove,Accessories,Regional/uncertain client entry excluded from merchant (Server=jRO)
28551,Imperial_Glove,Imperial Glove,Accessories,Regional/uncertain client entry excluded from merchant (Server=jRO)
28552,Two_Dragon_Ring,Ring of Mad Flame & White Magic,Accessories,Regional/uncertain client entry excluded from merchant (Server=jRO)
28560,YinYang_Talisman,Yin Yang Talisman,Accessories,Regional/uncertain client entry excluded from merchant (Server=jRO)
28561,Ring_Of_Brave,Ring of Hero,Accessories,Regional/uncertain client entry excluded from merchant (Server=jRO)
28564,Valkyrie_Drop,Valkyrie Drop,Accessories,Regional/uncertain client entry excluded from merchant (Server=jRO)
28565,Perverse_Demon_Mask,Perverse Demon Mask,Accessories,Regional/uncertain client entry excluded from merchant (Server=jRO)
28573,Emerald_Ring,Emerald Ring,Accessories,Regional/uncertain client entry excluded from merchant (Server=jRO)
28575,Verus_Core,Verus Core,Accessories,Regional/uncertain client entry excluded from merchant (Server=jRO)
28577,Fresh_G_Necklace_J,Fresh Grass Necklace,Accessories,Regional/uncertain client entry excluded from merchant (Server=jRO)
28578,Pretty_G_Necklace_J,Cute Grass Necklace,Accessories,Regional/uncertain client entry excluded from merchant (Server=jRO)
28579,Charm_G_Necklace_J,Magic Grass Necklace,Accessories,Regional/uncertain client entry excluded from merchant (Server=jRO)
28580,LowSaurelCharm_J,Horse Mackerel Amulet,Accessories,Regional/uncertain client entry excluded from merchant (Server=jRO)
28581,MiddleSaurelCharm_J,High Grade Horse Mackerel Amulet,Accessories,Regional/uncertain client entry excluded from merchant (Server=jRO)
28582,HigherSaurelCharm_J,Special Horse Mackerel Amulet,Accessories,Regional/uncertain client entry excluded from merchant (Server=jRO)
28583,LowLeafCharm_J,Leaf Amulet,Accessories,Regional/uncertain client entry excluded from merchant (Server=jRO)
28584,MiddleLeafCharm_J,High Grade Leaf Amulet,Accessories,Regional/uncertain client entry excluded from merchant (Server=jRO)
28585,HigherLeafCharm_J,Special Leaf Amulet,Accessories,Regional/uncertain client entry excluded from merchant (Server=jRO)
28586,LowRabbitCharm_J,Rabbit Amulet,Accessories,Regional/uncertain client entry excluded from merchant (Server=jRO)
28587,MiddleRabbitCharm_J,High Grade Rabbit Amulet,Accessories,Regional/uncertain client entry excluded from merchant (Server=jRO)
28588,HigherRabbitCharm_J,Special Rabbit Amulet,Accessories,Regional/uncertain client entry excluded from merchant (Server=jRO)
28589,ShiningTwigCharm_J,Shining Branch Amulet,Accessories,Regional/uncertain client entry excluded from merchant (Server=jRO)
28590,FreshTunaCharm_J,Fresh Tuna Amulet,Accessories,Regional/uncertain client entry excluded from merchant (Server=jRO)
28591,PlumpyWormCharm_J,Chubby Earthworm Amulet,Accessories,Regional/uncertain client entry excluded from merchant (Server=jRO)
28594,Temporal_Ring,Temporal Ring,Accessories,Regional/uncertain client entry excluded from merchant (Server=jRO)
28595,BlueDragonRing_TW,Ring of the Blue Dragon,Accessories,Regional/uncertain client entry excluded from merchant (Server=twRO)
28596,Toy_Ring,Toy Ring,Accessories,Regional/uncertain client entry excluded from merchant (Server=jRO)
28598,Supplement_Part_Chip,Supplemental Chip,Accessories,Regional/uncertain client entry excluded from merchant (Server=jRO)
28600,Ru_Blue_Book,Blue Book,Weapons,Regional/uncertain client entry excluded from merchant (Server=iRO)
28601,Ru_Gold_Book,Ru Gold Book,Weapons,Regional/uncertain client entry excluded from merchant (Server=iRO)
28602,Demon_Hunting_Bible,Demon Hunting Bible,Weapons,Regional/uncertain client entry excluded from merchant (Server=jRO)
28609,Diva_Book,Diva Book,Weapons,Regional/uncertain client entry excluded from merchant (Server=jRO)
28610,Mirage_Book,Mirage Book,Weapons,Regional/uncertain client entry excluded from merchant (Server=jRO)
28611,Sinister_Book_J,Book of Evil,Weapons,Regional/uncertain client entry excluded from merchant (Server=jRO)
28615,Origin_Of_Elemental_J,Elemental Origin,Weapons,Regional/uncertain client entry excluded from merchant (Server=jRO)
28618,Time_Kamiji,Book of the Sun God,Weapons,Regional/uncertain client entry excluded from merchant (Server=jRO)
28627,Variant_Book,Abyss Book,Weapons,Regional/uncertain client entry excluded from merchant (Server=jRO)
28700,Ru_Gold_Dagger,Ru Gold Dagger,Weapons,Regional/uncertain client entry excluded from merchant (Server=iRO)
28701,Ru_Gold_Knife,Ru Gold Knife,Weapons,Regional/uncertain client entry excluded from merchant (Server=iRO)
28702,Ru_Gold_Ashura,Ru Gold Ashura,Weapons,Regional/uncertain client entry excluded from merchant (Server=iRO)
28708,Dagger_of_Trust,Thunder Sword,Weapons,Regional/uncertain client entry excluded from merchant (Server=jRO)
28712,Kings_Eager,Sword of Ruin,Weapons,Regional/uncertain client entry excluded from merchant (Server=jRO)
28713,Kings_Bless,Glory King Sword,Weapons,Regional/uncertain client entry excluded from merchant (Server=jRO)
28715,UnrivaledDagger,Unrivaled Dagger,Weapons,Regional/uncertain client entry excluded from merchant (Server=jRO)
28716,Tooth_Blade_,Tooth Blade,Weapons,Regional/uncertain client entry excluded from merchant (Server=jRO)
28717,Valkyrie_Knife,Valkyrie Knife,Weapons,Regional/uncertain client entry excluded from merchant (Server=jRO)
28720,Blue_Dagger,Blue Dagger,Weapons,Regional/uncertain client entry excluded from merchant (Server=jRO)
28722,Diva_Dagger,Diva Dagger,Weapons,Regional/uncertain client entry excluded from merchant (Server=jRO)
28723,Mirage_Dagger,Mirage Dagger,Weapons,Regional/uncertain client entry excluded from merchant (Server=jRO)
28724,Sinister_Dagger_J,Dagger of Evil,Weapons,Regional/uncertain client entry excluded from merchant (Server=jRO)
28737,Mist_Sword,Mist Sword,Weapons,Regional/uncertain client entry excluded from merchant (Server=jRO)
28738,Monokage_J,Monokage,Weapons,Regional/uncertain client entry excluded from merchant (Server=jRO)
28753,Variant_Dagger,Abyss Dagger,Weapons,Regional/uncertain client entry excluded from merchant (Server=jRO)
28761,Scarlet_Athame,Scarlet Athame,Weapons,Regional/uncertain client entry excluded from merchant (Server=jRO)
28903,Scutum,Scutum,Shields,Regional/uncertain client entry excluded from merchant (Server=jRO)
28906,Shield_Of_Flame,Shield Of Flame,Shields,Regional/uncertain client entry excluded from merchant (Server=jRO)
28907,Shield_Of_Gust,Shield Of Gust,Shields,Regional/uncertain client entry excluded from merchant (Server=jRO)
28908,BIgShield_Of_Water,Shield Of Water,Shields,Regional/uncertain client entry excluded from merchant (Server=jRO)
28909,Shield_Of_Earth,Shield Of Earth,Shields,Regional/uncertain client entry excluded from merchant (Server=jRO)
28910,Imuke_Upper_Shield,Imuke Upper Shield,Shields,Regional/uncertain client entry excluded from merchant (Server=jRO)
28912,Rudo_Heart_Roll,Rudo's Rollpaper,Shields,Regional/uncertain client entry excluded from merchant (Server=jRO)
28915,Bunker_Shield_,Bunker Shield,Shields,Regional/uncertain client entry excluded from merchant (Server=jRO)
28916,Gaia_Shield,Gaia Shield,Shields,Regional/uncertain client entry excluded from merchant (Server=jRO)
28917,JP_Shield01_L,[Rental] Gaia Shield,Shields,Regional/uncertain client entry excluded from merchant (Server=jRO)
28918,Shield_Of_Chaos,Shield of Chaos,Shields,Regional/uncertain client entry excluded from merchant (Server=jRO)
28920,ShieldOfGuardsman_J,Diamond Shield,Shields,Regional/uncertain client entry excluded from merchant (Server=jRO)
28921,Anemos_Shield,Anemos Shield,Shields,Regional/uncertain client entry excluded from merchant (Server=jRO)
28927,Kings_Guard,King's Guard,Shields,Regional/uncertain client entry excluded from merchant (Server=jRO)
28928,Ultra_Light_MShieldJ,David Shield,Shields,Regional/uncertain client entry excluded from merchant (Server=jRO)
28929,HappyShield,Happy Shield,Shields,Regional/uncertain client entry excluded from merchant (Server=jRO)
28941,Excelion_Shield,Excelion Shield,Shields,Regional/uncertain client entry excluded from merchant (Server=jRO)
28943,Forbidden_Grimoire,Forbidden Spellbook,Shields,Regional/uncertain client entry excluded from merchant (Server=jRO)
28948,Doram_Shield,Doram Shield,Shields,Regional/uncertain client entry excluded from merchant (Server=jRO)
28950,Variant_Shield,Abyss Shield,Shields,Regional/uncertain client entry excluded from merchant (Server=jRO)
28951,Nero_Shield,Nero Shield,Shields,Regional/uncertain client entry excluded from merchant (Server=jRO)
28956,Jirant_Mirror,Witch Zilant's Mirror,Shields,Regional/uncertain client entry excluded from merchant (Server=jRO)
28982,Shield_Of_Angel_TH,Shield of Angel,Shields,Regional/uncertain client entry excluded from merchant (Server=iRO)
28984,Forbidden_Grimoire_TH,Forbidden Grimoire,Shields,Regional/uncertain client entry excluded from merchant (Server=iRO)
32000,Blue_Spear,Blue Spear,Weapons,Regional/uncertain client entry excluded from merchant (Server=jRO)
32001,Diva_Spear,Diva Spear,Weapons,Regional/uncertain client entry excluded from merchant (Server=jRO)
32002,Mirage_Spear,Mirage Spear,Weapons,Regional/uncertain client entry excluded from merchant (Server=jRO)
32003,Sinister_Spear_J,Spear of Evil,Weapons,Regional/uncertain client entry excluded from merchant (Server=jRO)
32007,Jirant_Spear,God Eater Dragon Spear,Weapons,Regional/uncertain client entry excluded from merchant (Server=jRO)
32012,Metal_Stick_J,Metal Stick,Weapons,Regional/uncertain client entry excluded from merchant (Server=jRO)
32014,Blut_Spear,Brute Spear,Weapons,Regional/uncertain client entry excluded from merchant (Server=jRO)
32017,Variant_Spear,Abyss Spear,Weapons,Regional/uncertain client entry excluded from merchant (Server=jRO)
32105,Variant_Viollin,Abyss Violin,Weapons,Regional/uncertain client entry excluded from merchant (Server=jRO)
32106,Variant_Blade_Whip,Abyss Blade Whip,Weapons,Regional/uncertain client entry excluded from merchant (Server=jRO)
32203,Accelerator_Chip,Accelerator Chip,Accessories,Regional/uncertain client entry excluded from merchant (Server=jRO)
32204,Immortal_Dog_Tag,Immortal Dog Tag,Accessories,Regional/uncertain client entry excluded from merchant (Server=jRO)
32206,Prta_Mil_Glove,Prontera Militia Glove,Accessories,Regional/uncertain client entry excluded from merchant (Server=jRO)
32222,Brooch_Of_Hero,Brooch of Hero,Accessories,Regional/uncertain client entry excluded from merchant (Server=jRO)
32227,Fenrir_Chain,Fenrir Chain,Accessories,Regional/uncertain client entry excluded from merchant (Server=jRO)
32234,UnrivaledRing,Unrivaled Ring,Accessories,Regional/uncertain client entry excluded from merchant (Server=jRO)
32242,Old_DetachmentsRing_J,Old Detachment Ring,Accessories,Regional/uncertain client entry excluded from merchant (Server=jRO)
32243,Star_Force_Ring_TW,Magic Star Ring,Accessories,Regional/uncertain client entry excluded from merchant (Server=twRO)
32246,Main_Memory_JP,Main Memory,Accessories,Regional/uncertain client entry excluded from merchant (Server=jRO)
32247,Leo_Ring_J,Leo Ring,Accessories,Regional/uncertain client entry excluded from merchant (Server=jRO)
32253,Cancer_Ring_J,Cancer Ring,Accessories,Regional/uncertain client entry excluded from merchant (Server=jRO)
32258,RingofJupiter,Ring of Jupiter,Accessories,Regional/uncertain client entry excluded from merchant (Server=jRO)
32262,Ball_Of_RasenHuuma,Rasen Fuma's Orb,Accessories,Regional/uncertain client entry excluded from merchant (Server=jRO)
32263,Shield_Ring,Shield Ring,Accessories,Regional/uncertain client entry excluded from merchant (Server=jRO)
32264,Taurus_Ring_J,Taurus Ring,Accessories,Regional/uncertain client entry excluded from merchant (Server=jRO)
32266,Aquarius_Ring_J,Aquarius Ring,Accessories,Regional/uncertain client entry excluded from merchant (Server=jRO)
32295,Crystal_Blade_Necklace,Crystal Blade Necklace,Accessories,Regional/uncertain client entry excluded from merchant (Server=jRO)
32296,Crystal_Blade_Necklace_,Crystal Blade Necklace,Accessories,Regional/uncertain client entry excluded from merchant (Server=jRO)
32300,Variant_Handgun,Abyss Hand Gun,Weapons,Regional/uncertain client entry excluded from merchant (Server=jRO)
400048,Gift_of_Panagia,Gift of Panagia,Headgear,Regional/uncertain client entry excluded from merchant (Server=jRO)
400113,Victory_Ear_JP,Victory Wing Ear,Headgear,Regional/uncertain client entry excluded from merchant (Server=jRO)
400177,Fafnir_Helm,Fafnir Helm,Headgear,Regional/uncertain client entry excluded from merchant (Server=jRO)
400194,NostalgiaCherryBlossom,Nostalgia Cherry Blossom,Headgear,Regional/uncertain client entry excluded from merchant (Server=jRO)
400203,Wolf_Officer_Hat,Wolf Officer Hat,Headgear,Regional/uncertain client entry excluded from merchant (Server=jRO)
400396,Ghost_Whisper,Ghost Whisper,Headgear,Regional/uncertain client entry excluded from merchant (Server=jRO)
400400,Red_Baby_Dragon_LT,Baby Red Dragon Hat-LT,Headgear,Regional/uncertain client entry excluded from merchant (Server=twRO)
400408,Clockwise,Clockwise,Headgear,Regional/uncertain client entry excluded from merchant (Server=jRO)
400506,Altair_Hat,Altair Hat,Headgear,Regional/uncertain client entry excluded from merchant (Server=jRO)
410000,Resonate_Taego_J,Ancient Resonance,Headgear,Regional/uncertain client entry excluded from merchant (Server=jRO)
410064,Diving_Goggles,Diving Goggles,Headgear,Regional/uncertain client entry excluded from merchant (Server=jRO)
410066,Professor_MiniGlass,Professor's Mini Glasses,Headgear,Regional/uncertain client entry excluded from merchant (Server=jRO)
410071,Demons_Familiar_,Demons Familiar,Headgear,Regional/uncertain client entry excluded from merchant (Server=jRO)
410088,Supplement_P_Income,Powered Income,Headgear,Regional/uncertain client entry excluded from merchant (Server=jRO)
410119,Guardian_Helm,Guardian Helm,Headgear,Regional/uncertain client entry excluded from merchant (Server=jRO)
410120,Guardian_Helm_,Guardian Helm,Headgear,Regional/uncertain client entry excluded from merchant (Server=jRO)
410129,Phantom_Ear,Phantom Ears,Headgear,Regional/uncertain client entry excluded from merchant (Server=jRO)
410130,Phantom_Ear_,Phantom Ears,Headgear,Regional/uncertain client entry excluded from merchant (Server=jRO)
410139,Hairband_Of_Asmodeus,Wings of Asmodeus,Headgear,Regional/uncertain client entry excluded from merchant (Server=jRO)
410140,Hairband_Of_Asmodeus_,Wings of Asmodeus,Headgear,Regional/uncertain client entry excluded from merchant (Server=jRO)
410185,Rebel_Pocket_Watch,Rebellion Pocket Watch,Headgear,Regional/uncertain client entry excluded from merchant (Server=jRO)
410215,Ear_OF_Spirit,Spirit Ears,Headgear,Regional/uncertain client entry excluded from merchant (Server=iRO)
410216,Ear_OF_Abyss,Abyss Ears,Headgear,Regional/uncertain client entry excluded from merchant (Server=iRO)
410333,Karasu_TenguMask_,Karasu Tengu Mask,Headgear,Regional/uncertain client entry excluded from merchant (Server=iRO)
410342,Purified_Pigeon_US,Purified Pigeon,Headgear,Regional/uncertain client entry excluded from merchant (Server=iRO)
410345,Clown_Smiling_,Clown Smiling,Headgear,Regional/uncertain client entry excluded from merchant (Server=iRO)
420006,Vassalage_Necklace,Vassalage Necklace,Headgear,Regional/uncertain client entry excluded from merchant (Server=jRO)
420093,Einherial_Mantle,Einherjar Manteau,Headgear,Regional/uncertain client entry excluded from merchant (Server=jRO)
420160,Cons_Of_Earth_J,Tyrant of Earth,Headgear,Regional/uncertain client entry excluded from merchant (Server=jRO)
420164,Sleep_RedSheep,Dreaming Red Sheep,Headgear,Regional/uncertain client entry excluded from merchant (Server=jRO)
420182,Book_of_Sorcery,Book of Sorcery,Headgear,Regional/uncertain client entry excluded from merchant (Server=jRO)
420187,Sacred_Lapel,Sacred Lapel,Headgear,Regional/uncertain client entry excluded from merchant (Server=jRO)
420199,Ghost_Fire,Phantom Fireball,Headgear,Regional/uncertain client entry excluded from merchant (Server=iRO)
420236,Moroc_Slave_TW,Loyal Servant of the Demon Lord Morroc,Headgear,Regional/uncertain client entry excluded from merchant (Server=iRO)
420239,Adventure_Clover,Adventure Clover,Headgear,Regional/uncertain client entry excluded from merchant (Server=iRO)
420246,Arbitrator_Shawl_US,Arbitrator Shawl,Headgear,Regional/uncertain client entry excluded from merchant (Server=iRO)
420310,Frozen_Flower_US,Plastic Blue Rose,Headgear,Regional/uncertain client entry excluded from merchant (Server=iRO)
420312,Faisca_US,Sparkling Stick,Headgear,Regional/uncertain client entry excluded from merchant (Server=iRO)
420313,Pires_US,Mysterious Red Plate,Headgear,Regional/uncertain client entry excluded from merchant (Server=iRO)
420314,White_Fox_US,Calming White Fox,Headgear,Regional/uncertain client entry excluded from merchant (Server=iRO)
420315,Morcegos_US,Naughty Bats,Headgear,Regional/uncertain client entry excluded from merchant (Server=iRO)
450132,Magical_Cloth,Magical Cloth,Armor,Regional/uncertain client entry excluded from merchant (Server=jRO)
450143,Samael_Dress,Red Serpent Dress,Armor,Regional/uncertain client entry excluded from merchant (Server=jRO)
450165,Striking_Mail,Striking Mail,Armor,Regional/uncertain client entry excluded from merchant (Server=jRO)
450176,Supplement_Part_Wing,Powered Wing,Garments,Regional/uncertain client entry excluded from merchant (Server=jRO)
450180,Cute_Frog_Raincoat,Cute Frog Raincoat,Armor,Regional/uncertain client entry excluded from merchant (Server=jRO)
450208,Paracelsus_Coat,Paracelsus Coat,Armor,Regional/uncertain client entry excluded from merchant (Server=jRO)
450209,Imp_Powered_Suit,Imp Powered Suit,Armor,Regional/uncertain client entry excluded from merchant (Server=jRO)
450210,Fluffy_Shark_Pajama,Fluffy Shark Pajama,Armor,Regional/uncertain client entry excluded from merchant (Server=jRO)
450214,Dark_Triad,Dark Triad,Armor,Regional/uncertain client entry excluded from merchant (Server=jRO)
450216,Twinhead_dragon_Mail_J,Twinhead Dragon Mail,Armor,Regional/uncertain client entry excluded from merchant (Server=jRO)
450242,Elemental_Possession,Elemental Possession,Armor,Regional/uncertain client entry excluded from merchant (Server=jRO)
450251,Assault_Suit,Assault Suits,Armor,Regional/uncertain client entry excluded from merchant (Server=jRO)
450257,Platinum_Arbitrator,Platinum Arbitrator,Armor,Regional/uncertain client entry excluded from merchant (Server=jRO)
450258,Loud_Park,Loud Park,Armor,Regional/uncertain client entry excluded from merchant (Server=jRO)
450272,B_Celine_D_LT_TW,Celine's Dress-LT,Armor,Regional/uncertain client entry excluded from merchant (Server=twRO)
450299,Temporal_Armor_TW_LT,Exotic Temporal Armor-LT,Armor,Regional/uncertain client entry excluded from merchant (Server=twRO)
460003,Feather_Shield,Feather Shield,Shields,Regional/uncertain client entry excluded from merchant (Server=jRO)
460010,Witchslayer_Greatshield,Witch Hunt Shield,Shields,Regional/uncertain client entry excluded from merchant (Server=jRO)
460023,Shield_Of_Phoenix,Shield of Phoenix,Shields,Regional/uncertain client entry excluded from merchant (Server=jRO)
460052,Striking_Armguard,Striking Gauntlet,Shields,Regional/uncertain client entry excluded from merchant (Server=jRO)
460057,Spenta_Armaiti,Spenta Armaiti,Shields,Regional/uncertain client entry excluded from merchant (Server=jRO)
470006,Sniping_Shoes_J,Sniping Shoes,Shoes,Regional/uncertain client entry excluded from merchant (Server=jRO)
470008,Fluffy_DandelionShoes_J,Fluffy Dandelion Shoes,Shoes,Regional/uncertain client entry excluded from merchant (Server=jRO)
470025,Pretty_PigShoes,Cute Little Boar Shoes,Shoes,Regional/uncertain client entry excluded from merchant (Server=jRO)
470026,Pretty_PigShoes_,Cute Little Boar Shoes,Shoes,Regional/uncertain client entry excluded from merchant (Server=jRO)
470027,Juggernaut,Juggernaut,Shoes,Regional/uncertain client entry excluded from merchant (Server=jRO)
470036,Military_Boots_IL,Illusion Military Boots,Shoes,Regional/uncertain client entry excluded from merchant (Server=jRO)
470048,Striking_Shoes,Striking Shoes,Shoes,Regional/uncertain client entry excluded from merchant (Server=jRO)
470056,Chaser_Shoes,Chaser's Shoes,Shoes,Regional/uncertain client entry excluded from merchant (Server=jRO)
470057,Chaser_Shoes_,Pursuiter Shoes,Shoes,Regional/uncertain client entry excluded from merchant (Server=jRO)
470060,Cylinder_Boots,Cylinder Boots,Shoes,Regional/uncertain client entry excluded from merchant (Server=jRO)
470061,Cylinder_Boots_,Cylinder Boots,Shoes,Regional/uncertain client entry excluded from merchant (Server=jRO)
470062,Lethargy_P_Shoes,Lethargy Thoughtform Shoes,Shoes,Regional/uncertain client entry excluded from merchant (Server=jRO)
470084,Rune_Greave_JP,Rune Greaves,Shoes,Regional/uncertain client entry excluded from merchant (Server=jRO)
470097,HalfBloodPrincess_Shoes,Demon Hunting Shoes,Shoes,Regional/uncertain client entry excluded from merchant (Server=jRO)
470105,Shoes_Of_Judex,Purge Shoes,Shoes,Regional/uncertain client entry excluded from merchant (Server=jRO)
470106,Shoes_Of_Judex_,Shoes of Purge,Shoes,Regional/uncertain client entry excluded from merchant (Server=jRO)
470112,Moaning_of_EvilSpirits,Moaning of Evil Spirits,Shoes,Regional/uncertain client entry excluded from merchant (Server=jRO)
470113,Hollow_Shoes_,Awakening Hollow Shoes,Shoes,Regional/uncertain client entry excluded from merchant (Server=jRO)
470130,End_of_the_World,End of the World,Shoes,Regional/uncertain client entry excluded from merchant (Server=jRO)
470183,Temporal_Boots_LT_TW,Exotic Temporal Boots-LT,Shoes,Regional/uncertain client entry excluded from merchant (Server=twRO)
470192,Fifth_Element,Fifth Element,Shoes,Regional/uncertain client entry excluded from merchant (Server=jRO)
470247,Mid_Knight_Shoes,Knight's Boots of Midgard,Shoes,Regional/uncertain client entry excluded from merchant (Server=iRO)
470254,KenZen_Ichinyo,Will of Sword and Zen,Shoes,Regional/uncertain client entry excluded from merchant (Server=jRO)
470255,Zodiac_Boots_SM,Zodiac Boots (Swordsman),Shoes,Regional/uncertain client entry excluded from merchant (Server=iRO)
470266,Mythical_Moonlight_US,Mythical Moonlight Paw,Shoes,Regional/uncertain client entry excluded from merchant (Server=iRO)
480023,Arabian_Manteau,Arabian Manteau,Garments,Regional/uncertain client entry excluded from merchant (Server=jRO)
480045,Guardian_Soul,Guardian Soul,Garments,Regional/uncertain client entry excluded from merchant (Server=jRO)
480064,Storm_Muffler,Storm Muffler,Garments,Regional/uncertain client entry excluded from merchant (Server=jRO)
480075,Baby_Boar_Bib,Baby Boar Bib,Garments,Regional/uncertain client entry excluded from merchant (Server=jRO)
480081,Glotoneria,Glotoneria,Garments,Regional/uncertain client entry excluded from merchant (Server=jRO)
480084,Fafnir_Manteau,Fafnir Breath,Garments,Regional/uncertain client entry excluded from merchant (Server=jRO)
480094,ErymanthianSkin,Erymanthian Skin,Garments,Regional/uncertain client entry excluded from merchant (Server=jRO)
480114,Striking_Mikoshi,Striking Mikoshi,Garments,Regional/uncertain client entry excluded from merchant (Server=jRO)
480134,Avareco,Avareco,Garments,Regional/uncertain client entry excluded from merchant (Server=jRO)
480149,Battle_Aura_Manteau_TW,Battle Aura Manteau,Garments,Regional/uncertain client entry excluded from merchant (Server=iRO)
480228,Day_of_the_Dead,Dia de Muertos,Garments,Regional/uncertain client entry excluded from merchant (Server=jRO)
480306,Dual_SW_Cape,Dual Shadow World Cloak,Garments,Regional/uncertain client entry excluded from merchant (Server=iRO)
480312,Temporal_Cape_TW_LT,Exotic Temporal Manteau-LT,Garments,Regional/uncertain client entry excluded from merchant (Server=twRO)
480365,Fallen_Protect_Manteau,Fallen Protect Manteau,Garments,Regional/uncertain client entry excluded from merchant (Server=iRO)
480479,Royal_Prontera_US,Royal Prontera Cape,Garments,Regional/uncertain client entry excluded from merchant (Server=iRO)
480504,Royal_Payon_US,Royal Payon Cape,Garments,Regional/uncertain client entry excluded from merchant (Server=iRO)
480520,Royal_Geffen_US,Royal Geffen Cape,Garments,Regional/uncertain client entry excluded from merchant (Server=iRO)
480539,Royal_Nightwatch_US,Royal Nightwatch Cape,Garments,Regional/uncertain client entry excluded from merchant (Server=iRO)
480540,Royal_Alberta_US,Royal Alberta Cape,Garments,Regional/uncertain client entry excluded from merchant (Server=iRO)
490010,Virgo_Ring_J,Virgo Ring,Accessories,Regional/uncertain client entry excluded from merchant (Server=jRO)
490013,Devil_Ring,Devil Ring,Accessories,Regional/uncertain client entry excluded from merchant (Server=jRO)
490016,Bracelet_Of_Puppet,Puppet Bracelet,Accessories,Regional/uncertain client entry excluded from merchant (Server=jRO)
490022,TrustRing,Thunder Ring,Accessories,Regional/uncertain client entry excluded from merchant (Server=jRO)
490029,Geffenia_Magictool_Ice,Geffenia Ice Magic Tool,Accessories,Regional/uncertain client entry excluded from merchant (Server=jRO)
490035,Pendant_of_Solomon,Solomon's Pendant,Accessories,Regional/uncertain client entry excluded from merchant (Server=jRO)
490036,Pendant_of_Solomon_,Solomon's Pendant,Accessories,Regional/uncertain client entry excluded from merchant (Server=jRO)
490037,Dark_Ring,Dark Ring,Accessories,Regional/uncertain client entry excluded from merchant (Server=jRO)
490038,Sixth_Sense_Ring,Sixth Sense Ring,Accessories,Regional/uncertain client entry excluded from merchant (Server=jRO)
490041,Sagittarius_Ring_J,Sagittarius Ring,Accessories,Regional/uncertain client entry excluded from merchant (Server=jRO)
490043,HalfBlood_Princess_Ring,Half Blood Princess Ring,Accessories,Regional/uncertain client entry excluded from merchant (Server=jRO)
490068,RingofVenus,Ring of Venus,Accessories,Regional/uncertain client entry excluded from merchant (Server=jRO)
490076,Ring_Of_Nature,Ring of Nature,Accessories,Regional/uncertain client entry excluded from merchant (Server=jRO)
490079,SoulExpansionRing,Soul Expansion Ring,Accessories,Regional/uncertain client entry excluded from merchant (Server=jRO)
490083,Themis_Balance,Themis Balance,Accessories,Regional/uncertain client entry excluded from merchant (Server=jRO)
490096,Ring_Of_Hunter,Ring of Hunter,Accessories,Regional/uncertain client entry excluded from merchant (Server=jRO)
490098,Ring_of_Pazuzu,Ring of Pazuzu,Accessories,Regional/uncertain client entry excluded from merchant (Server=jRO)
490102,Skull_Ring,Skull Ring,Accessories,Regional/uncertain client entry excluded from merchant (Server=jRO)
490104,Ring_Of_Phoenix,Ring of Phoenix,Accessories,Regional/uncertain client entry excluded from merchant (Server=jRO)
490110,Anulus_Ira,Anulus Ira,Accessories,Regional/uncertain client entry excluded from merchant (Server=jRO)
490113,Jasper_Ring,Jasper Ring,Accessories,Regional/uncertain client entry excluded from merchant (Server=jRO)
490118,RingOfAdoramus,Ring of Adoramus,Accessories,Regional/uncertain client entry excluded from merchant (Server=jRO)
490130,SkynetBlowRing,Sky Blow Ring,Accessories,Regional/uncertain client entry excluded from merchant (Server=jRO)
490141,Metal_Pick,Metal Pick,Accessories,Regional/uncertain client entry excluded from merchant (Server=jRO)
490145,Ring_Of_Ceryneian,Ring of Ceryneian,Accessories,Regional/uncertain client entry excluded from merchant (Server=jRO)
490146,Paracelsus_Glove,Paracelsus Glove,Accessories,Regional/uncertain client entry excluded from merchant (Server=jRO)
490149,Glittering_Cat_Choker,Glittering Cat Choker,Accessories,Regional/uncertain client entry excluded from merchant (Server=jRO)
490183,Military_Glove,Military Glove,Accessories,Regional/uncertain client entry excluded from merchant (Server=jRO)
490193,Traveler_Ring,Traveler Ring,Accessories,Regional/uncertain client entry excluded from merchant (Server=jRO)
490207,Memento_Mori,Memento Mori,Accessories,Regional/uncertain client entry excluded from merchant (Server=jRO)
490221,Record_Swordsman_TH,Record of Swordsman,Accessories,Regional/uncertain client entry excluded from merchant (Server=iRO)
490229,Record_Thief_TH,Record of Thief,Accessories,Regional/uncertain client entry excluded from merchant (Server=iRO)
490234,Copy_Book_Concen,Book of Copying - Concentration Chapter,Accessories,Regional/uncertain client entry excluded from merchant (Server=iRO)
490239,Record_Merchant_TH,Record of Merchant,Accessories,Regional/uncertain client entry excluded from merchant (Server=iRO)
490243,Ring_of_SilverClaw,Ring of Silver Claw,Accessories,Regional/uncertain client entry excluded from merchant (Server=jRO)
490244,Cardinal_Ring,Cardinal Ring,Accessories,Regional/uncertain client entry excluded from merchant (Server=jRO)
490258,Time_Thief_Earring,Time Thief Crystal Earrings,Accessories,Regional/uncertain client entry excluded from merchant (Server=iRO)
490288,Record_Mage_TH,Record of Mage,Accessories,Regional/uncertain client entry excluded from merchant (Server=iRO)
490319,YSF01_Ring,Y.S.F. Ring,Accessories,Regional/uncertain client entry excluded from merchant (Server=jRO)
490334,Record_Acol_TH,Record of Acolyte,Accessories,Regional/uncertain client entry excluded from merchant (Server=iRO)
490359,Lord_of_Elemental,Lord of Elemental,Accessories,Regional/uncertain client entry excluded from merchant (Server=jRO)
490376,Record_Swordsman2_TH,Record of Swordsman 2,Accessories,Regional/uncertain client entry excluded from merchant (Server=iRO)
490381,Majesty_of_Yggdrasil_,Majesty of Yggdrasil,Accessories,Regional/uncertain client entry excluded from merchant (Server=jRO)
490394,Record_Thief2_TH,Record of Thief 2,Accessories,Regional/uncertain client entry excluded from merchant (Server=iRO)
490396,Establish,Establish,Accessories,Regional/uncertain client entry excluded from merchant (Server=jRO)
490400,Record_Archer_TH,Record of Archer,Accessories,Regional/uncertain client entry excluded from merchant (Server=iRO)
490404,Temporal_Ring_TW_LT,Temporal Ring-LT,Accessories,Regional/uncertain client entry excluded from merchant (Server=twRO)
490410,Into_The_Abyss,Intuiabis,Accessories,Regional/uncertain client entry excluded from merchant (Server=jRO)
490411,Record_Merchant2_TH,Record of Merchant 2,Accessories,Regional/uncertain client entry excluded from merchant (Server=iRO)
490413,Twin_Dragon_Ring_TH,Twin Head Dragon Ring,Accessories,Regional/uncertain client entry excluded from merchant (Server=iRO)
490418,Record_Mage2_TH,Record of Mage 2,Accessories,Regional/uncertain client entry excluded from merchant (Server=iRO)
490427,Ring_Of_Storm,Ring of Storm,Accessories,Regional/uncertain client entry excluded from merchant (Server=jRO)
490429,Petal_Tail_W,Petal's Tail (Albino),Accessories,Regional/uncertain client entry excluded from merchant (Server=jRO)
490430,Record_Archer2_TH,Record of Archer 2,Accessories,Regional/uncertain client entry excluded from merchant (Server=iRO)
490436,Record_Acol2_TH,Record of Acolyte 2,Accessories,Regional/uncertain client entry excluded from merchant (Server=iRO)
490452,2023Seppay_01,Ring of Despair-LT,Accessories,Regional/uncertain client entry excluded from merchant (Server=iRO)
490466,Fallen_Seraphim_ring,Fallen Seraphim Ring,Accessories,Regional/uncertain client entry excluded from merchant (Server=iRO)
490471,Ring_of_Artemis,Ring of Artemis,Accessories,Regional/uncertain client entry excluded from merchant (Server=jRO)
490570,4Element_magic_ring,Elemental Ring,Accessories,Regional/uncertain client entry excluded from merchant (Server=iRO)
520003,Scythe_Of_Ice_Flame,Scythe of Ice Flame,Weapons,Regional/uncertain client entry excluded from merchant (Server=jRO)
550021,Deus_Ex_Machina_JP,Deus Ex Machina,Weapons,Regional/uncertain client entry excluded from merchant (Server=jRO)
